WorkloadId,Status,Instance,Region,Mode,Created,Completed,QPU,Usage (seconds),User,Tags,Account
d97q508tcv6s73dl9fv0,completed,crn:v1:bluemix:public:quantum-computing:us-east:a/8fd6ad12bccb4470bdbdbf3df0f65389:3a1a1f3e-2262-4790-867a-fe146c2f7f2d::,us-east,job,2026-07-09T13:30:41.632Z,2026-07-09T13:37:43.689Z,ibm_fez,4,Javier Romero Álvarez,,8fd6ad12bccb4470bdbdbf3df0f65389
d97q2gaf47jc73a72qbg,completed,crn:v1:bluemix:public:quantum-computing:us-east:a/8fd6ad12bccb4470bdbdbf3df0f65389:3a1a1f3e-2262-4790-867a-fe146c2f7f2d::,us-east,job,2026-07-09T13:25:21.532Z,2026-07-09T13:25:37.404Z,ibm_fez,4,Javier Romero Álvarez,,8fd6ad12bccb4470bdbdbf3df0f65389
d97q000tcv6s73dl98v0,completed,crn:v1:bluemix:public:quantum-computing:us-east:a/8fd6ad12bccb4470bdbdbf3df0f65389:3a1a1f3e-2262-4790-867a-fe146c2f7f2d::,us-east,job,2026-07-09T13:20:00.149Z,2026-07-09T13:20:19.460Z,ibm_fez,4,Javier Romero Álvarez,,8fd6ad12bccb4470bdbdbf3df0f65389
d97ptet2su3c739ie1i0,completed,crn:v1:bluemix:public:quantum-computing:us-east:a/8fd6ad12bccb4470bdbdbf3df0f65389:3a1a1f3e-2262-4790-867a-fe146c2f7f2d::,us-east,job,2026-07-09T13:14:35.570Z,2026-07-09T13:14:51.116Z,ibm_fez,4,Javier Romero Álvarez,,8fd6ad12bccb4470bdbdbf3df0f65389
d97ppvkqp3as739s34j0,completed,crn:v1:bluemix:public:quantum-computing:us-east:a/8fd6ad12bccb4470bdbdbf3df0f65389:3a1a1f3e-2262-4790-867a-fe146c2f7f2d::,us-east,job,2026-07-09T13:07:10.567Z,2026-07-09T13:09:27.551Z,ibm_fez,4,Javier Romero Álvarez,,8fd6ad12bccb4470bdbdbf3df0f65389
d97pnf8tcv6s73dl8tu0,completed,crn:v1:bluemix:public:quantum-computing:us-east:a/8fd6ad12bccb4470bdbdbf3df0f65389:3a1a1f3e-2262-4790-867a-fe146c2f7f2d::,us-east,job,2026-07-09T13:01:49.609Z,2026-07-09T13:02:04.823Z,ibm_fez,4,Javier Romero Álvarez,,8fd6ad12bccb4470bdbdbf3df0f65389
d97pjokqp3as739s2ttg,completed,crn:v1:bluemix:public:quantum-computing:us-east:a/8fd6ad12bccb4470bdbdbf3df0f65389:3a1a1f3e-2262-4790-867a-fe146c2f7f2d::,us-east,job,2026-07-09T12:53:54.861Z,2026-07-09T12:56:49.286Z,ibm_fez,4,Javier Romero Álvarez,,8fd6ad12bccb4470bdbdbf3df0f65389
d97pgg2f47jc73a724g0,completed,crn:v1:bluemix:public:quantum-computing:us-east:a/8fd6ad12bccb4470bdbdbf3df0f65389:3a1a1f3e-2262-4790-867a-fe146c2f7f2d::,us-east,job,2026-07-09T12:46:56.385Z,2026-07-09T12:48:52.852Z,ibm_fez,4,Javier Romero Álvarez,,8fd6ad12bccb4470bdbdbf3df0f65389
d97pds52su3c739idgpg,completed,crn:v1:bluemix:public:quantum-computing:us-east:a/8fd6ad12bccb4470bdbdbf3df0f65389:3a1a1f3e-2262-4790-867a-fe146c2f7f2d::,us-east,job,2026-07-09T12:41:20.331Z,2026-07-09T12:41:52.008Z,ibm_fez,4,Javier Romero Álvarez,,8fd6ad12bccb4470bdbdbf3df0f65389
d97p4h0tcv6s73dl8ac0,completed,crn:v1:bluemix:public:quantum-computing:us-east:a/8fd6ad12bccb4470bdbdbf3df0f65389:3a1a1f3e-2262-4790-867a-fe146c2f7f2d::,us-east,job,2026-07-09T12:21:24.543Z,2026-07-09T12:36:15.260Z,ibm_fez,4,Javier Romero Álvarez,,8fd6ad12bccb4470bdbdbf3df0f65389
d97p200tcv6s73dl86sg,completed,crn:v1:bluemix:public:quantum-computing:us-east:a/8fd6ad12bccb4470bdbdbf3df0f65389:3a1a1f3e-2262-4790-867a-fe146c2f7f2d::,us-east,job,2026-07-09T12:16:00.958Z,2026-07-09T12:16:21.020Z,ibm_fez,4,Javier Romero Álvarez,,8fd6ad12bccb4470bdbdbf3df0f65389
d97ovgcqp3as739s28bg,completed,crn:v1:bluemix:public:quantum-computing:us-east:a/8fd6ad12bccb4470bdbdbf3df0f65389:3a1a1f3e-2262-4790-867a-fe146c2f7f2d::,us-east,job,2026-07-09T12:10:41.976Z,2026-07-09T12:10:58.937Z,ibm_fez,4,Javier Romero Álvarez,,8fd6ad12bccb4470bdbdbf3df0f65389
d97osut2su3c739icu70,completed,crn:v1:bluemix:public:quantum-computing:us-east:a/8fd6ad12bccb4470bdbdbf3df0f65389:3a1a1f3e-2262-4790-867a-fe146c2f7f2d::,us-east,job,2026-07-09T12:05:15.689Z,2026-07-09T12:05:39.573Z,ibm_fez,4,Javier Romero Álvarez,,8fd6ad12bccb4470bdbdbf3df0f65389
d97oqecqp3as739s219g,completed,crn:v1:bluemix:public:quantum-computing:us-east:a/8fd6ad12bccb4470bdbdbf3df0f65389:3a1a1f3e-2262-4790-867a-fe146c2f7f2d::,us-east,job,2026-07-09T11:59:53.920Z,2026-07-09T12:00:10.437Z,ibm_fez,4,Javier Romero Álvarez,,8fd6ad12bccb4470bdbdbf3df0f65389
d97ongcqp3as739s1u20,completed,crn:v1:bluemix:public:quantum-computing:us-east:a/8fd6ad12bccb4470bdbdbf3df0f65389:3a1a1f3e-2262-4790-867a-fe146c2f7f2d::,us-east,job,2026-07-09T11:53:38.050Z,2026-07-09T11:54:49.783Z,ibm_fez,4,Javier Romero Álvarez,,8fd6ad12bccb4470bdbdbf3df0f65389
d97oftt2su3c739icefg,completed,crn:v1:bluemix:public:quantum-computing:us-east:a/8fd6ad12bccb4470bdbdbf3df0f65389:3a1a1f3e-2262-4790-867a-fe146c2f7f2d::,us-east,job,2026-07-09T11:37:27.334Z,2026-07-09T11:48:32.824Z,ibm_fez,4,Javier Romero Álvarez,,8fd6ad12bccb4470bdbdbf3df0f65389
d97odel2su3c739icc4g,completed,crn:v1:bluemix:public:quantum-computing:us-east:a/8fd6ad12bccb4470bdbdbf3df0f65389:3a1a1f3e-2262-4790-867a-fe146c2f7f2d::,us-east,job,2026-07-09T11:32:10.235Z,2026-07-09T11:32:26.135Z,ibm_fez,4,Javier Romero Álvarez,,8fd6ad12bccb4470bdbdbf3df0f65389
d97oamif47jc73a70qqg,completed,crn:v1:bluemix:public:quantum-computing:us-east:a/8fd6ad12bccb4470bdbdbf3df0f65389:3a1a1f3e-2262-4790-867a-fe146c2f7f2d::,us-east,job,2026-07-09T11:26:19.012Z,2026-07-09T11:27:05.439Z,ibm_fez,4,Javier Romero Álvarez,,8fd6ad12bccb4470bdbdbf3df0f65389
d97o872f47jc73a70ogg,completed,crn:v1:bluemix:public:quantum-computing:us-east:a/8fd6ad12bccb4470bdbdbf3df0f65389:3a1a1f3e-2262-4790-867a-fe146c2f7f2d::,us-east,job,2026-07-09T11:21:00.595Z,2026-07-09T11:21:16.880Z,ibm_fez,4,Javier Romero Álvarez,,8fd6ad12bccb4470bdbdbf3df0f65389
d97o5k0tcv6s73dl786g,completed,crn:v1:bluemix:public:quantum-computing:us-east:a/8fd6ad12bccb4470bdbdbf3df0f65389:3a1a1f3e-2262-4790-867a-fe146c2f7f2d::,us-east,job,2026-07-09T11:15:28.044Z,2026-07-09T11:15:58.933Z,ibm_fez,4,Javier Romero Álvarez,,8fd6ad12bccb4470bdbdbf3df0f65389
d97o15if47jc73a70gug,completed,crn:v1:bluemix:public:quantum-computing:us-east:a/8fd6ad12bccb4470bdbdbf3df0f65389:3a1a1f3e-2262-4790-867a-fe146c2f7f2d::,us-east,job,2026-07-09T11:05:58.709Z,2026-07-09T11:10:25.704Z,ibm_fez,4,Javier Romero Álvarez,,8fd6ad12bccb4470bdbdbf3df0f65389
d97nuh4qp3as739s13mg,completed,crn:v1:bluemix:public:quantum-computing:us-east:a/8fd6ad12bccb4470bdbdbf3df0f65389:3a1a1f3e-2262-4790-867a-fe146c2f7f2d::,us-east,job,2026-07-09T11:00:20.636Z,2026-07-09T11:00:52.827Z,ibm_fez,4,Javier Romero Álvarez,,8fd6ad12bccb4470bdbdbf3df0f65389
d97nrdd2su3c739ibpig,failed,crn:v1:bluemix:public:quantum-computing:us-east:a/8fd6ad12bccb4470bdbdbf3df0f65389:3a1a1f3e-2262-4790-867a-fe146c2f7f2d::,us-east,job,2026-07-09T10:53:41.881Z,2026-07-09T10:53:58.444Z,ibm_fez,0,Javier Romero Álvarez,,8fd6ad12bccb4470bdbdbf3df0f65389
d97npdgtcv6s73dl6r20,canceled,crn:v1:bluemix:public:quantum-computing:us-east:a/8fd6ad12bccb4470bdbdbf3df0f65389:3a1a1f3e-2262-4790-867a-fe146c2f7f2d::,us-east,job,2026-07-09T10:49:26.332Z,2026-07-09T10:51:54.505Z,ibm_fez,0,Javier Romero Álvarez,,8fd6ad12bccb4470bdbdbf3df0f65389
d97np5if47jc73a708v0,completed,crn:v1:bluemix:public:quantum-computing:us-east:a/8fd6ad12bccb4470bdbdbf3df0f65389:3a1a1f3e-2262-4790-867a-fe146c2f7f2d::,us-east,job,2026-07-09T10:48:54.900Z,2026-07-09T10:55:15.408Z,ibm_fez,4,Javier Romero Álvarez,,8fd6ad12bccb4470bdbdbf3df0f65389
d97nmlaf47jc73a706ag,completed,crn:v1:bluemix:public:quantum-computing:us-east:a/8fd6ad12bccb4470bdbdbf3df0f65389:3a1a1f3e-2262-4790-867a-fe146c2f7f2d::,us-east,job,2026-07-09T10:43:33.656Z,2026-07-09T10:43:51.798Z,ibm_fez,4,Javier Romero Álvarez,,8fd6ad12bccb4470bdbdbf3df0f65389
d97njvqf47jc73a70360,completed,crn:v1:bluemix:public:quantum-computing:us-east:a/8fd6ad12bccb4470bdbdbf3df0f65389:3a1a1f3e-2262-4790-867a-fe146c2f7f2d::,us-east,job,2026-07-09T10:37:51.269Z,2026-07-09T10:38:29.044Z,ibm_fez,4,Javier Romero Álvarez,,8fd6ad12bccb4470bdbdbf3df0f65389
d97ngft2su3c739ibdgg,completed,crn:v1:bluemix:public:quantum-computing:us-east:a/8fd6ad12bccb4470bdbdbf3df0f65389:3a1a1f3e-2262-4790-867a-fe146c2f7f2d::,us-east,job,2026-07-09T10:30:23.586Z,2026-07-09T10:32:45.363Z,ibm_fez,4,Javier Romero Álvarez,,8fd6ad12bccb4470bdbdbf3df0f65389
d974c84qp3as739rab60,completed,crn:v1:bluemix:public:quantum-computing:us-east:a/8fd6ad12bccb4470bdbdbf3df0f65389:3a1a1f3e-2262-4790-867a-fe146c2f7f2d::,us-east,job,2026-07-08T12:44:16.924Z,2026-07-08T12:55:18.771Z,ibm_fez,4,Javier Romero Álvarez,,8fd6ad12bccb4470bdbdbf3df0f65389
d9744qcqp3as739ra2kg,completed,crn:v1:bluemix:public:quantum-computing:us-east:a/8fd6ad12bccb4470bdbdbf3df0f65389:3a1a1f3e-2262-4790-867a-fe146c2f7f2d::,us-east,job,2026-07-08T12:28:25.165Z,2026-07-08T12:39:06.414Z,ibm_fez,4,Javier Romero Álvarez,,8fd6ad12bccb4470bdbdbf3df0f65389
d973uqcqp3as739r9rmg,completed,crn:v1:bluemix:public:quantum-computing:us-east:a/8fd6ad12bccb4470bdbdbf3df0f65389:3a1a1f3e-2262-4790-867a-fe146c2f7f2d::,us-east,job,2026-07-08T12:15:37.199Z,2026-07-08T12:23:22.432Z,ibm_fez,4,Javier Romero Álvarez,,8fd6ad12bccb4470bdbdbf3df0f65389
d973oft2su3c739hkdjg,completed,crn:v1:bluemix:public:quantum-computing:us-east:a/8fd6ad12bccb4470bdbdbf3df0f65389:3a1a1f3e-2262-4790-867a-fe146c2f7f2d::,us-east,job,2026-07-08T12:02:07.232Z,2026-07-08T12:10:35.706Z,ibm_fez,4,Javier Romero Álvarez,,8fd6ad12bccb4470bdbdbf3df0f65389
d973f6cqp3as739r8t20,completed,crn:v1:bluemix:public:quantum-computing:us-east:a/8fd6ad12bccb4470bdbdbf3df0f65389:3a1a1f3e-2262-4790-867a-fe146c2f7f2d::,us-east,job,2026-07-08T11:42:17.298Z,2026-07-08T11:57:12.879Z,ibm_fez,4,Javier Romero Álvarez,,8fd6ad12bccb4470bdbdbf3df0f65389
d973cmsqp3as739r8pq0,completed,crn:v1:bluemix:public:quantum-computing:us-east:a/8fd6ad12bccb4470bdbdbf3df0f65389:3a1a1f3e-2262-4790-867a-fe146c2f7f2d::,us-east,job,2026-07-08T11:36:59.517Z,2026-07-08T11:37:15.838Z,ibm_fez,4,Javier Romero Álvarez,,8fd6ad12bccb4470bdbdbf3df0f65389
d973a6sqp3as739r8n20,completed,crn:v1:bluemix:public:quantum-computing:us-east:a/8fd6ad12bccb4470bdbdbf3df0f65389:3a1a1f3e-2262-4790-867a-fe146c2f7f2d::,us-east,job,2026-07-08T11:31:39.670Z,2026-07-08T11:31:55.961Z,ibm_fez,4,Javier Romero Álvarez,,8fd6ad12bccb4470bdbdbf3df0f65389
d9733s0tcv6s73dke5ag,completed,crn:v1:bluemix:public:quantum-computing:us-east:a/8fd6ad12bccb4470bdbdbf3df0f65389:3a1a1f3e-2262-4790-867a-fe146c2f7f2d::,us-east,job,2026-07-08T11:18:08.612Z,2026-07-08T11:26:35.024Z,ibm_fez,4,Javier Romero Álvarez,,8fd6ad12bccb4470bdbdbf3df0f65389
d972mul2su3c739hitng,completed,crn:v1:bluemix:public:quantum-computing:us-east:a/8fd6ad12bccb4470bdbdbf3df0f65389:3a1a1f3e-2262-4790-867a-fe146c2f7f2d::,us-east,job,2026-07-08T10:50:34.828Z,2026-07-08T11:13:06.683Z,ibm_fez,4,Javier Romero Álvarez,,8fd6ad12bccb4470bdbdbf3df0f65389
d9723v2f47jc73a66m1g,completed,crn:v1:bluemix:public:quantum-computing:us-east:a/8fd6ad12bccb4470bdbdbf3df0f65389:3a1a1f3e-2262-4790-867a-fe146c2f7f2d::,us-east,job,2026-07-08T10:10:04.966Z,2026-07-08T10:45:33.040Z,ibm_fez,4,Javier Romero Álvarez,,8fd6ad12bccb4470bdbdbf3df0f65389
d971t5qf47jc73a66eh0,completed,crn:v1:bluemix:public:quantum-computing:us-east:a/8fd6ad12bccb4470bdbdbf3df0f65389:3a1a1f3e-2262-4790-867a-fe146c2f7f2d::,us-east,job,2026-07-08T09:55:35.886Z,2026-07-08T10:04:57.526Z,ibm_fez,4,Javier Romero Álvarez,,8fd6ad12bccb4470bdbdbf3df0f65389
d970ggcqp3as739r52a0,completed,crn:v1:bluemix:public:quantum-computing:us-east:a/8fd6ad12bccb4470bdbdbf3df0f65389:3a1a1f3e-2262-4790-867a-fe146c2f7f2d::,us-east,job,2026-07-08T08:20:17.757Z,2026-07-08T09:50:33.493Z,ibm_fez,4,Javier Romero Álvarez,,8fd6ad12bccb4470bdbdbf3df0f65389
d96hkk8tcv6s73djpne0,failed,crn:v1:bluemix:public:quantum-computing:us-east:a/8fd6ad12bccb4470bdbdbf3df0f65389:3a1a1f3e-2262-4790-867a-fe146c2f7f2d::,us-east,job,2026-07-07T15:25:05.937Z,2026-07-07T15:26:02.922Z,ibm_fez,0,Javier Romero Álvarez,,8fd6ad12bccb4470bdbdbf3df0f65389
d96g3ssqp3as739qiea0,failed,crn:v1:bluemix:public:quantum-computing:us-east:a/8fd6ad12bccb4470bdbdbf3df0f65389:3a1a1f3e-2262-4790-867a-fe146c2f7f2d::,us-east,job,2026-07-07T13:41:07.924Z,2026-07-07T15:25:03.445Z,ibm_fez,0,Javier Romero Álvarez,,8fd6ad12bccb4470bdbdbf3df0f65389
d96fvid2su3c739gtft0,completed,crn:v1:bluemix:public:quantum-computing:us-east:a/8fd6ad12bccb4470bdbdbf3df0f65389:3a1a1f3e-2262-4790-867a-fe146c2f7f2d::,us-east,job,2026-07-07T13:31:53.152Z,2026-07-07T13:36:04.206Z,ibm_fez,4,Javier Romero Álvarez,,8fd6ad12bccb4470bdbdbf3df0f65389
d96fs2gtcv6s73djnns0,completed,crn:v1:bluemix:public:quantum-computing:us-east:a/8fd6ad12bccb4470bdbdbf3df0f65389:3a1a1f3e-2262-4790-867a-fe146c2f7f2d::,us-east,job,2026-07-07T13:24:26.814Z,2026-07-07T13:26:35.295Z,ibm_fez,4,Javier Romero Álvarez,,8fd6ad12bccb4470bdbdbf3df0f65389
d96fougtcv6s73djnjug,completed,crn:v1:bluemix:public:quantum-computing:us-east:a/8fd6ad12bccb4470bdbdbf3df0f65389:3a1a1f3e-2262-4790-867a-fe146c2f7f2d::,us-east,job,2026-07-07T13:17:46.878Z,2026-07-07T13:19:13.637Z,ibm_fez,4,Javier Romero Álvarez,,8fd6ad12bccb4470bdbdbf3df0f65389
d96flq2f47jc73a5hr0g,completed,crn:v1:bluemix:public:quantum-computing:us-east:a/8fd6ad12bccb4470bdbdbf3df0f65389:3a1a1f3e-2262-4790-867a-fe146c2f7f2d::,us-east,job,2026-07-07T13:11:04.131Z,2026-07-07T13:12:30.900Z,ibm_fez,4,Javier Romero Álvarez,,8fd6ad12bccb4470bdbdbf3df0f65389
d96fiq2f47jc73a5ho0g,completed,crn:v1:bluemix:public:quantum-computing:us-east:a/8fd6ad12bccb4470bdbdbf3df0f65389:3a1a1f3e-2262-4790-867a-fe146c2f7f2d::,us-east,job,2026-07-07T13:04:40.678Z,2026-07-07T13:05:51.794Z,ibm_fez,4,Javier Romero Álvarez,,8fd6ad12bccb4470bdbdbf3df0f65389
d96fepd2su3c739gstug,completed,crn:v1:bluemix:public:quantum-computing:us-east:a/8fd6ad12bccb4470bdbdbf3df0f65389:3a1a1f3e-2262-4790-867a-fe146c2f7f2d::,us-east,job,2026-07-07T12:56:05.536Z,2026-07-07T12:59:27.747Z,ibm_fez,4,Javier Romero Álvarez,,8fd6ad12bccb4470bdbdbf3df0f65389
d96fbs52su3c739gsqu0,completed,crn:v1:bluemix:public:quantum-computing:us-east:a/8fd6ad12bccb4470bdbdbf3df0f65389:3a1a1f3e-2262-4790-867a-fe146c2f7f2d::,us-east,job,2026-07-07T12:49:52.873Z,2026-07-07T12:50:57.688Z,ibm_fez,4,Javier Romero Álvarez,,8fd6ad12bccb4470bdbdbf3df0f65389
d96f8u4qp3as739qhh9g,completed,crn:v1:bluemix:public:quantum-computing:us-east:a/8fd6ad12bccb4470bdbdbf3df0f65389:3a1a1f3e-2262-4790-867a-fe146c2f7f2d::,us-east,job,2026-07-07T12:43:37.034Z,2026-07-07T12:44:41.618Z,ibm_fez,4,Javier Romero Álvarez,,8fd6ad12bccb4470bdbdbf3df0f65389
d96f5tqf47jc73a5h9vg,completed,crn:v1:bluemix:public:quantum-computing:us-east:a/8fd6ad12bccb4470bdbdbf3df0f65389:3a1a1f3e-2262-4790-867a-fe146c2f7f2d::,us-east,job,2026-07-07T12:37:11.951Z,2026-07-07T12:38:23.385Z,ibm_fez,4,Javier Romero Álvarez,,8fd6ad12bccb4470bdbdbf3df0f65389
d96f2st2su3c739gshu0,completed,crn:v1:bluemix:public:quantum-computing:us-east:a/8fd6ad12bccb4470bdbdbf3df0f65389:3a1a1f3e-2262-4790-867a-fe146c2f7f2d::,us-east,job,2026-07-07T12:30:43.056Z,2026-07-07T12:32:11.604Z,ibm_fez,4,Javier Romero Álvarez,,8fd6ad12bccb4470bdbdbf3df0f65389
d96euiotcv6s73djmo6g,completed,crn:v1:bluemix:public:quantum-computing:us-east:a/8fd6ad12bccb4470bdbdbf3df0f65389:3a1a1f3e-2262-4790-867a-fe146c2f7f2d::,us-east,job,2026-07-07T12:21:31.320Z,2026-07-07T12:25:43.683Z,ibm_fez,4,Javier Romero Álvarez,,8fd6ad12bccb4470bdbdbf3df0f65389
d96eo7sqp3as739qgv0g,completed,crn:v1:bluemix:public:quantum-computing:us-east:a/8fd6ad12bccb4470bdbdbf3df0f65389:3a1a1f3e-2262-4790-867a-fe146c2f7f2d::,us-east,job,2026-07-07T12:07:59.845Z,2026-07-07T12:16:24.460Z,ibm_fez,4,Javier Romero Álvarez,,8fd6ad12bccb4470bdbdbf3df0f65389
d96ej2kqp3as739qgoj0,completed,crn:v1:bluemix:public:quantum-computing:us-east:a/8fd6ad12bccb4470bdbdbf3df0f65389:3a1a1f3e-2262-4790-867a-fe146c2f7f2d::,us-east,job,2026-07-07T11:56:58.643Z,2026-07-07T12:02:55.987Z,ibm_fez,4,Javier Romero Álvarez,,8fd6ad12bccb4470bdbdbf3df0f65389
d96eg1l2su3c739grs50,completed,crn:v1:bluemix:public:quantum-computing:us-east:a/8fd6ad12bccb4470bdbdbf3df0f65389:3a1a1f3e-2262-4790-867a-fe146c2f7f2d::,us-east,job,2026-07-07T11:50:30.415Z,2026-07-07T11:51:57.109Z,ibm_fez,4,Javier Romero Álvarez,,8fd6ad12bccb4470bdbdbf3df0f65389
d96ec9t2su3c739grnt0,completed,crn:v1:bluemix:public:quantum-computing:us-east:a/8fd6ad12bccb4470bdbdbf3df0f65389:3a1a1f3e-2262-4790-867a-fe146c2f7f2d::,us-east,job,2026-07-07T11:42:31.706Z,2026-07-07T11:45:33.827Z,ibm_fez,4,Javier Romero Álvarez,,8fd6ad12bccb4470bdbdbf3df0f65389
d96e98cqp3as739qgcug,completed,crn:v1:bluemix:public:quantum-computing:us-east:a/8fd6ad12bccb4470bdbdbf3df0f65389:3a1a1f3e-2262-4790-867a-fe146c2f7f2d::,us-east,job,2026-07-07T11:36:01.856Z,2026-07-07T11:37:36.376Z,ibm_fez,4,Javier Romero Álvarez,,8fd6ad12bccb4470bdbdbf3df0f65389
d96e6bqf47jc73a5g3j0,completed,crn:v1:bluemix:public:quantum-computing:us-east:a/8fd6ad12bccb4470bdbdbf3df0f65389:3a1a1f3e-2262-4790-867a-fe146c2f7f2d::,us-east,job,2026-07-07T11:29:51.521Z,2026-07-07T11:31:04.800Z,ibm_fez,4,Javier Romero Álvarez,,8fd6ad12bccb4470bdbdbf3df0f65389
d96e3f8tcv6s73djlki0,completed,crn:v1:bluemix:public:quantum-computing:us-east:a/8fd6ad12bccb4470bdbdbf3df0f65389:3a1a1f3e-2262-4790-867a-fe146c2f7f2d::,us-east,job,2026-07-07T11:23:41.140Z,2026-07-07T11:24:52.226Z,ibm_fez,4,Javier Romero Álvarez,,8fd6ad12bccb4470bdbdbf3df0f65389
d96dvg8tcv6s73djlem0,completed,crn:v1:bluemix:public:quantum-computing:us-east:a/8fd6ad12bccb4470bdbdbf3df0f65389:3a1a1f3e-2262-4790-867a-fe146c2f7f2d::,us-east,job,2026-07-07T11:15:13.128Z,2026-07-07T11:18:40.630Z,ibm_fez,4,Javier Romero Álvarez,,8fd6ad12bccb4470bdbdbf3df0f65389
d96dskif47jc73a5flrg,completed,crn:v1:bluemix:public:quantum-computing:us-east:a/8fd6ad12bccb4470bdbdbf3df0f65389:3a1a1f3e-2262-4790-867a-fe146c2f7f2d::,us-east,job,2026-07-07T11:09:06.540Z,2026-07-07T11:10:12.182Z,ibm_fez,4,Javier Romero Álvarez,,8fd6ad12bccb4470bdbdbf3df0f65389
d96dpocqp3as739qfnjg,completed,crn:v1:bluemix:public:quantum-computing:us-east:a/8fd6ad12bccb4470bdbdbf3df0f65389:3a1a1f3e-2262-4790-867a-fe146c2f7f2d::,us-east,job,2026-07-07T11:02:57.217Z,2026-07-07T11:04:02.114Z,ibm_fez,4,Javier Romero Álvarez,,8fd6ad12bccb4470bdbdbf3df0f65389
d96dl8sqp3as739qfiq0,completed,crn:v1:bluemix:public:quantum-computing:us-east:a/8fd6ad12bccb4470bdbdbf3df0f65389:3a1a1f3e-2262-4790-867a-fe146c2f7f2d::,us-east,job,2026-07-07T10:53:23.827Z,2026-07-07T10:57:59.208Z,ibm_fez,4,Javier Romero Álvarez,,8fd6ad12bccb4470bdbdbf3df0f65389
d96did2f47jc73a5fatg,completed,crn:v1:bluemix:public:quantum-computing:us-east:a/8fd6ad12bccb4470bdbdbf3df0f65389:3a1a1f3e-2262-4790-867a-fe146c2f7f2d::,us-east,job,2026-07-07T10:47:16.259Z,2026-07-07T10:48:24.780Z,ibm_fez,4,Javier Romero Álvarez,,8fd6ad12bccb4470bdbdbf3df0f65389
d96dfa0tcv6s73djkssg,completed,crn:v1:bluemix:public:quantum-computing:us-east:a/8fd6ad12bccb4470bdbdbf3df0f65389:3a1a1f3e-2262-4790-867a-fe146c2f7f2d::,us-east,job,2026-07-07T10:40:41.075Z,2026-07-07T10:42:14.350Z,ibm_fez,4,Javier Romero Álvarez,,8fd6ad12bccb4470bdbdbf3df0f65389
d96dca0tcv6s73djkpog,completed,crn:v1:bluemix:public:quantum-computing:us-east:a/8fd6ad12bccb4470bdbdbf3df0f65389:3a1a1f3e-2262-4790-867a-fe146c2f7f2d::,us-east,job,2026-07-07T10:34:16.657Z,2026-07-07T10:35:42.290Z,ibm_fez,4,Javier Romero Álvarez,,8fd6ad12bccb4470bdbdbf3df0f65389
d96d95gtcv6s73djkmf0,completed,crn:v1:bluemix:public:quantum-computing:us-east:a/8fd6ad12bccb4470bdbdbf3df0f65389:3a1a1f3e-2262-4790-867a-fe146c2f7f2d::,us-east,job,2026-07-07T10:27:34.133Z,2026-07-07T10:29:14.101Z,ibm_fez,4,Javier Romero Álvarez,,8fd6ad12bccb4470bdbdbf3df0f65389
d96d5rkqp3as739qf260,completed,crn:v1:bluemix:public:quantum-computing:us-east:a/8fd6ad12bccb4470bdbdbf3df0f65389:3a1a1f3e-2262-4790-867a-fe146c2f7f2d::,us-east,job,2026-07-07T10:20:30.301Z,2026-07-07T10:22:28.101Z,ibm_fez,4,Javier Romero Álvarez,,8fd6ad12bccb4470bdbdbf3df0f65389
d96cu9if47jc73a5elr0,completed,crn:v1:bluemix:public:quantum-computing:us-east:a/8fd6ad12bccb4470bdbdbf3df0f65389:3a1a1f3e-2262-4790-867a-fe146c2f7f2d::,us-east,job,2026-07-07T10:04:22.769Z,2026-07-07T10:15:30.252Z,ibm_fez,4,Javier Romero Álvarez,,8fd6ad12bccb4470bdbdbf3df0f65389
d96crbif47jc73a5eil0,completed,crn:v1:bluemix:public:quantum-computing:us-east:a/8fd6ad12bccb4470bdbdbf3df0f65389:3a1a1f3e-2262-4790-867a-fe146c2f7f2d::,us-east,job,2026-07-07T09:58:07.051Z,2026-07-07T09:59:19.145Z,ibm_fez,4,Javier Romero Álvarez,,8fd6ad12bccb4470bdbdbf3df0f65389
d96coa4qp3as739qejsg,completed,crn:v1:bluemix:public:quantum-computing:us-east:a/8fd6ad12bccb4470bdbdbf3df0f65389:3a1a1f3e-2262-4790-867a-fe146c2f7f2d::,us-east,job,2026-07-07T09:51:37.003Z,2026-07-07T09:53:01.598Z,ibm_fez,4,Javier Romero Álvarez,,8fd6ad12bccb4470bdbdbf3df0f65389
d96cldif47jc73a5ebmg,completed,crn:v1:bluemix:public:quantum-computing:us-east:a/8fd6ad12bccb4470bdbdbf3df0f65389:3a1a1f3e-2262-4790-867a-fe146c2f7f2d::,us-east,job,2026-07-07T09:45:26.996Z,2026-07-07T09:46:47.096Z,ibm_fez,5,Javier Romero Álvarez,,8fd6ad12bccb4470bdbdbf3df0f65389
d96clbaf47jc73a5ebjg,completed,crn:v1:bluemix:public:quantum-computing:us-east:a/8fd6ad12bccb4470bdbdbf3df0f65389:3a1a1f3e-2262-4790-867a-fe146c2f7f2d::,us-east,job,2026-07-07T09:45:17.193Z,2026-07-07T09:46:39.270Z,ibm_fez,4,Javier Romero Álvarez,,8fd6ad12bccb4470bdbdbf3df0f65389
d96cgpsqp3as739qebk0,completed,crn:v1:bluemix:public:quantum-computing:us-east:a/8fd6ad12bccb4470bdbdbf3df0f65389:3a1a1f3e-2262-4790-867a-fe146c2f7f2d::,us-east,job,2026-07-07T09:35:36.043Z,2026-07-07T09:40:19.874Z,ibm_fez,4,Javier Romero Álvarez,,8fd6ad12bccb4470bdbdbf3df0f65389
d96cfvcqp3as739qear0,completed,crn:v1:bluemix:public:quantum-computing:us-east:a/8fd6ad12bccb4470bdbdbf3df0f65389:3a1a1f3e-2262-4790-867a-fe146c2f7f2d::,us-east,job,2026-07-07T09:33:49.447Z,2026-07-07T09:40:15.649Z,ibm_fez,5,Javier Romero Álvarez,,8fd6ad12bccb4470bdbdbf3df0f65389
d96cdk8tcv6s73djjp60,completed,crn:v1:bluemix:public:quantum-computing:us-east:a/8fd6ad12bccb4470bdbdbf3df0f65389:3a1a1f3e-2262-4790-867a-fe146c2f7f2d::,us-east,job,2026-07-07T09:28:49.507Z,2026-07-07T09:30:38.361Z,ibm_fez,4,Javier Romero Álvarez,,8fd6ad12bccb4470bdbdbf3df0f65389
d96cacaf47jc73a5dvv0,completed,crn:v1:bluemix:public:quantum-computing:us-east:a/8fd6ad12bccb4470bdbdbf3df0f65389:3a1a1f3e-2262-4790-867a-fe146c2f7f2d::,us-east,job,2026-07-07T09:21:53.059Z,2026-07-07T09:23:44.019Z,ibm_fez,4,Javier Romero Álvarez,,8fd6ad12bccb4470bdbdbf3df0f65389
d96c6msqp3as739qe020,completed,crn:v1:bluemix:public:quantum-computing:us-east:a/8fd6ad12bccb4470bdbdbf3df0f65389:3a1a1f3e-2262-4790-867a-fe146c2f7f2d::,us-east,job,2026-07-07T09:14:03.745Z,2026-07-07T09:16:44.500Z,ibm_fez,4,Javier Romero Álvarez,,8fd6ad12bccb4470bdbdbf3df0f65389
d96c3qcqp3as739qdspg,completed,crn:v1:bluemix:public:quantum-computing:us-east:a/8fd6ad12bccb4470bdbdbf3df0f65389:3a1a1f3e-2262-4790-867a-fe146c2f7f2d::,us-east,job,2026-07-07T09:07:53.417Z,2026-07-07T09:09:00.385Z,ibm_fez,4,Javier Romero Álvarez,,8fd6ad12bccb4470bdbdbf3df0f65389
d96bso52su3c739gor60,completed,crn:v1:bluemix:public:quantum-computing:us-east:a/8fd6ad12bccb4470bdbdbf3df0f65389:3a1a1f3e-2262-4790-867a-fe146c2f7f2d::,us-east,job,2026-07-07T08:52:48.918Z,2026-07-07T08:57:59.333Z,ibm_fez,5,Javier Romero Álvarez,,8fd6ad12bccb4470bdbdbf3df0f65389
d96bogd2su3c739goks0,completed,crn:v1:bluemix:public:quantum-computing:us-east:a/8fd6ad12bccb4470bdbdbf3df0f65389:3a1a1f3e-2262-4790-867a-fe146c2f7f2d::,us-east,job,2026-07-07T08:43:45.596Z,2026-07-07T08:47:18.773Z,ibm_fez,5,Javier Romero Álvarez,,8fd6ad12bccb4470bdbdbf3df0f65389
d96beo52su3c739go9k0,completed,crn:v1:bluemix:public:quantum-computing:us-east:a/8fd6ad12bccb4470bdbdbf3df0f65389:3a1a1f3e-2262-4790-867a-fe146c2f7f2d::,us-east,job,2026-07-07T08:22:56.224Z,2026-07-07T08:32:39.470Z,ibm_fez,5,Javier Romero Álvarez,,8fd6ad12bccb4470bdbdbf3df0f65389
d96b760tcv6s73djia60,completed,crn:v1:bluemix:public:quantum-computing:us-east:a/8fd6ad12bccb4470bdbdbf3df0f65389:3a1a1f3e-2262-4790-867a-fe146c2f7f2d::,us-east,job,2026-07-07T08:06:48.991Z,2026-07-07T08:07:51.223Z,ibm_fez,4,Javier Romero Álvarez,,8fd6ad12bccb4470bdbdbf3df0f65389
d96b3totcv6s73dji550,completed,crn:v1:bluemix:public:quantum-computing:us-east:a/8fd6ad12bccb4470bdbdbf3df0f65389:3a1a1f3e-2262-4790-867a-fe146c2f7f2d::,us-east,job,2026-07-07T07:59:51.743Z,2026-07-07T08:01:50.995Z,ibm_fez,4,Javier Romero Álvarez,,8fd6ad12bccb4470bdbdbf3df0f65389
d96b010tcv6s73dji0h0,completed,crn:v1:bluemix:public:quantum-computing:us-east:a/8fd6ad12bccb4470bdbdbf3df0f65389:3a1a1f3e-2262-4790-867a-fe146c2f7f2d::,us-east,job,2026-07-07T07:51:32.553Z,2026-07-07T07:54:51.003Z,ibm_fez,4,Javier Romero Álvarez,,8fd6ad12bccb4470bdbdbf3df0f65389
d96ar82f47jc73a5c3ug,completed,crn:v1:bluemix:public:quantum-computing:us-east:a/8fd6ad12bccb4470bdbdbf3df0f65389:3a1a1f3e-2262-4790-867a-fe146c2f7f2d::,us-east,job,2026-07-07T07:41:21.018Z,2026-07-07T07:47:55.904Z,ibm_fez,5,Javier Romero Álvarez,,8fd6ad12bccb4470bdbdbf3df0f65389
d96ao6l2su3c739gnbp0,completed,crn:v1:bluemix:public:quantum-computing:us-east:a/8fd6ad12bccb4470bdbdbf3df0f65389:3a1a1f3e-2262-4790-867a-fe146c2f7f2d::,us-east,job,2026-07-07T07:34:50.972Z,2026-07-07T07:35:53.151Z,ibm_fez,5,Javier Romero Álvarez,,8fd6ad12bccb4470bdbdbf3df0f65389
d96ak28tcv6s73djhhl0,completed,crn:v1:bluemix:public:quantum-computing:us-east:a/8fd6ad12bccb4470bdbdbf3df0f65389:3a1a1f3e-2262-4790-867a-fe146c2f7f2d::,us-east,job,2026-07-07T07:26:01.598Z,2026-07-07T07:27:05.328Z,ibm_fez,4,Javier Romero Álvarez,,8fd6ad12bccb4470bdbdbf3df0f65389
d96aiq2f47jc73a5bomg,completed,crn:v1:bluemix:public:quantum-computing:us-east:a/8fd6ad12bccb4470bdbdbf3df0f65389:3a1a1f3e-2262-4790-867a-fe146c2f7f2d::,us-east,job,2026-07-07T07:23:20.437Z,2026-07-07T07:24:22.377Z,ibm_fez,5,Javier Romero Álvarez,,8fd6ad12bccb4470bdbdbf3df0f65389
d96agqqf47jc73a5bma0,completed,crn:v1:bluemix:public:quantum-computing:us-east:a/8fd6ad12bccb4470bdbdbf3df0f65389:3a1a1f3e-2262-4790-867a-fe146c2f7f2d::,us-east,job,2026-07-07T07:19:07.745Z,2026-07-07T07:20:14.958Z,ibm_fez,4,Javier Romero Álvarez,,8fd6ad12bccb4470bdbdbf3df0f65389
d96af7kqp3as739qbo70,completed,crn:v1:bluemix:public:quantum-computing:us-east:a/8fd6ad12bccb4470bdbdbf3df0f65389:3a1a1f3e-2262-4790-867a-fe146c2f7f2d::,us-east,job,2026-07-07T07:15:42.394Z,2026-07-07T07:16:51.143Z,ibm_fez,5,Javier Romero Álvarez,,8fd6ad12bccb4470bdbdbf3df0f65389
d96adm2f47jc73a5bi7g,completed,crn:v1:bluemix:public:quantum-computing:us-east:a/8fd6ad12bccb4470bdbdbf3df0f65389:3a1a1f3e-2262-4790-867a-fe146c2f7f2d::,us-east,job,2026-07-07T07:12:24.813Z,2026-07-07T07:13:28.706Z,ibm_fez,4,Javier Romero Álvarez,,8fd6ad12bccb4470bdbdbf3df0f65389
d96aamd2su3c739gmql0,completed,crn:v1:bluemix:public:quantum-computing:us-east:a/8fd6ad12bccb4470bdbdbf3df0f65389:3a1a1f3e-2262-4790-867a-fe146c2f7f2d::,us-east,job,2026-07-07T07:06:01.938Z,2026-07-07T07:07:52.148Z,ibm_fez,5,Javier Romero Álvarez,,8fd6ad12bccb4470bdbdbf3df0f65389
d96aaaif47jc73a5betg,completed,crn:v1:bluemix:public:quantum-computing:us-east:a/8fd6ad12bccb4470bdbdbf3df0f65389:3a1a1f3e-2262-4790-867a-fe146c2f7f2d::,us-east,job,2026-07-07T07:05:14.303Z,2026-07-07T07:06:44.939Z,ibm_fez,4,Javier Romero Álvarez,,8fd6ad12bccb4470bdbdbf3df0f65389
d96a710tcv6s73djh2e0,completed,crn:v1:bluemix:public:quantum-computing:us-east:a/8fd6ad12bccb4470bdbdbf3df0f65389:3a1a1f3e-2262-4790-867a-fe146c2f7f2d::,us-east,job,2026-07-07T06:58:12.566Z,2026-07-07T06:59:31.206Z,ibm_fez,4,Javier Romero Álvarez,,8fd6ad12bccb4470bdbdbf3df0f65389
d96a654qp3as739qbejg,completed,crn:v1:bluemix:public:quantum-computing:us-east:a/8fd6ad12bccb4470bdbdbf3df0f65389:3a1a1f3e-2262-4790-867a-fe146c2f7f2d::,us-east,job,2026-07-07T06:56:20.812Z,2026-07-07T06:58:18.360Z,ibm_fez,5,Javier Romero Álvarez,,8fd6ad12bccb4470bdbdbf3df0f65389
d96a3k52su3c739gmji0,completed,crn:v1:bluemix:public:quantum-computing:us-east:a/8fd6ad12bccb4470bdbdbf3df0f65389:3a1a1f3e-2262-4790-867a-fe146c2f7f2d::,us-east,job,2026-07-07T06:50:56.597Z,2026-07-07T06:52:22.867Z,ibm_fez,4,Javier Romero Álvarez,,8fd6ad12bccb4470bdbdbf3df0f65389
d95nsvl2su3c739g4ns0,completed,crn:v1:bluemix:public:quantum-computing:us-east:a/8fd6ad12bccb4470bdbdbf3df0f65389:3a1a1f3e-2262-4790-867a-fe146c2f7f2d::,us-east,job,2026-07-06T10:07:58.898Z,2026-07-07T05:36:07.467Z,ibm_kingston,5,Javier Romero Álvarez,,8fd6ad12bccb4470bdbdbf3df0f65389
d95lbnmvtlqs73fvhcfg,completed,crn:v1:bluemix:public:quantum-computing:us-east:a/8fd6ad12bccb4470bdbdbf3df0f65389:3a1a1f3e-2262-4790-867a-fe146c2f7f2d::,us-east,job,2026-07-06T07:14:38.670Z,2026-07-07T03:15:41.367Z,ibm_fez,5,Javier Romero Álvarez,,8fd6ad12bccb4470bdbdbf3df0f65389
d95ku8dgc6cc73fgalig,completed,crn:v1:bluemix:public:quantum-computing:us-east:a/8fd6ad12bccb4470bdbdbf3df0f65389:3a1a1f3e-2262-4790-867a-fe146c2f7f2d::,us-east,job,2026-07-06T06:45:54.000Z,2026-07-07T03:14:55.076Z,ibm_fez,4,Javier Romero Álvarez,,8fd6ad12bccb4470bdbdbf3df0f65389
d94jrosql68s73c9klmg,completed,crn:v1:bluemix:public:quantum-computing:us-east:a/8fd6ad12bccb4470bdbdbf3df0f65389:3a1a1f3e-2262-4790-867a-fe146c2f7f2d::,us-east,job,2026-07-04T17:07:47.381Z,2026-07-04T17:09:22.421Z,ibm_fez,4,Javier Romero Álvarez,,8fd6ad12bccb4470bdbdbf3df0f65389
d94jnkcql68s73c9kfng,completed,crn:v1:bluemix:public:quantum-computing:us-east:a/8fd6ad12bccb4470bdbdbf3df0f65389:3a1a1f3e-2262-4790-867a-fe146c2f7f2d::,us-east,job,2026-07-04T16:58:57.957Z,2026-07-04T17:01:52.302Z,ibm_fez,4,Javier Romero Álvarez,,8fd6ad12bccb4470bdbdbf3df0f65389
d94j3cdgc6cc73ff64mg,completed,crn:v1:bluemix:public:quantum-computing:us-east:a/8fd6ad12bccb4470bdbdbf3df0f65389:3a1a1f3e-2262-4790-867a-fe146c2f7f2d::,us-east,job,2026-07-04T16:15:45.116Z,2026-07-04T16:53:06.821Z,ibm_fez,4,Javier Romero Álvarez,,8fd6ad12bccb4470bdbdbf3df0f65389
d94iv9dgc6cc73ff5vk0,completed,crn:v1:bluemix:public:quantum-computing:us-east:a/8fd6ad12bccb4470bdbdbf3df0f65389:3a1a1f3e-2262-4790-867a-fe146c2f7f2d::,us-east,job,2026-07-04T16:07:02.018Z,2026-07-04T16:09:31.597Z,ibm_fez,4,Javier Romero Álvarez,,8fd6ad12bccb4470bdbdbf3df0f65389
d94irrcql68s73c9jemg,completed,crn:v1:bluemix:public:quantum-computing:us-east:a/8fd6ad12bccb4470bdbdbf3df0f65389:3a1a1f3e-2262-4790-867a-fe146c2f7f2d::,us-east,job,2026-07-04T15:59:41.456Z,2026-07-04T16:01:06.243Z,ibm_fez,4,Javier Romero Álvarez,,8fd6ad12bccb4470bdbdbf3df0f65389
d94ioalgc6cc73ff5n60,completed,crn:v1:bluemix:public:quantum-computing:us-east:a/8fd6ad12bccb4470bdbdbf3df0f65389:3a1a1f3e-2262-4790-867a-fe146c2f7f2d::,us-east,job,2026-07-04T15:52:10.823Z,2026-07-04T15:53:51.614Z,ibm_fez,4,Javier Romero Álvarez,,8fd6ad12bccb4470bdbdbf3df0f65389
d94i56sql68s73c9im10,completed,crn:v1:bluemix:public:quantum-computing:us-east:a/8fd6ad12bccb4470bdbdbf3df0f65389:3a1a1f3e-2262-4790-867a-fe146c2f7f2d::,us-east,job,2026-07-04T15:11:23.632Z,2026-07-04T15:46:12.431Z,ibm_fez,4,Javier Romero Álvarez,,8fd6ad12bccb4470bdbdbf3df0f65389
d94hv9vu62ks7396211g,completed,crn:v1:bluemix:public:quantum-computing:us-east:a/8fd6ad12bccb4470bdbdbf3df0f65389:3a1a1f3e-2262-4790-867a-fe146c2f7f2d::,us-east,job,2026-07-04T14:58:47.761Z,2026-07-04T15:05:12.826Z,ibm_fez,4,Javier Romero Álvarez,,8fd6ad12bccb4470bdbdbf3df0f65389
d94hprevtlqs73fub2g0,completed,crn:v1:bluemix:public:quantum-computing:us-east:a/8fd6ad12bccb4470bdbdbf3df0f65389:3a1a1f3e-2262-4790-867a-fe146c2f7f2d::,us-east,job,2026-07-04T14:47:09.331Z,2026-07-04T14:52:40.846Z,ibm_fez,4,Javier Romero Álvarez,,8fd6ad12bccb4470bdbdbf3df0f65389
d94hjgmvtlqs73fuarvg,completed,crn:v1:bluemix:public:quantum-computing:us-east:a/8fd6ad12bccb4470bdbdbf3df0f65389:3a1a1f3e-2262-4790-867a-fe146c2f7f2d::,us-east,job,2026-07-04T14:33:38.261Z,2026-07-04T14:41:01.842Z,ibm_fez,4,Javier Romero Álvarez,,8fd6ad12bccb4470bdbdbf3df0f65389
d94gu2tgc6cc73ff3m10,completed,crn:v1:bluemix:public:quantum-computing:us-east:a/8fd6ad12bccb4470bdbdbf3df0f65389:3a1a1f3e-2262-4790-867a-fe146c2f7f2d::,us-east,job,2026-07-04T13:47:55.112Z,2026-07-04T14:27:38.878Z,ibm_fez,4,Javier Romero Álvarez,,8fd6ad12bccb4470bdbdbf3df0f65389
d94gqi6vtlqs73fua190,completed,crn:v1:bluemix:public:quantum-computing:us-east:a/8fd6ad12bccb4470bdbdbf3df0f65389:3a1a1f3e-2262-4790-867a-fe146c2f7f2d::,us-east,job,2026-07-04T13:40:24.814Z,2026-07-04T13:41:55.811Z,ibm_fez,4,Javier Romero Álvarez,,8fd6ad12bccb4470bdbdbf3df0f65389
d94gmssql68s73c9h2m0,completed,crn:v1:bluemix:public:quantum-computing:us-east:a/8fd6ad12bccb4470bdbdbf3df0f65389:3a1a1f3e-2262-4790-867a-fe146c2f7f2d::,us-east,job,2026-07-04T13:32:35.378Z,2026-07-04T13:34:17.215Z,ibm_fez,4,Javier Romero Álvarez,,8fd6ad12bccb4470bdbdbf3df0f65389
d94g43kql68s73c9gfag,completed,crn:v1:bluemix:public:quantum-computing:us-east:a/8fd6ad12bccb4470bdbdbf3df0f65389:3a1a1f3e-2262-4790-867a-fe146c2f7f2d::,us-east,job,2026-07-04T12:52:30.964Z,2026-07-04T13:26:33.107Z,ibm_fez,4,Javier Romero Álvarez,,8fd6ad12bccb4470bdbdbf3df0f65389
d94g0lsql68s73c9gbvg,completed,crn:v1:bluemix:public:quantum-computing:us-east:a/8fd6ad12bccb4470bdbdbf3df0f65389:3a1a1f3e-2262-4790-867a-fe146c2f7f2d::,us-east,job,2026-07-04T12:45:11.774Z,2026-07-04T12:46:26.379Z,ibm_fez,4,Javier Romero Álvarez,,8fd6ad12bccb4470bdbdbf3df0f65389
d94frh6vtlqs73fu9170,completed,crn:v1:bluemix:public:quantum-computing:us-east:a/8fd6ad12bccb4470bdbdbf3df0f65389:3a1a1f3e-2262-4790-867a-fe146c2f7f2d::,us-east,job,2026-07-04T12:34:12.239Z,2026-07-04T12:39:09.817Z,ibm_fez,4,Javier Romero Álvarez,,8fd6ad12bccb4470bdbdbf3df0f65389
d94f3vfu62ks7395ut10,completed,crn:v1:bluemix:public:quantum-computing:us-east:a/8fd6ad12bccb4470bdbdbf3df0f65389:3a1a1f3e-2262-4790-867a-fe146c2f7f2d::,us-east,job,2026-07-04T11:43:57.165Z,2026-07-04T12:28:03.776Z,ibm_fez,4,Javier Romero Álvarez,,8fd6ad12bccb4470bdbdbf3df0f65389
d94f0ivu62ks7395uo70,completed,crn:v1:bluemix:public:quantum-computing:us-east:a/8fd6ad12bccb4470bdbdbf3df0f65389:3a1a1f3e-2262-4790-867a-fe146c2f7f2d::,us-east,job,2026-07-04T11:36:43.554Z,2026-07-04T11:37:54.560Z,ibm_fez,4,Javier Romero Álvarez,,8fd6ad12bccb4470bdbdbf3df0f65389
d94et9dgc6cc73ff1eog,completed,crn:v1:bluemix:public:quantum-computing:us-east:a/8fd6ad12bccb4470bdbdbf3df0f65389:3a1a1f3e-2262-4790-867a-fe146c2f7f2d::,us-east,job,2026-07-04T11:29:41.662Z,2026-07-04T11:30:39.629Z,ibm_fez,4,Javier Romero Álvarez,,8fd6ad12bccb4470bdbdbf3df0f65389
d94e42kql68s73c9e3a0,completed,crn:v1:bluemix:public:quantum-computing:us-east:a/8fd6ad12bccb4470bdbdbf3df0f65389:3a1a1f3e-2262-4790-867a-fe146c2f7f2d::,us-east,job,2026-07-04T10:35:54.958Z,2026-07-04T11:23:50.018Z,ibm_fez,4,Javier Romero Álvarez,,8fd6ad12bccb4470bdbdbf3df0f65389
d94e0qtgc6cc73ff0b8g,completed,crn:v1:bluemix:public:quantum-computing:us-east:a/8fd6ad12bccb4470bdbdbf3df0f65389:3a1a1f3e-2262-4790-867a-fe146c2f7f2d::,us-east,job,2026-07-04T10:28:59.482Z,2026-07-04T10:30:11.877Z,ibm_fez,4,Javier Romero Álvarez,,8fd6ad12bccb4470bdbdbf3df0f65389
d94dti6vtlqs73fu6m80,completed,crn:v1:bluemix:public:quantum-computing:us-east:a/8fd6ad12bccb4470bdbdbf3df0f65389:3a1a1f3e-2262-4790-867a-fe146c2f7f2d::,us-east,job,2026-07-04T10:22:00.456Z,2026-07-04T10:23:09.355Z,ibm_fez,4,Javier Romero Álvarez,,8fd6ad12bccb4470bdbdbf3df0f65389
d94dc1nu62ks7395srfg,completed,crn:v1:bluemix:public:quantum-computing:us-east:a/8fd6ad12bccb4470bdbdbf3df0f65389:3a1a1f3e-2262-4790-867a-fe146c2f7f2d::,us-east,job,2026-07-04T09:44:38.231Z,2026-07-04T10:16:12.545Z,ibm_fez,4,Javier Romero Álvarez,,8fd6ad12bccb4470bdbdbf3df0f65389
d94d8rkql68s73c9d7b0,completed,crn:v1:bluemix:public:quantum-computing:us-east:a/8fd6ad12bccb4470bdbdbf3df0f65389:3a1a1f3e-2262-4790-867a-fe146c2f7f2d::,us-east,job,2026-07-04T09:37:50.218Z,2026-07-04T09:38:49.571Z,ibm_fez,4,Javier Romero Álvarez,,8fd6ad12bccb4470bdbdbf3df0f65389
d94cjqsql68s73c9cf8g,completed,crn:v1:bluemix:public:quantum-computing:us-east:a/8fd6ad12bccb4470bdbdbf3df0f65389:3a1a1f3e-2262-4790-867a-fe146c2f7f2d::,us-east,job,2026-07-04T08:52:59.680Z,2026-07-04T09:32:01.780Z,ibm_fez,4,Javier Romero Álvarez,,8fd6ad12bccb4470bdbdbf3df0f65389
d94cflmvtlqs73fu53ig,completed,crn:v1:bluemix:public:quantum-computing:us-east:a/8fd6ad12bccb4470bdbdbf3df0f65389:3a1a1f3e-2262-4790-867a-fe146c2f7f2d::,us-east,job,2026-07-04T08:44:06.202Z,2026-07-04T08:47:15.921Z,ibm_fez,4,Javier Romero Álvarez,,8fd6ad12bccb4470bdbdbf3df0f65389
d94c8gtgc6cc73feudi0,completed,crn:v1:bluemix:public:quantum-computing:us-east:a/8fd6ad12bccb4470bdbdbf3df0f65389:3a1a1f3e-2262-4790-867a-fe146c2f7f2d::,us-east,job,2026-07-04T08:28:51.628Z,2026-07-04T08:38:16.880Z,ibm_fez,4,Javier Romero Álvarez,,8fd6ad12bccb4470bdbdbf3df0f65389
d93vn8tgc6cc73feg4r0,completed,crn:v1:bluemix:public:quantum-computing:us-east:a/8fd6ad12bccb4470bdbdbf3df0f65389:3a1a1f3e-2262-4790-867a-fe146c2f7f2d::,us-east,job,2026-07-03T18:12:51.559Z,2026-07-03T20:10:58.987Z,ibm_fez,4,Javier Romero Álvarez,,8fd6ad12bccb4470bdbdbf3df0f65389
d93n140oamcc73dcel30,completed,crn:v1:bluemix:public:quantum-computing:us-east:a/8fd6ad12bccb4470bdbdbf3df0f65389:3a1a1f3e-2262-4790-867a-fe146c2f7f2d::,us-east,job,2026-07-03T08:19:28.601Z,2026-07-04T17:25:52.440Z,ibm_kingston,5,Javier Romero Álvarez,,8fd6ad12bccb4470bdbdbf3df0f65389
d93mv0q47v0s73826s0g,canceled,crn:v1:bluemix:public:quantum-computing:us-east:a/8fd6ad12bccb4470bdbdbf3df0f65389:3a1a1f3e-2262-4790-867a-fe146c2f7f2d::,us-east,job,2026-07-03T08:14:59.907Z,2026-07-03T08:15:14.299Z,ibm_fez,0,Javier Romero Álvarez,,8fd6ad12bccb4470bdbdbf3df0f65389
d93mtva47v0s73826qug,canceled,crn:v1:bluemix:public:quantum-computing:us-east:a/8fd6ad12bccb4470bdbdbf3df0f65389:3a1a1f3e-2262-4790-867a-fe146c2f7f2d::,us-east,job,2026-07-03T08:12:45.589Z,2026-07-03T08:12:59.256Z,ibm_fez,0,Javier Romero Álvarez,,8fd6ad12bccb4470bdbdbf3df0f65389
d93mst247v0s73826oo0,canceled,crn:v1:bluemix:public:quantum-computing:us-east:a/8fd6ad12bccb4470bdbdbf3df0f65389:3a1a1f3e-2262-4790-867a-fe146c2f7f2d::,us-east,job,2026-07-03T08:10:28.777Z,2026-07-03T08:11:35.655Z,ibm_fez,0,Javier Romero Álvarez,,8fd6ad12bccb4470bdbdbf3df0f65389
d93mslt958jc73bt7u1g,canceled,crn:v1:bluemix:public:quantum-computing:us-east:a/8fd6ad12bccb4470bdbdbf3df0f65389:3a1a1f3e-2262-4790-867a-fe146c2f7f2d::,us-east,job,2026-07-03T08:09:59.355Z,2026-07-03T08:11:38.927Z,ibm_fez,0,Javier Romero Álvarez,,8fd6ad12bccb4470bdbdbf3df0f65389
d93msg7d07jc73e0niag,canceled,crn:v1:bluemix:public:quantum-computing:us-east:a/8fd6ad12bccb4470bdbdbf3df0f65389:3a1a1f3e-2262-4790-867a-fe146c2f7f2d::,us-east,job,2026-07-03T08:09:36.832Z,2026-07-03T08:11:44.090Z,ibm_fez,0,Javier Romero Álvarez,,8fd6ad12bccb4470bdbdbf3df0f65389
d93mmjt958jc73bt7nag,completed,crn:v1:bluemix:public:quantum-computing:us-east:a/8fd6ad12bccb4470bdbdbf3df0f65389:3a1a1f3e-2262-4790-867a-fe146c2f7f2d::,us-east,job,2026-07-03T07:57:03.728Z,2026-07-03T18:06:54.004Z,ibm_fez,4,Javier Romero Álvarez,,8fd6ad12bccb4470bdbdbf3df0f65389
d92gn47ccmks73d6okhg,completed,crn:v1:bluemix:public:quantum-computing:us-east:a/8fd6ad12bccb4470bdbdbf3df0f65389:3a1a1f3e-2262-4790-867a-fe146c2f7f2d::,us-east,job,2026-07-01T12:44:00.934Z,2026-07-01T13:44:55.231Z,ibm_fez,4,Javier Romero Álvarez,,8fd6ad12bccb4470bdbdbf3df0f65389
d92gg1mu9n7c73aoatb0,completed,crn:v1:bluemix:public:quantum-computing:us-east:a/8fd6ad12bccb4470bdbdbf3df0f65389:3a1a1f3e-2262-4790-867a-fe146c2f7f2d::,us-east,job,2026-07-01T12:28:54.318Z,2026-07-01T12:38:26.037Z,ibm_fez,4,Javier Romero Álvarez,,8fd6ad12bccb4470bdbdbf3df0f65389
d92f76eu9n7c73ao95ng,completed,crn:v1:bluemix:public:quantum-computing:us-east:a/8fd6ad12bccb4470bdbdbf3df0f65389:3a1a1f3e-2262-4790-867a-fe146c2f7f2d::,us-east,job,2026-07-01T11:01:45.426Z,2026-07-01T12:23:10.941Z,ibm_fez,4,Javier Romero Álvarez,,8fd6ad12bccb4470bdbdbf3df0f65389
d92f5b7ccmks73d6mh20,completed,crn:v1:bluemix:public:quantum-computing:us-east:a/8fd6ad12bccb4470bdbdbf3df0f65389:3a1a1f3e-2262-4790-867a-fe146c2f7f2d::,us-east,job,2026-07-01T10:57:48.809Z,2026-07-01T12:22:59.881Z,ibm_fez,3,Javier Romero Álvarez,,8fd6ad12bccb4470bdbdbf3df0f65389
d92f3muu9n7c73ao906g,completed,crn:v1:bluemix:public:quantum-computing:us-east:a/8fd6ad12bccb4470bdbdbf3df0f65389:3a1a1f3e-2262-4790-867a-fe146c2f7f2d::,us-east,job,2026-07-01T10:54:19.897Z,2026-07-01T10:55:57.143Z,ibm_fez,4,Javier Romero Álvarez,,8fd6ad12bccb4470bdbdbf3df0f65389
d92f3e7qq29s738p7730,completed,crn:v1:bluemix:public:quantum-computing:us-east:a/8fd6ad12bccb4470bdbdbf3df0f65389:3a1a1f3e-2262-4790-867a-fe146c2f7f2d::,us-east,job,2026-07-01T10:53:44.573Z,2026-07-01T10:55:53.985Z,ibm_fez,3,Javier Romero Álvarez,,8fd6ad12bccb4470bdbdbf3df0f65389
d92f1puu9n7c73ao8sq0,completed,crn:v1:bluemix:public:quantum-computing:us-east:a/8fd6ad12bccb4470bdbdbf3df0f65389:3a1a1f3e-2262-4790-867a-fe146c2f7f2d::,us-east,job,2026-07-01T10:50:15.936Z,2026-07-01T10:55:50.182Z,ibm_fez,3,Javier Romero Álvarez,,8fd6ad12bccb4470bdbdbf3df0f65389
d92evivccmks73d6m7b0,completed,crn:v1:bluemix:public:quantum-computing:us-east:a/8fd6ad12bccb4470bdbdbf3df0f65389:3a1a1f3e-2262-4790-867a-fe146c2f7f2d::,us-east,job,2026-07-01T10:45:31.523Z,2026-07-01T10:48:30.443Z,ibm_fez,3,Javier Romero Álvarez,,8fd6ad12bccb4470bdbdbf3df0f65389
d92evgeu9n7c73ao8p10,completed,crn:v1:bluemix:public:quantum-computing:us-east:a/8fd6ad12bccb4470bdbdbf3df0f65389:3a1a1f3e-2262-4790-867a-fe146c2f7f2d::,us-east,job,2026-07-01T10:45:21.495Z,2026-07-01T10:48:34.750Z,ibm_fez,4,Javier Romero Álvarez,,8fd6ad12bccb4470bdbdbf3df0f65389
d92evd7ccmks73d6m72g,completed,crn:v1:bluemix:public:quantum-computing:us-east:a/8fd6ad12bccb4470bdbdbf3df0f65389:3a1a1f3e-2262-4790-867a-fe146c2f7f2d::,us-east,job,2026-07-01T10:45:08.956Z,2026-07-01T10:48:26.439Z,ibm_fez,5,Javier Romero Álvarez,,8fd6ad12bccb4470bdbdbf3df0f65389
d92esa7qq29s738p6r50,completed,crn:v1:bluemix:public:quantum-computing:us-east:a/8fd6ad12bccb4470bdbdbf3df0f65389:3a1a1f3e-2262-4790-867a-fe146c2f7f2d::,us-east,job,2026-07-01T10:38:32.356Z,2026-07-01T10:39:40.959Z,ibm_fez,3,Javier Romero Álvarez,,8fd6ad12bccb4470bdbdbf3df0f65389
d92es5uu9n7c73ao8jeg,completed,crn:v1:bluemix:public:quantum-computing:us-east:a/8fd6ad12bccb4470bdbdbf3df0f65389:3a1a1f3e-2262-4790-867a-fe146c2f7f2d::,us-east,job,2026-07-01T10:38:15.332Z,2026-07-01T10:39:36.985Z,ibm_fez,3,Javier Romero Álvarez,,8fd6ad12bccb4470bdbdbf3df0f65389
d92erv357qjs73b7sk60,completed,crn:v1:bluemix:public:quantum-computing:us-east:a/8fd6ad12bccb4470bdbdbf3df0f65389:3a1a1f3e-2262-4790-867a-fe146c2f7f2d::,us-east,job,2026-07-01T10:37:48.178Z,2026-07-01T10:39:44.099Z,ibm_fez,4,Javier Romero Álvarez,,8fd6ad12bccb4470bdbdbf3df0f65389
d92eoq7qq29s738p6lj0,completed,crn:v1:bluemix:public:quantum-computing:us-east:a/8fd6ad12bccb4470bdbdbf3df0f65389:3a1a1f3e-2262-4790-867a-fe146c2f7f2d::,us-east,job,2026-07-01T10:31:04.550Z,2026-07-01T10:32:06.789Z,ibm_fez,4,Javier Romero Álvarez,,8fd6ad12bccb4470bdbdbf3df0f65389
d92elej57qjs73b7s9v0,completed,crn:v1:bluemix:public:quantum-computing:us-east:a/8fd6ad12bccb4470bdbdbf3df0f65389:3a1a1f3e-2262-4790-867a-fe146c2f7f2d::,us-east,job,2026-07-01T10:23:54.338Z,2026-07-01T10:25:09.224Z,ibm_fez,4,Javier Romero Álvarez,,8fd6ad12bccb4470bdbdbf3df0f65389
d92ego357qjs73b7s1v0,completed,crn:v1:bluemix:public:quantum-computing:us-east:a/8fd6ad12bccb4470bdbdbf3df0f65389:3a1a1f3e-2262-4790-867a-fe146c2f7f2d::,us-east,job,2026-07-01T10:13:52.432Z,2026-07-01T10:18:15.155Z,ibm_fez,4,Javier Romero Álvarez,,8fd6ad12bccb4470bdbdbf3df0f65389
d92ed0357qjs73b7rsa0,completed,crn:v1:bluemix:public:quantum-computing:us-east:a/8fd6ad12bccb4470bdbdbf3df0f65389:3a1a1f3e-2262-4790-867a-fe146c2f7f2d::,us-east,job,2026-07-01T10:05:52.762Z,2026-07-01T10:08:12.812Z,ibm_fez,4,Javier Romero Álvarez,,8fd6ad12bccb4470bdbdbf3df0f65389
d92e9tj57qjs73b7rln0,completed,crn:v1:bluemix:public:quantum-computing:us-east:a/8fd6ad12bccb4470bdbdbf3df0f65389:3a1a1f3e-2262-4790-867a-fe146c2f7f2d::,us-east,job,2026-07-01T09:59:18.259Z,2026-07-01T10:00:12.816Z,ibm_fez,4,Javier Romero Álvarez,,8fd6ad12bccb4470bdbdbf3df0f65389
d92e5ifccmks73d6kqi0,completed,crn:v1:bluemix:public:quantum-computing:us-east:a/8fd6ad12bccb4470bdbdbf3df0f65389:3a1a1f3e-2262-4790-867a-fe146c2f7f2d::,us-east,job,2026-07-01T09:50:01.746Z,2026-07-01T09:53:37.421Z,ibm_fez,4,Javier Romero Álvarez,,8fd6ad12bccb4470bdbdbf3df0f65389
d92e2jr57qjs73b7r580,completed,crn:v1:bluemix:public:quantum-computing:us-east:a/8fd6ad12bccb4470bdbdbf3df0f65389:3a1a1f3e-2262-4790-867a-fe146c2f7f2d::,us-east,job,2026-07-01T09:43:43.915Z,2026-07-01T09:44:21.721Z,ibm_fez,4,Javier Romero Álvarez,,8fd6ad12bccb4470bdbdbf3df0f65389
d92duk6u9n7c73ao6sq0,completed,crn:v1:bluemix:public:quantum-computing:us-east:a/8fd6ad12bccb4470bdbdbf3df0f65389:3a1a1f3e-2262-4790-867a-fe146c2f7f2d::,us-east,job,2026-07-01T09:35:12.551Z,2026-07-01T09:37:58.023Z,ibm_fez,4,Javier Romero Álvarez,,8fd6ad12bccb4470bdbdbf3df0f65389
d92d71nccmks73d6jijg,completed,crn:v1:bluemix:public:quantum-computing:us-east:a/8fd6ad12bccb4470bdbdbf3df0f65389:3a1a1f3e-2262-4790-867a-fe146c2f7f2d::,us-east,job,2026-07-01T08:44:54.669Z,2026-07-01T09:29:22.412Z,ibm_fez,3,Javier Romero Álvarez,,8fd6ad12bccb4470bdbdbf3df0f65389
d92ckhvccmks73d6ipfg,completed,crn:v1:bluemix:public:quantum-computing:us-east:a/8fd6ad12bccb4470bdbdbf3df0f65389:3a1a1f3e-2262-4790-867a-fe146c2f7f2d::,us-east,job,2026-07-01T08:05:27.931Z,2026-07-01T09:29:25.558Z,ibm_fez,4,Javier Romero Álvarez,,8fd6ad12bccb4470bdbdbf3df0f65389
d92cgbnccmks73d6ii40,completed,crn:v1:bluemix:public:quantum-computing:us-east:a/8fd6ad12bccb4470bdbdbf3df0f65389:3a1a1f3e-2262-4790-867a-fe146c2f7f2d::,us-east,job,2026-07-01T07:56:30.600Z,2026-07-01T07:59:46.437Z,ibm_fez,4,Javier Romero Álvarez,,8fd6ad12bccb4470bdbdbf3df0f65389
d92caob57qjs73b7ooc0,completed,crn:v1:bluemix:public:quantum-computing:us-east:a/8fd6ad12bccb4470bdbdbf3df0f65389:3a1a1f3e-2262-4790-867a-fe146c2f7f2d::,us-east,job,2026-07-01T07:44:34.001Z,2026-07-01T07:50:51.566Z,ibm_fez,4,Javier Romero Álvarez,,8fd6ad12bccb4470bdbdbf3df0f65389
d92c81uu9n7c73ao4l60,completed,crn:v1:bluemix:public:quantum-computing:us-east:a/8fd6ad12bccb4470bdbdbf3df0f65389:3a1a1f3e-2262-4790-867a-fe146c2f7f2d::,us-east,job,2026-07-01T07:38:48.082Z,2026-07-01T07:38:58.706Z,ibm_fez,4,Javier Romero Álvarez,,8fd6ad12bccb4470bdbdbf3df0f65389
d92c5bnqq29s738p2qcg,completed,crn:v1:bluemix:public:quantum-computing:us-east:a/8fd6ad12bccb4470bdbdbf3df0f65389:3a1a1f3e-2262-4790-867a-fe146c2f7f2d::,us-east,job,2026-07-01T07:33:02.769Z,2026-07-01T07:33:12.480Z,ibm_fez,4,Javier Romero Álvarez,,8fd6ad12bccb4470bdbdbf3df0f65389
d92c2iuu9n7c73ao4db0,completed,crn:v1:bluemix:public:quantum-computing:us-east:a/8fd6ad12bccb4470bdbdbf3df0f65389:3a1a1f3e-2262-4790-867a-fe146c2f7f2d::,us-east,job,2026-07-01T07:27:07.432Z,2026-07-01T07:27:20.164Z,ibm_fez,4,Javier Romero Álvarez,,8fd6ad12bccb4470bdbdbf3df0f65389
d92bvpmu9n7c73ao4960,completed,crn:v1:bluemix:public:quantum-computing:us-east:a/8fd6ad12bccb4470bdbdbf3df0f65389:3a1a1f3e-2262-4790-867a-fe146c2f7f2d::,us-east,job,2026-07-01T07:21:10.337Z,2026-07-01T07:21:23.226Z,ibm_fez,4,Javier Romero Álvarez,,8fd6ad12bccb4470bdbdbf3df0f65389
d92bstj57qjs73b7o3dg,completed,crn:v1:bluemix:public:quantum-computing:us-east:a/8fd6ad12bccb4470bdbdbf3df0f65389:3a1a1f3e-2262-4790-867a-fe146c2f7f2d::,us-east,job,2026-07-01T07:15:02.363Z,2026-07-01T07:15:27.320Z,ibm_fez,4,Javier Romero Álvarez,,8fd6ad12bccb4470bdbdbf3df0f65389
d92bq46u9n7c73ao3srg,completed,crn:v1:bluemix:public:quantum-computing:us-east:a/8fd6ad12bccb4470bdbdbf3df0f65389:3a1a1f3e-2262-4790-867a-fe146c2f7f2d::,us-east,job,2026-07-01T07:09:04.911Z,2026-07-01T07:09:28.351Z,ibm_fez,4,Javier Romero Álvarez,,8fd6ad12bccb4470bdbdbf3df0f65389
d92bmivccmks73d6h6u0,completed,crn:v1:bluemix:public:quantum-computing:us-east:a/8fd6ad12bccb4470bdbdbf3df0f65389:3a1a1f3e-2262-4790-867a-fe146c2f7f2d::,us-east,job,2026-07-01T07:01:31.740Z,2026-07-01T07:03:25.104Z,ibm_fez,4,Javier Romero Álvarez,,8fd6ad12bccb4470bdbdbf3df0f65389
d91r0fj57qjs73b6tiv0,completed,crn:v1:bluemix:public:quantum-computing:us-east:a/8fd6ad12bccb4470bdbdbf3df0f65389:3a1a1f3e-2262-4790-867a-fe146c2f7f2d::,us-east,job,2026-06-30T12:02:06.114Z,2026-06-30T12:02:17.310Z,ibm_fez,4,Javier Romero Álvarez,,8fd6ad12bccb4470bdbdbf3df0f65389
d91qtbvqq29s738o7rtg,completed,crn:v1:bluemix:public:quantum-computing:us-east:a/8fd6ad12bccb4470bdbdbf3df0f65389:3a1a1f3e-2262-4790-867a-fe146c2f7f2d::,us-east,job,2026-06-30T11:55:27.561Z,2026-06-30T11:55:37.056Z,ibm_fez,4,Javier Romero Álvarez,,8fd6ad12bccb4470bdbdbf3df0f65389
d91qq7uu9n7c73an92a0,completed,crn:v1:bluemix:public:quantum-computing:us-east:a/8fd6ad12bccb4470bdbdbf3df0f65389:3a1a1f3e-2262-4790-867a-fe146c2f7f2d::,us-east,job,2026-06-30T11:48:47.295Z,2026-06-30T11:49:02.821Z,ibm_fez,4,Javier Romero Álvarez,,8fd6ad12bccb4470bdbdbf3df0f65389
d91qlfnqq29s738o7glg,completed,crn:v1:bluemix:public:quantum-computing:us-east:a/8fd6ad12bccb4470bdbdbf3df0f65389:3a1a1f3e-2262-4790-867a-fe146c2f7f2d::,us-east,job,2026-06-30T11:38:38.482Z,2026-06-30T11:42:22.177Z,ibm_fez,4,Javier Romero Álvarez,,8fd6ad12bccb4470bdbdbf3df0f65389
d91qhgb57qjs73b6ssh0,completed,crn:v1:bluemix:public:quantum-computing:us-east:a/8fd6ad12bccb4470bdbdbf3df0f65389:3a1a1f3e-2262-4790-867a-fe146c2f7f2d::,us-east,job,2026-06-30T11:30:09.527Z,2026-06-30T11:32:29.720Z,ibm_fez,4,Javier Romero Álvarez,,8fd6ad12bccb4470bdbdbf3df0f65389
d91qed357qjs73b6sno0,completed,crn:v1:bluemix:public:quantum-computing:us-east:a/8fd6ad12bccb4470bdbdbf3df0f65389:3a1a1f3e-2262-4790-867a-fe146c2f7f2d::,us-east,job,2026-06-30T11:23:32.993Z,2026-06-30T11:23:42.888Z,ibm_fez,4,Javier Romero Álvarez,,8fd6ad12bccb4470bdbdbf3df0f65389
d91qbaeu9n7c73an8b5g,completed,crn:v1:bluemix:public:quantum-computing:us-east:a/8fd6ad12bccb4470bdbdbf3df0f65389:3a1a1f3e-2262-4790-867a-fe146c2f7f2d::,us-east,job,2026-06-30T11:16:57.862Z,2026-06-30T11:17:07.655Z,ibm_fez,4,Javier Romero Álvarez,,8fd6ad12bccb4470bdbdbf3df0f65389
d91q887qq29s738o6sgg,completed,crn:v1:bluemix:public:quantum-computing:us-east:a/8fd6ad12bccb4470bdbdbf3df0f65389:3a1a1f3e-2262-4790-867a-fe146c2f7f2d::,us-east,job,2026-06-30T11:10:24.543Z,2026-06-30T11:10:34.212Z,ibm_fez,4,Javier Romero Álvarez,,8fd6ad12bccb4470bdbdbf3df0f65389
d91q3i6u9n7c73an7vq0,completed,crn:v1:bluemix:public:quantum-computing:us-east:a/8fd6ad12bccb4470bdbdbf3df0f65389:3a1a1f3e-2262-4790-867a-fe146c2f7f2d::,us-east,job,2026-06-30T11:00:24.583Z,2026-06-30T11:03:56.251Z,ibm_fez,4,Javier Romero Álvarez,,8fd6ad12bccb4470bdbdbf3df0f65389
d91q0feu9n7c73an7p60,completed,crn:v1:bluemix:public:quantum-computing:us-east:a/8fd6ad12bccb4470bdbdbf3df0f65389:3a1a1f3e-2262-4790-867a-fe146c2f7f2d::,us-east,job,2026-06-30T10:53:49.870Z,2026-06-30T10:54:00.044Z,ibm_fez,4,Javier Romero Álvarez,,8fd6ad12bccb4470bdbdbf3df0f65389
d91pshnqq29s738o67b0,completed,crn:v1:bluemix:public:quantum-computing:us-east:a/8fd6ad12bccb4470bdbdbf3df0f65389:3a1a1f3e-2262-4790-867a-fe146c2f7f2d::,us-east,job,2026-06-30T10:45:26.659Z,2026-06-30T10:47:19.285Z,ibm_fez,4,Javier Romero Álvarez,,8fd6ad12bccb4470bdbdbf3df0f65389
d91po5357qjs73b6rgtg,completed,crn:v1:bluemix:public:quantum-computing:us-east:a/8fd6ad12bccb4470bdbdbf3df0f65389:3a1a1f3e-2262-4790-867a-fe146c2f7f2d::,us-east,job,2026-06-30T10:36:04.118Z,2026-06-30T10:39:00.205Z,ibm_fez,4,Javier Romero Álvarez,,8fd6ad12bccb4470bdbdbf3df0f65389
d91pk3b57qjs73b6r760,completed,crn:v1:bluemix:public:quantum-computing:us-east:a/8fd6ad12bccb4470bdbdbf3df0f65389:3a1a1f3e-2262-4790-867a-fe146c2f7f2d::,us-east,job,2026-06-30T10:27:25.925Z,2026-06-30T10:29:47.866Z,ibm_fez,4,Javier Romero Álvarez,,8fd6ad12bccb4470bdbdbf3df0f65389
d91pgu7ccmks73d5klag,completed,crn:v1:bluemix:public:quantum-computing:us-east:a/8fd6ad12bccb4470bdbdbf3df0f65389:3a1a1f3e-2262-4790-867a-fe146c2f7f2d::,us-east,job,2026-06-30T10:20:40.551Z,2026-06-30T10:20:54.623Z,ibm_fez,4,Javier Romero Álvarez,,8fd6ad12bccb4470bdbdbf3df0f65389
d91pdqeu9n7c73an6gvg,completed,crn:v1:bluemix:public:quantum-computing:us-east:a/8fd6ad12bccb4470bdbdbf3df0f65389:3a1a1f3e-2262-4790-867a-fe146c2f7f2d::,us-east,job,2026-06-30T10:14:02.033Z,2026-06-30T10:14:12.562Z,ibm_fez,4,Javier Romero Álvarez,,8fd6ad12bccb4470bdbdbf3df0f65389
d91pagvccmks73d5k5cg,completed,crn:v1:bluemix:public:quantum-computing:us-east:a/8fd6ad12bccb4470bdbdbf3df0f65389:3a1a1f3e-2262-4790-867a-fe146c2f7f2d::,us-east,job,2026-06-30T10:06:59.482Z,2026-06-30T10:07:43.941Z,ibm_fez,4,Javier Romero Álvarez,,8fd6ad12bccb4470bdbdbf3df0f65389
d91p70fccmks73d5jt3g,completed,crn:v1:bluemix:public:quantum-computing:us-east:a/8fd6ad12bccb4470bdbdbf3df0f65389:3a1a1f3e-2262-4790-867a-fe146c2f7f2d::,us-east,job,2026-06-30T09:59:29.406Z,2026-06-30T10:00:27.056Z,ibm_fez,4,Javier Romero Álvarez,,8fd6ad12bccb4470bdbdbf3df0f65389
d91p3u6u9n7c73an5pl0,completed,crn:v1:bluemix:public:quantum-computing:us-east:a/8fd6ad12bccb4470bdbdbf3df0f65389:3a1a1f3e-2262-4790-867a-fe146c2f7f2d::,us-east,job,2026-06-30T09:52:56.607Z,2026-06-30T09:53:05.744Z,ibm_fez,4,Javier Romero Álvarez,,8fd6ad12bccb4470bdbdbf3df0f65389
d91fhe357qjs73b68tg0,completed,crn:v1:bluemix:public:quantum-computing:us-east:a/8fd6ad12bccb4470bdbdbf3df0f65389:3a1a1f3e-2262-4790-867a-fe146c2f7f2d::,us-east,job,2026-06-29T22:59:04.831Z,2026-06-29T23:03:10.661Z,ibm_fez,4,Javier Romero Álvarez,,8fd6ad12bccb4470bdbdbf3df0f65389
d91fe26u9n7c73amkgog,completed,crn:v1:bluemix:public:quantum-computing:us-east:a/8fd6ad12bccb4470bdbdbf3df0f65389:3a1a1f3e-2262-4790-867a-fe146c2f7f2d::,us-east,job,2026-06-29T22:51:52.456Z,2026-06-29T22:54:22.202Z,ibm_fez,4,Javier Romero Álvarez,,8fd6ad12bccb4470bdbdbf3df0f65389
d91dnmvqq29s738ng6qg,completed,crn:v1:bluemix:public:quantum-computing:us-east:a/8fd6ad12bccb4470bdbdbf3df0f65389:3a1a1f3e-2262-4790-867a-fe146c2f7f2d::,us-east,job,2026-06-29T20:55:55.143Z,2026-06-29T22:47:17.546Z,ibm_fez,4,Javier Romero Álvarez,,8fd6ad12bccb4470bdbdbf3df0f65389
d91df87qq29s738nfkb0,completed,crn:v1:bluemix:public:quantum-computing:us-east:a/8fd6ad12bccb4470bdbdbf3df0f65389:3a1a1f3e-2262-4790-867a-fe146c2f7f2d::,us-east,job,2026-06-29T20:37:52.445Z,2026-06-29T20:51:17.691Z,ibm_fez,4,Javier Romero Álvarez,,8fd6ad12bccb4470bdbdbf3df0f65389
d91dbu7qq29s738nfdd0,completed,crn:v1:bluemix:public:quantum-computing:us-east:a/8fd6ad12bccb4470bdbdbf3df0f65389:3a1a1f3e-2262-4790-867a-fe146c2f7f2d::,us-east,job,2026-06-29T20:30:48.272Z,2026-06-29T20:33:17.537Z,ibm_fez,4,Javier Romero Álvarez,,8fd6ad12bccb4470bdbdbf3df0f65389
d91d7svqq29s738nf5gg,completed,crn:v1:bluemix:public:quantum-computing:us-east:a/8fd6ad12bccb4470bdbdbf3df0f65389:3a1a1f3e-2262-4790-867a-fe146c2f7f2d::,us-east,job,2026-06-29T20:22:11.305Z,2026-06-29T20:26:08.197Z,ibm_fez,4,Javier Romero Álvarez,,8fd6ad12bccb4470bdbdbf3df0f65389
d91c5hr57qjs73b6369g,completed,crn:v1:bluemix:public:quantum-computing:us-east:a/8fd6ad12bccb4470bdbdbf3df0f65389:3a1a1f3e-2262-4790-867a-fe146c2f7f2d::,us-east,job,2026-06-29T19:08:55.633Z,2026-06-29T20:17:33.114Z,ibm_fez,4,Javier Romero Álvarez,,8fd6ad12bccb4470bdbdbf3df0f65389
d91bud6u9n7c73amedc0,completed,crn:v1:bluemix:public:quantum-computing:us-east:a/8fd6ad12bccb4470bdbdbf3df0f65389:3a1a1f3e-2262-4790-867a-fe146c2f7f2d::,us-east,job,2026-06-29T18:53:40.562Z,2026-06-29T19:04:15.610Z,ibm_fez,4,Javier Romero Álvarez,,8fd6ad12bccb4470bdbdbf3df0f65389
d91biqvqq29s738nc5rg,completed,crn:v1:bluemix:public:quantum-computing:us-east:a/8fd6ad12bccb4470bdbdbf3df0f65389:3a1a1f3e-2262-4790-867a-fe146c2f7f2d::,us-east,job,2026-06-29T18:29:00.013Z,2026-06-29T18:49:02.052Z,ibm_fez,4,Javier Romero Álvarez,,8fd6ad12bccb4470bdbdbf3df0f65389
d91bfdnqq29s738nbtng,completed,crn:v1:bluemix:public:quantum-computing:us-east:a/8fd6ad12bccb4470bdbdbf3df0f65389:3a1a1f3e-2262-4790-867a-fe146c2f7f2d::,us-east,job,2026-06-29T18:21:42.724Z,2026-06-29T18:24:20.658Z,ibm_fez,4,Javier Romero Álvarez,,8fd6ad12bccb4470bdbdbf3df0f65389
d91b8or57qjs73b616cg,completed,crn:v1:bluemix:public:quantum-computing:us-east:a/8fd6ad12bccb4470bdbdbf3df0f65389:3a1a1f3e-2262-4790-867a-fe146c2f7f2d::,us-east,job,2026-06-29T18:07:31.756Z,2026-06-29T18:17:06.240Z,ibm_fez,4,Javier Romero Álvarez,,8fd6ad12bccb4470bdbdbf3df0f65389
d91ahrj57qjs73b5vfa0,completed,crn:v1:bluemix:public:quantum-computing:us-east:a/8fd6ad12bccb4470bdbdbf3df0f65389:3a1a1f3e-2262-4790-867a-fe146c2f7f2d::,us-east,job,2026-06-29T17:18:38.620Z,2026-06-29T18:02:53.598Z,ibm_fez,4,Javier Romero Álvarez,,8fd6ad12bccb4470bdbdbf3df0f65389
d91aebnccmks73d4ope0,completed,crn:v1:bluemix:public:quantum-computing:us-east:a/8fd6ad12bccb4470bdbdbf3df0f65389:3a1a1f3e-2262-4790-867a-fe146c2f7f2d::,us-east,job,2026-06-29T17:11:10.790Z,2026-06-29T17:14:01.307Z,ibm_fez,4,Javier Romero Álvarez,,8fd6ad12bccb4470bdbdbf3df0f65389
d919uc7ccmks73d4nhag,completed,crn:v1:bluemix:public:quantum-computing:us-east:a/8fd6ad12bccb4470bdbdbf3df0f65389:3a1a1f3e-2262-4790-867a-fe146c2f7f2d::,us-east,job,2026-06-29T16:37:04.194Z,2026-06-29T17:06:32.970Z,ibm_fez,4,Javier Romero Álvarez,,8fd6ad12bccb4470bdbdbf3df0f65389
d919plnccmks73d4n5eg,completed,crn:v1:bluemix:public:quantum-computing:us-east:a/8fd6ad12bccb4470bdbdbf3df0f65389:3a1a1f3e-2262-4790-867a-fe146c2f7f2d::,us-east,job,2026-06-29T16:27:02.895Z,2026-06-29T16:32:27.713Z,ibm_fez,4,Javier Romero Álvarez,,8fd6ad12bccb4470bdbdbf3df0f65389
d919bbfqq29s738n6opg,completed,crn:v1:bluemix:public:quantum-computing:us-east:a/8fd6ad12bccb4470bdbdbf3df0f65389:3a1a1f3e-2262-4790-867a-fe146c2f7f2d::,us-east,job,2026-06-29T15:56:30.013Z,2026-06-29T16:22:24.020Z,ibm_fez,4,Javier Romero Álvarez,,8fd6ad12bccb4470bdbdbf3df0f65389
d9198cmu9n7c73am7sv0,completed,crn:v1:bluemix:public:quantum-computing:us-east:a/8fd6ad12bccb4470bdbdbf3df0f65389:3a1a1f3e-2262-4790-867a-fe146c2f7f2d::,us-east,job,2026-06-29T15:50:10.908Z,2026-06-29T15:51:56.095Z,ibm_fez,4,Javier Romero Álvarez,,8fd6ad12bccb4470bdbdbf3df0f65389
d9190tvccmks73d4l8h0,completed,crn:v1:bluemix:public:quantum-computing:us-east:a/8fd6ad12bccb4470bdbdbf3df0f65389:3a1a1f3e-2262-4790-867a-fe146c2f7f2d::,us-east,job,2026-06-29T15:34:15.875Z,2026-06-29T15:45:31.301Z,ibm_fez,4,Javier Romero Álvarez,,8fd6ad12bccb4470bdbdbf3df0f65389
d918sjmu9n7c73am70rg,completed,crn:v1:bluemix:public:quantum-computing:us-east:a/8fd6ad12bccb4470bdbdbf3df0f65389:3a1a1f3e-2262-4790-867a-fe146c2f7f2d::,us-east,job,2026-06-29T15:25:02.616Z,2026-06-29T15:29:32.343Z,ibm_fez,4,Javier Romero Álvarez,,8fd6ad12bccb4470bdbdbf3df0f65389
d918qar57qjs73b5r72g,completed,crn:v1:bluemix:public:quantum-computing:us-east:a/8fd6ad12bccb4470bdbdbf3df0f65389:3a1a1f3e-2262-4790-867a-fe146c2f7f2d::,us-east,job,2026-06-29T15:20:11.563Z,2026-06-29T15:20:21.787Z,ibm_fez,4,Javier Romero Álvarez,,8fd6ad12bccb4470bdbdbf3df0f65389
d918o1nccmks73d4kib0,completed,crn:v1:bluemix:public:quantum-computing:us-east:a/8fd6ad12bccb4470bdbdbf3df0f65389:3a1a1f3e-2262-4790-867a-fe146c2f7f2d::,us-east,job,2026-06-29T15:15:18.942Z,2026-06-29T15:15:33.347Z,ibm_fez,4,Javier Romero Álvarez,,8fd6ad12bccb4470bdbdbf3df0f65389
d918k9j57qjs73b5qolg,completed,crn:v1:bluemix:public:quantum-computing:us-east:a/8fd6ad12bccb4470bdbdbf3df0f65389:3a1a1f3e-2262-4790-867a-fe146c2f7f2d::,us-east,job,2026-06-29T15:07:18.192Z,2026-06-29T15:10:37.690Z,ibm_fez,4,Javier Romero Álvarez,,8fd6ad12bccb4470bdbdbf3df0f65389
d918g9b57qjs73b5qf40,completed,crn:v1:bluemix:public:quantum-computing:us-east:a/8fd6ad12bccb4470bdbdbf3df0f65389:3a1a1f3e-2262-4790-867a-fe146c2f7f2d::,us-east,job,2026-06-29T14:58:45.288Z,2026-06-29T15:02:42.798Z,ibm_fez,4,Javier Romero Álvarez,,8fd6ad12bccb4470bdbdbf3df0f65389
d918e1b57qjs73b5q9k0,completed,crn:v1:bluemix:public:quantum-computing:us-east:a/8fd6ad12bccb4470bdbdbf3df0f65389:3a1a1f3e-2262-4790-867a-fe146c2f7f2d::,us-east,job,2026-06-29T14:53:57.285Z,2026-06-29T14:54:05.108Z,ibm_fez,4,Javier Romero Álvarez,,8fd6ad12bccb4470bdbdbf3df0f65389
d918bq357qjs73b5q4ag,completed,crn:v1:bluemix:public:quantum-computing:us-east:a/8fd6ad12bccb4470bdbdbf3df0f65389:3a1a1f3e-2262-4790-867a-fe146c2f7f2d::,us-east,job,2026-06-29T14:49:12.431Z,2026-06-29T14:49:19.739Z,ibm_fez,4,Javier Romero Álvarez,,8fd6ad12bccb4470bdbdbf3df0f65389
d9189jfqq29s738n46ug,completed,crn:v1:bluemix:public:quantum-computing:us-east:a/8fd6ad12bccb4470bdbdbf3df0f65389:3a1a1f3e-2262-4790-867a-fe146c2f7f2d::,us-east,job,2026-06-29T14:44:29.426Z,2026-06-29T14:44:36.573Z,ibm_fez,4,Javier Romero Álvarez,,8fd6ad12bccb4470bdbdbf3df0f65389
d9187c357qjs73b5pps0,completed,crn:v1:bluemix:public:quantum-computing:us-east:a/8fd6ad12bccb4470bdbdbf3df0f65389:3a1a1f3e-2262-4790-867a-fe146c2f7f2d::,us-east,job,2026-06-29T14:39:44.554Z,2026-06-29T14:39:57.072Z,ibm_fez,4,Javier Romero Álvarez,,8fd6ad12bccb4470bdbdbf3df0f65389
d91854vqq29s738n3sag,completed,crn:v1:bluemix:public:quantum-computing:us-east:a/8fd6ad12bccb4470bdbdbf3df0f65389:3a1a1f3e-2262-4790-867a-fe146c2f7f2d::,us-east,job,2026-06-29T14:34:59.238Z,2026-06-29T14:35:19.635Z,ibm_fez,4,Javier Romero Álvarez,,8fd6ad12bccb4470bdbdbf3df0f65389
d91831j57qjs73b5pgcg,completed,crn:v1:bluemix:public:quantum-computing:us-east:a/8fd6ad12bccb4470bdbdbf3df0f65389:3a1a1f3e-2262-4790-867a-fe146c2f7f2d::,us-east,job,2026-06-29T14:30:30.292Z,2026-06-29T14:30:37.950Z,ibm_fez,4,Javier Romero Álvarez,,8fd6ad12bccb4470bdbdbf3df0f65389
d9180or57qjs73b5pbfg,completed,crn:v1:bluemix:public:quantum-computing:us-east:a/8fd6ad12bccb4470bdbdbf3df0f65389:3a1a1f3e-2262-4790-867a-fe146c2f7f2d::,us-east,job,2026-06-29T14:25:39.302Z,2026-06-29T14:26:07.088Z,ibm_fez,4,Javier Romero Álvarez,,8fd6ad12bccb4470bdbdbf3df0f65389
d917ukb57qjs73b5p73g,completed,crn:v1:bluemix:public:quantum-computing:us-east:a/8fd6ad12bccb4470bdbdbf3df0f65389:3a1a1f3e-2262-4790-867a-fe146c2f7f2d::,us-east,job,2026-06-29T14:21:05.873Z,2026-06-29T14:21:13.257Z,ibm_fez,4,Javier Romero Álvarez,,8fd6ad12bccb4470bdbdbf3df0f65389
d917ser57qjs73b5p23g,completed,crn:v1:bluemix:public:quantum-computing:us-east:a/8fd6ad12bccb4470bdbdbf3df0f65389:3a1a1f3e-2262-4790-867a-fe146c2f7f2d::,us-east,job,2026-06-29T14:16:27.314Z,2026-06-29T14:16:34.981Z,ibm_fez,4,Javier Romero Álvarez,,8fd6ad12bccb4470bdbdbf3df0f65389
d917qavqq29s738n35b0,completed,crn:v1:bluemix:public:quantum-computing:us-east:a/8fd6ad12bccb4470bdbdbf3df0f65389:3a1a1f3e-2262-4790-867a-fe146c2f7f2d::,us-east,job,2026-06-29T14:11:55.645Z,2026-06-29T14:12:02.763Z,ibm_fez,4,Javier Romero Álvarez,,8fd6ad12bccb4470bdbdbf3df0f65389
d917o5fccmks73d4i73g,completed,crn:v1:bluemix:public:quantum-computing:us-east:a/8fd6ad12bccb4470bdbdbf3df0f65389:3a1a1f3e-2262-4790-867a-fe146c2f7f2d::,us-east,job,2026-06-29T14:07:17.852Z,2026-06-29T14:07:25.621Z,ibm_fez,4,Javier Romero Álvarez,,8fd6ad12bccb4470bdbdbf3df0f65389
d917innccmks73d4hqo0,completed,crn:v1:bluemix:public:quantum-computing:us-east:a/8fd6ad12bccb4470bdbdbf3df0f65389:3a1a1f3e-2262-4790-867a-fe146c2f7f2d::,us-east,job,2026-06-29T13:55:42.920Z,2026-06-29T14:02:49.415Z,ibm_fez,4,Javier Romero Álvarez,,8fd6ad12bccb4470bdbdbf3df0f65389
d917ginccmks73d4hmb0,completed,crn:v1:bluemix:public:quantum-computing:us-east:a/8fd6ad12bccb4470bdbdbf3df0f65389:3a1a1f3e-2262-4790-867a-fe146c2f7f2d::,us-east,job,2026-06-29T13:51:06.616Z,2026-06-29T13:51:13.697Z,ibm_fez,4,Javier Romero Álvarez,,8fd6ad12bccb4470bdbdbf3df0f65389
d917dsmu9n7c73am3n10,completed,crn:v1:bluemix:public:quantum-computing:us-east:a/8fd6ad12bccb4470bdbdbf3df0f65389:3a1a1f3e-2262-4790-867a-fe146c2f7f2d::,us-east,job,2026-06-29T13:45:22.934Z,2026-06-29T13:46:47.138Z,ibm_fez,4,Javier Romero Álvarez,,8fd6ad12bccb4470bdbdbf3df0f65389
d917bjb57qjs73b5o1og,completed,crn:v1:bluemix:public:quantum-computing:us-east:a/8fd6ad12bccb4470bdbdbf3df0f65389:3a1a1f3e-2262-4790-867a-fe146c2f7f2d::,us-east,job,2026-06-29T13:40:29.153Z,2026-06-29T13:40:56.065Z,ibm_fez,4,Javier Romero Álvarez,,8fd6ad12bccb4470bdbdbf3df0f65389
d9177v357qjs73b5nrf0,completed,crn:v1:bluemix:public:quantum-computing:us-east:a/8fd6ad12bccb4470bdbdbf3df0f65389:3a1a1f3e-2262-4790-867a-fe146c2f7f2d::,us-east,job,2026-06-29T13:32:44.204Z,2026-06-29T13:36:00.279Z,ibm_fez,4,Javier Romero Álvarez,,8fd6ad12bccb4470bdbdbf3df0f65389
d9175e7qq29s738n1tqg,completed,crn:v1:bluemix:public:quantum-computing:us-east:a/8fd6ad12bccb4470bdbdbf3df0f65389:3a1a1f3e-2262-4790-867a-fe146c2f7f2d::,us-east,job,2026-06-29T13:27:20.120Z,2026-06-29T13:28:18.583Z,ibm_fez,4,Javier Romero Álvarez,,8fd6ad12bccb4470bdbdbf3df0f65389
d9172or57qjs73b5nk40,completed,crn:v1:bluemix:public:quantum-computing:us-east:a/8fd6ad12bccb4470bdbdbf3df0f65389:3a1a1f3e-2262-4790-867a-fe146c2f7f2d::,us-east,job,2026-06-29T13:21:39.594Z,2026-06-29T13:22:57.693Z,ibm_fez,4,Javier Romero Álvarez,,8fd6ad12bccb4470bdbdbf3df0f65389
d9170duu9n7c73am334g,completed,crn:v1:bluemix:public:quantum-computing:us-east:a/8fd6ad12bccb4470bdbdbf3df0f65389:3a1a1f3e-2262-4790-867a-fe146c2f7f2d::,us-east,job,2026-06-29T13:16:39.245Z,2026-06-29T13:17:12.534Z,ibm_fez,4,Javier Romero Álvarez,,8fd6ad12bccb4470bdbdbf3df0f65389
d916spnqq29s738n1ipg,completed,crn:v1:bluemix:public:quantum-computing:us-east:a/8fd6ad12bccb4470bdbdbf3df0f65389:3a1a1f3e-2262-4790-867a-fe146c2f7f2d::,us-east,job,2026-06-29T13:08:54.612Z,2026-06-29T13:12:08.570Z,ibm_fez,4,Javier Romero Álvarez,,8fd6ad12bccb4470bdbdbf3df0f65389
d916q2b57qjs73b5nagg,completed,crn:v1:bluemix:public:quantum-computing:us-east:a/8fd6ad12bccb4470bdbdbf3df0f65389:3a1a1f3e-2262-4790-867a-fe146c2f7f2d::,us-east,job,2026-06-29T13:03:05.467Z,2026-06-29T13:04:25.048Z,ibm_fez,4,Javier Romero Álvarez,,8fd6ad12bccb4470bdbdbf3df0f65389
d916mduu9n7c73am2n80,completed,crn:v1:bluemix:public:quantum-computing:us-east:a/8fd6ad12bccb4470bdbdbf3df0f65389:3a1a1f3e-2262-4790-867a-fe146c2f7f2d::,us-east,job,2026-06-29T12:55:19.084Z,2026-06-29T12:58:38.435Z,ibm_fez,4,Javier Romero Álvarez,,8fd6ad12bccb4470bdbdbf3df0f65389
d916jtmu9n7c73am2k20,completed,crn:v1:bluemix:public:quantum-computing:us-east:a/8fd6ad12bccb4470bdbdbf3df0f65389:3a1a1f3e-2262-4790-867a-fe146c2f7f2d::,us-east,job,2026-06-29T12:49:58.926Z,2026-06-29T12:50:58.489Z,ibm_fez,4,Javier Romero Álvarez,,8fd6ad12bccb4470bdbdbf3df0f65389
d916es357qjs73b5mt6g,completed,crn:v1:bluemix:public:quantum-computing:us-east:a/8fd6ad12bccb4470bdbdbf3df0f65389:3a1a1f3e-2262-4790-867a-fe146c2f7f2d::,us-east,job,2026-06-29T12:39:12.366Z,2026-06-29T12:45:30.636Z,ibm_fez,4,Javier Romero Álvarez,,8fd6ad12bccb4470bdbdbf3df0f65389
d916bsvccmks73d4g7h0,completed,crn:v1:bluemix:public:quantum-computing:us-east:a/8fd6ad12bccb4470bdbdbf3df0f65389:3a1a1f3e-2262-4790-867a-fe146c2f7f2d::,us-east,job,2026-06-29T12:32:51.259Z,2026-06-29T12:34:48.424Z,ibm_fez,4,Javier Romero Álvarez,,8fd6ad12bccb4470bdbdbf3df0f65389
d9169ifccmks73d4g540,completed,crn:v1:bluemix:public:quantum-computing:us-east:a/8fd6ad12bccb4470bdbdbf3df0f65389:3a1a1f3e-2262-4790-867a-fe146c2f7f2d::,us-east,job,2026-06-29T12:27:53.239Z,2026-06-29T12:28:23.776Z,ibm_fez,4,Javier Romero Álvarez,,8fd6ad12bccb4470bdbdbf3df0f65389
d9167dfccmks73d4g1tg,completed,crn:v1:bluemix:public:quantum-computing:us-east:a/8fd6ad12bccb4470bdbdbf3df0f65389:3a1a1f3e-2262-4790-867a-fe146c2f7f2d::,us-east,job,2026-06-29T12:23:17.441Z,2026-06-29T12:23:26.178Z,ibm_fez,4,Javier Romero Álvarez,,8fd6ad12bccb4470bdbdbf3df0f65389
d915pkj57qjs73b5m2i0,completed,crn:v1:bluemix:public:quantum-computing:us-east:a/8fd6ad12bccb4470bdbdbf3df0f65389:3a1a1f3e-2262-4790-867a-fe146c2f7f2d::,us-east,job,2026-06-29T11:53:55.006Z,2026-06-29T12:18:52.461Z,ibm_fez,4,Javier Romero Álvarez,,8fd6ad12bccb4470bdbdbf3df0f65389
d915n5r57qjs73b5lvhg,completed,crn:v1:bluemix:public:quantum-computing:us-east:a/8fd6ad12bccb4470bdbdbf3df0f65389:3a1a1f3e-2262-4790-867a-fe146c2f7f2d::,us-east,job,2026-06-29T11:48:39.961Z,2026-06-29T11:49:28.129Z,ibm_fez,4,Javier Romero Álvarez,,8fd6ad12bccb4470bdbdbf3df0f65389
d915eovqq29s738mvrl0,completed,crn:v1:bluemix:public:quantum-computing:us-east:a/8fd6ad12bccb4470bdbdbf3df0f65389:3a1a1f3e-2262-4790-867a-fe146c2f7f2d::,us-east,job,2026-06-29T11:30:44.002Z,2026-06-29T11:44:11.949Z,ibm_fez,4,Javier Romero Álvarez,,8fd6ad12bccb4470bdbdbf3df0f65389
d915cjfqq29s738mvp0g,completed,crn:v1:bluemix:public:quantum-computing:us-east:a/8fd6ad12bccb4470bdbdbf3df0f65389:3a1a1f3e-2262-4790-867a-fe146c2f7f2d::,us-east,job,2026-06-29T11:26:05.525Z,2026-06-29T11:26:14.134Z,ibm_fez,4,Javier Romero Álvarez,,8fd6ad12bccb4470bdbdbf3df0f65389
d915a6fqq29s738mvmag,completed,crn:v1:bluemix:public:quantum-computing:us-east:a/8fd6ad12bccb4470bdbdbf3df0f65389:3a1a1f3e-2262-4790-867a-fe146c2f7f2d::,us-east,job,2026-06-29T11:20:57.158Z,2026-06-29T11:21:35.218Z,ibm_fez,4,Javier Romero Álvarez,,8fd6ad12bccb4470bdbdbf3df0f65389
d9157nj57qjs73b5lebg,completed,crn:v1:bluemix:public:quantum-computing:us-east:a/8fd6ad12bccb4470bdbdbf3df0f65389:3a1a1f3e-2262-4790-867a-fe146c2f7f2d::,us-east,job,2026-06-29T11:15:42.893Z,2026-06-29T11:16:28.288Z,ibm_fez,4,Javier Romero Álvarez,,8fd6ad12bccb4470bdbdbf3df0f65389
d9155jr57qjs73b5lbfg,completed,crn:v1:bluemix:public:quantum-computing:us-east:a/8fd6ad12bccb4470bdbdbf3df0f65389:3a1a1f3e-2262-4790-867a-fe146c2f7f2d::,us-east,job,2026-06-29T11:11:11.683Z,2026-06-29T11:11:20.271Z,ibm_fez,4,Javier Romero Álvarez,,8fd6ad12bccb4470bdbdbf3df0f65389
d91537nccmks73d4emfg,completed,crn:v1:bluemix:public:quantum-computing:us-east:a/8fd6ad12bccb4470bdbdbf3df0f65389:3a1a1f3e-2262-4790-867a-fe146c2f7f2d::,us-east,job,2026-06-29T11:06:06.336Z,2026-06-29T11:06:41.681Z,ibm_fez,4,Javier Romero Álvarez,,8fd6ad12bccb4470bdbdbf3df0f65389
d9150o7ccmks73d4ej80,completed,crn:v1:bluemix:public:quantum-computing:us-east:a/8fd6ad12bccb4470bdbdbf3df0f65389:3a1a1f3e-2262-4790-867a-fe146c2f7f2d::,us-east,job,2026-06-29T11:00:48.533Z,2026-06-29T11:01:35.977Z,ibm_fez,4,Javier Romero Álvarez,,8fd6ad12bccb4470bdbdbf3df0f65389
d914uiuu9n7c73am0jb0,completed,crn:v1:bluemix:public:quantum-computing:us-east:a/8fd6ad12bccb4470bdbdbf3df0f65389:3a1a1f3e-2262-4790-867a-fe146c2f7f2d::,us-east,job,2026-06-29T10:56:11.402Z,2026-06-29T10:56:19.701Z,ibm_fez,4,Javier Romero Álvarez,,8fd6ad12bccb4470bdbdbf3df0f65389
d914s8nccmks73d4ed70,completed,crn:v1:bluemix:public:quantum-computing:us-east:a/8fd6ad12bccb4470bdbdbf3df0f65389:3a1a1f3e-2262-4790-867a-fe146c2f7f2d::,us-east,job,2026-06-29T10:51:14.713Z,2026-06-29T10:51:44.131Z,ibm_fez,4,Javier Romero Álvarez,,8fd6ad12bccb4470bdbdbf3df0f65389
d914q0mu9n7c73am0e90,completed,crn:v1:bluemix:public:quantum-computing:us-east:a/8fd6ad12bccb4470bdbdbf3df0f65389:3a1a1f3e-2262-4790-867a-fe146c2f7f2d::,us-east,job,2026-06-29T10:46:26.516Z,2026-06-29T10:46:41.941Z,ibm_fez,4,Javier Romero Álvarez,,8fd6ad12bccb4470bdbdbf3df0f65389
d914nofqq29s738muvfg,completed,crn:v1:bluemix:public:quantum-computing:us-east:a/8fd6ad12bccb4470bdbdbf3df0f65389:3a1a1f3e-2262-4790-867a-fe146c2f7f2d::,us-east,job,2026-06-29T10:41:37.604Z,2026-06-29T10:41:55.634Z,ibm_fez,4,Javier Romero Álvarez,,8fd6ad12bccb4470bdbdbf3df0f65389
d914lhmu9n7c73am09fg,completed,crn:v1:bluemix:public:quantum-computing:us-east:a/8fd6ad12bccb4470bdbdbf3df0f65389:3a1a1f3e-2262-4790-867a-fe146c2f7f2d::,us-east,job,2026-06-29T10:36:54.613Z,2026-06-29T10:37:13.456Z,ibm_fez,4,Javier Romero Álvarez,,8fd6ad12bccb4470bdbdbf3df0f65389
d914j5mu9n7c73am06pg,completed,crn:v1:bluemix:public:quantum-computing:us-east:a/8fd6ad12bccb4470bdbdbf3df0f65389:3a1a1f3e-2262-4790-867a-fe146c2f7f2d::,us-east,job,2026-06-29T10:31:50.427Z,2026-06-29T10:32:24.941Z,ibm_fez,4,Javier Romero Álvarez,,8fd6ad12bccb4470bdbdbf3df0f65389
d914gsvqq29s738munkg,completed,crn:v1:bluemix:public:quantum-computing:us-east:a/8fd6ad12bccb4470bdbdbf3df0f65389:3a1a1f3e-2262-4790-867a-fe146c2f7f2d::,us-east,job,2026-06-29T10:26:59.389Z,2026-06-29T10:27:21.181Z,ibm_fez,4,Javier Romero Álvarez,,8fd6ad12bccb4470bdbdbf3df0f65389
d914eevccmks73d4dsog,completed,crn:v1:bluemix:public:quantum-computing:us-east:a/8fd6ad12bccb4470bdbdbf3df0f65389:3a1a1f3e-2262-4790-867a-fe146c2f7f2d::,us-east,job,2026-06-29T10:21:47.854Z,2026-06-29T10:22:31.314Z,ibm_fez,4,Javier Romero Álvarez,,8fd6ad12bccb4470bdbdbf3df0f65389
d914c77qq29s738mugdg,completed,crn:v1:bluemix:public:quantum-computing:us-east:a/8fd6ad12bccb4470bdbdbf3df0f65389:3a1a1f3e-2262-4790-867a-fe146c2f7f2d::,us-east,job,2026-06-29T10:17:00.781Z,2026-06-29T10:17:25.577Z,ibm_fez,4,Javier Romero Álvarez,,8fd6ad12bccb4470bdbdbf3df0f65389
d914a27qq29s738muclg,completed,crn:v1:bluemix:public:quantum-computing:us-east:a/8fd6ad12bccb4470bdbdbf3df0f65389:3a1a1f3e-2262-4790-867a-fe146c2f7f2d::,us-east,job,2026-06-29T10:12:24.924Z,2026-06-29T10:12:32.212Z,ibm_fez,4,Javier Romero Álvarez,,8fd6ad12bccb4470bdbdbf3df0f65389
d9147jnqq29s738mu8o0,completed,crn:v1:bluemix:public:quantum-computing:us-east:a/8fd6ad12bccb4470bdbdbf3df0f65389:3a1a1f3e-2262-4790-867a-fe146c2f7f2d::,us-east,job,2026-06-29T10:07:10.831Z,2026-06-29T10:07:55.388Z,ibm_fez,4,Javier Romero Álvarez,,8fd6ad12bccb4470bdbdbf3df0f65389
d9145cr57qjs73b5k19g,completed,crn:v1:bluemix:public:quantum-computing:us-east:a/8fd6ad12bccb4470bdbdbf3df0f65389:3a1a1f3e-2262-4790-867a-fe146c2f7f2d::,us-east,job,2026-06-29T10:02:27.502Z,2026-06-29T10:02:40.440Z,ibm_fez,4,Javier Romero Álvarez,,8fd6ad12bccb4470bdbdbf3df0f65389
d91435r57qjs73b5js40,completed,crn:v1:bluemix:public:quantum-computing:us-east:a/8fd6ad12bccb4470bdbdbf3df0f65389:3a1a1f3e-2262-4790-867a-fe146c2f7f2d::,us-east,job,2026-06-29T09:57:43.464Z,2026-06-29T09:57:51.212Z,ibm_fez,4,Javier Romero Álvarez,,8fd6ad12bccb4470bdbdbf3df0f65389
d9140v7ccmks73d4d400,completed,crn:v1:bluemix:public:quantum-computing:us-east:a/8fd6ad12bccb4470bdbdbf3df0f65389:3a1a1f3e-2262-4790-867a-fe146c2f7f2d::,us-east,job,2026-06-29T09:53:00.202Z,2026-06-29T09:53:07.998Z,ibm_fez,4,Javier Romero Álvarez,,8fd6ad12bccb4470bdbdbf3df0f65389
d913uq6u9n7c73alv5bg,completed,crn:v1:bluemix:public:quantum-computing:us-east:a/8fd6ad12bccb4470bdbdbf3df0f65389:3a1a1f3e-2262-4790-867a-fe146c2f7f2d::,us-east,job,2026-06-29T09:48:24.261Z,2026-06-29T09:48:32.511Z,ibm_fez,4,Javier Romero Álvarez,,8fd6ad12bccb4470bdbdbf3df0f65389
d913slr57qjs73b5jhug,completed,crn:v1:bluemix:public:quantum-computing:us-east:a/8fd6ad12bccb4470bdbdbf3df0f65389:3a1a1f3e-2262-4790-867a-fe146c2f7f2d::,us-east,job,2026-06-29T09:43:51.245Z,2026-06-29T09:43:59.088Z,ibm_fez,4,Javier Romero Álvarez,,8fd6ad12bccb4470bdbdbf3df0f65389
d913qq7qq29s738mtj4g,completed,crn:v1:bluemix:public:quantum-computing:us-east:a/8fd6ad12bccb4470bdbdbf3df0f65389:3a1a1f3e-2262-4790-867a-fe146c2f7f2d::,us-east,job,2026-06-29T09:39:53.068Z,2026-06-29T09:40:07.026Z,ibm_fez,5,Javier Romero Álvarez,,8fd6ad12bccb4470bdbdbf3df0f65389
d913p17qq29s738mth5g,completed,crn:v1:bluemix:public:quantum-computing:us-east:a/8fd6ad12bccb4470bdbdbf3df0f65389:3a1a1f3e-2262-4790-867a-fe146c2f7f2d::,us-east,job,2026-06-29T09:36:04.435Z,2026-06-29T09:36:11.249Z,ibm_fez,5,Javier Romero Álvarez,,8fd6ad12bccb4470bdbdbf3df0f65389
d913mcr57qjs73b5jaf0,completed,crn:v1:bluemix:public:quantum-computing:us-east:a/8fd6ad12bccb4470bdbdbf3df0f65389:3a1a1f3e-2262-4790-867a-fe146c2f7f2d::,us-east,job,2026-06-29T09:30:27.718Z,2026-06-29T09:30:35.503Z,ibm_fez,5,Javier Romero Álvarez,,8fd6ad12bccb4470bdbdbf3df0f65389
d9129h6u9n7c73alsjn0,completed,crn:v1:bluemix:public:quantum-computing:us-east:a/8fd6ad12bccb4470bdbdbf3df0f65389:3a1a1f3e-2262-4790-867a-fe146c2f7f2d::,us-east,job,2026-06-29T07:54:44.160Z,2026-06-29T09:16:01.661Z,ibm_fez,5,Javier Romero Álvarez,,8fd6ad12bccb4470bdbdbf3df0f65389
d911mrnccmks73d49mo0,completed,crn:v1:bluemix:public:quantum-computing:us-east:a/8fd6ad12bccb4470bdbdbf3df0f65389:3a1a1f3e-2262-4790-867a-fe146c2f7f2d::,us-east,job,2026-06-29T07:14:54.446Z,2026-06-29T09:15:57.904Z,ibm_fez,4,Javier Romero Álvarez,,8fd6ad12bccb4470bdbdbf3df0f65389
d8v5q0mmvj5c73eh6khg,completed,crn:v1:bluemix:public:quantum-computing:us-east:a/8fd6ad12bccb4470bdbdbf3df0f65389:3a1a1f3e-2262-4790-867a-fe146c2f7f2d::,us-east,job,2026-06-26T11:05:38.429Z,2026-06-26T11:05:46.274Z,ibm_fez,4,Javier Romero Álvarez,,8fd6ad12bccb4470bdbdbf3df0f65389
d8v5km0pknjs73a0c090,completed,crn:v1:bluemix:public:quantum-computing:us-east:a/8fd6ad12bccb4470bdbdbf3df0f65389:3a1a1f3e-2262-4790-867a-fe146c2f7f2d::,us-east,job,2026-06-26T10:54:16.336Z,2026-06-26T11:01:38.352Z,ibm_fez,4,Javier Romero Álvarez,,8fd6ad12bccb4470bdbdbf3df0f65389
d8v5imopknjs73a0bs6g,completed,crn:v1:bluemix:public:quantum-computing:us-east:a/8fd6ad12bccb4470bdbdbf3df0f65389:3a1a1f3e-2262-4790-867a-fe146c2f7f2d::,us-east,job,2026-06-26T10:50:03.671Z,2026-06-26T10:50:14.657Z,ibm_fez,4,Javier Romero Álvarez,,8fd6ad12bccb4470bdbdbf3df0f65389
d8v5glhropqc738bnkb0,completed,crn:v1:bluemix:public:quantum-computing:us-east:a/8fd6ad12bccb4470bdbdbf3df0f65389:3a1a1f3e-2262-4790-867a-fe146c2f7f2d::,us-east,job,2026-06-26T10:45:42.409Z,2026-06-26T10:46:01.781Z,ibm_fez,4,Javier Romero Álvarez,,8fd6ad12bccb4470bdbdbf3df0f65389
d8v5b0opknjs73a0bes0,completed,crn:v1:bluemix:public:quantum-computing:us-east:a/8fd6ad12bccb4470bdbdbf3df0f65389:3a1a1f3e-2262-4790-867a-fe146c2f7f2d::,us-east,job,2026-06-26T10:33:39.269Z,2026-06-26T10:41:44.167Z,ibm_fez,4,Javier Romero Álvarez,,8fd6ad12bccb4470bdbdbf3df0f65389
d8v5920pknjs73a0bb7g,completed,crn:v1:bluemix:public:quantum-computing:us-east:a/8fd6ad12bccb4470bdbdbf3df0f65389:3a1a1f3e-2262-4790-867a-fe146c2f7f2d::,us-east,job,2026-06-26T10:29:28.539Z,2026-06-26T10:29:39.177Z,ibm_fez,4,Javier Romero Álvarez,,8fd6ad12bccb4470bdbdbf3df0f65389
d8v57386c68s73ag1sf0,completed,crn:v1:bluemix:public:quantum-computing:us-east:a/8fd6ad12bccb4470bdbdbf3df0f65389:3a1a1f3e-2262-4790-867a-fe146c2f7f2d::,us-east,job,2026-06-26T10:25:17.777Z,2026-06-26T10:25:24.253Z,ibm_fez,4,Javier Romero Álvarez,,8fd6ad12bccb4470bdbdbf3df0f65389
d8v555gpknjs73a0b4t0,completed,crn:v1:bluemix:public:quantum-computing:us-east:a/8fd6ad12bccb4470bdbdbf3df0f65389:3a1a1f3e-2262-4790-867a-fe146c2f7f2d::,us-east,job,2026-06-26T10:21:10.711Z,2026-06-26T10:21:17.956Z,ibm_fez,4,Javier Romero Álvarez,,8fd6ad12bccb4470bdbdbf3df0f65389
d8v52n06c68s73ag1kgg,completed,crn:v1:bluemix:public:quantum-computing:us-east:a/8fd6ad12bccb4470bdbdbf3df0f65389:3a1a1f3e-2262-4790-867a-fe146c2f7f2d::,us-east,job,2026-06-26T10:15:56.103Z,2026-06-26T10:17:09.341Z,ibm_fez,4,Javier Romero Álvarez,,8fd6ad12bccb4470bdbdbf3df0f65389
d8v50n6mvj5c73eh5890,completed,crn:v1:bluemix:public:quantum-computing:us-east:a/8fd6ad12bccb4470bdbdbf3df0f65389:3a1a1f3e-2262-4790-867a-fe146c2f7f2d::,us-east,job,2026-06-26T10:11:40.752Z,2026-06-26T10:11:56.444Z,ibm_fez,4,Javier Romero Álvarez,,8fd6ad12bccb4470bdbdbf3df0f65389
d8v4uopropqc738bmjrg,completed,crn:v1:bluemix:public:quantum-computing:us-east:a/8fd6ad12bccb4470bdbdbf3df0f65389:3a1a1f3e-2262-4790-867a-fe146c2f7f2d::,us-east,job,2026-06-26T10:07:32.011Z,2026-06-26T10:07:38.983Z,ibm_fez,4,Javier Romero Álvarez,,8fd6ad12bccb4470bdbdbf3df0f65389
d8v4sq06c68s73ag17k0,completed,crn:v1:bluemix:public:quantum-computing:us-east:a/8fd6ad12bccb4470bdbdbf3df0f65389:3a1a1f3e-2262-4790-867a-fe146c2f7f2d::,us-east,job,2026-06-26T10:03:20.852Z,2026-06-26T10:03:30.988Z,ibm_fez,4,Javier Romero Álvarez,,8fd6ad12bccb4470bdbdbf3df0f65389
d8v4l7propqc738blto0,completed,crn:v1:bluemix:public:quantum-computing:us-east:a/8fd6ad12bccb4470bdbdbf3df0f65389:3a1a1f3e-2262-4790-867a-fe146c2f7f2d::,us-east,job,2026-06-26T09:47:11.703Z,2026-06-26T09:59:20.474Z,ibm_fez,4,Javier Romero Álvarez,,8fd6ad12bccb4470bdbdbf3df0f65389
d8v4ga0pknjs73a09kog,completed,crn:v1:bluemix:public:quantum-computing:us-east:a/8fd6ad12bccb4470bdbdbf3df0f65389:3a1a1f3e-2262-4790-867a-fe146c2f7f2d::,us-east,job,2026-06-26T09:36:40.758Z,2026-06-26T09:43:10.942Z,ibm_fez,4,Javier Romero Álvarez,,8fd6ad12bccb4470bdbdbf3df0f65389
d8v4ecgpknjs73a09g1g,completed,crn:v1:bluemix:public:quantum-computing:us-east:a/8fd6ad12bccb4470bdbdbf3df0f65389:3a1a1f3e-2262-4790-867a-fe146c2f7f2d::,us-east,job,2026-06-26T09:32:35.050Z,2026-06-26T09:32:42.381Z,ibm_fez,4,Javier Romero Álvarez,,8fd6ad12bccb4470bdbdbf3df0f65389
d8v4cehropqc738bl9e0,completed,crn:v1:bluemix:public:quantum-computing:us-east:a/8fd6ad12bccb4470bdbdbf3df0f65389:3a1a1f3e-2262-4790-867a-fe146c2f7f2d::,us-east,job,2026-06-26T09:28:26.822Z,2026-06-26T09:28:33.307Z,ibm_fez,4,Javier Romero Álvarez,,8fd6ad12bccb4470bdbdbf3df0f65389
d8v4afgpknjs73a096vg,completed,crn:v1:bluemix:public:quantum-computing:us-east:a/8fd6ad12bccb4470bdbdbf3df0f65389:3a1a1f3e-2262-4790-867a-fe146c2f7f2d::,us-east,job,2026-06-26T09:24:14.528Z,2026-06-26T09:24:25.517Z,ibm_fez,4,Javier Romero Álvarez,,8fd6ad12bccb4470bdbdbf3df0f65389
d8v48g1ropqc738bl0og,completed,crn:v1:bluemix:public:quantum-computing:us-east:a/8fd6ad12bccb4470bdbdbf3df0f65389:3a1a1f3e-2262-4790-867a-fe146c2f7f2d::,us-east,job,2026-06-26T09:20:00.685Z,2026-06-26T09:20:13.418Z,ibm_fez,4,Javier Romero Álvarez,,8fd6ad12bccb4470bdbdbf3df0f65389
d8v46io6c68s73afvkk0,completed,crn:v1:bluemix:public:quantum-computing:us-east:a/8fd6ad12bccb4470bdbdbf3df0f65389:3a1a1f3e-2262-4790-867a-fe146c2f7f2d::,us-east,job,2026-06-26T09:15:55.336Z,2026-06-26T09:16:01.645Z,ibm_fez,4,Javier Romero Álvarez,,8fd6ad12bccb4470bdbdbf3df0f65389
d8v4528pknjs73a08q3g,completed,crn:v1:bluemix:public:quantum-computing:us-east:a/8fd6ad12bccb4470bdbdbf3df0f65389:3a1a1f3e-2262-4790-867a-fe146c2f7f2d::,us-east,job,2026-06-26T09:12:42.023Z,2026-06-26T09:12:48.995Z,ibm_fez,5,Javier Romero Álvarez,,8fd6ad12bccb4470bdbdbf3df0f65389
d8v43aemvj5c73eh34dg,completed,crn:v1:bluemix:public:quantum-computing:us-east:a/8fd6ad12bccb4470bdbdbf3df0f65389:3a1a1f3e-2262-4790-867a-fe146c2f7f2d::,us-east,job,2026-06-26T09:08:57.764Z,2026-06-26T09:09:04.182Z,ibm_fez,5,Javier Romero Álvarez,,8fd6ad12bccb4470bdbdbf3df0f65389
d8v3u8gpknjs73a089f0,completed,crn:v1:bluemix:public:quantum-computing:us-east:a/8fd6ad12bccb4470bdbdbf3df0f65389:3a1a1f3e-2262-4790-867a-fe146c2f7f2d::,us-east,job,2026-06-26T08:58:10.259Z,2026-06-26T08:58:17.749Z,ibm_fez,5,Javier Romero Álvarez,,8fd6ad12bccb4470bdbdbf3df0f65389
d8v3sg8pknjs73a0858g,completed,crn:v1:bluemix:public:quantum-computing:us-east:a/8fd6ad12bccb4470bdbdbf3df0f65389:3a1a1f3e-2262-4790-867a-fe146c2f7f2d::,us-east,job,2026-06-26T08:54:25.508Z,2026-06-26T08:54:32.130Z,ibm_fez,5,Javier Romero Álvarez,,8fd6ad12bccb4470bdbdbf3df0f65389
d8v3nl9ropqc738bjp80,completed,crn:v1:bluemix:public:quantum-computing:us-east:a/8fd6ad12bccb4470bdbdbf3df0f65389:3a1a1f3e-2262-4790-867a-fe146c2f7f2d::,us-east,job,2026-06-26T08:44:05.552Z,2026-06-26T08:44:12.372Z,ibm_fez,4,Javier Romero Álvarez,,8fd6ad12bccb4470bdbdbf3df0f65389
d8v3kgemvj5c73eh21m0,completed,crn:v1:bluemix:public:quantum-computing:us-east:a/8fd6ad12bccb4470bdbdbf3df0f65389:3a1a1f3e-2262-4790-867a-fe146c2f7f2d::,us-east,job,2026-06-26T08:37:21.060Z,2026-06-26T08:40:07.270Z,ibm_fez,4,Javier Romero Álvarez,,8fd6ad12bccb4470bdbdbf3df0f65389
d8v3d4hropqc738bj0ng,completed,crn:v1:bluemix:public:quantum-computing:us-east:a/8fd6ad12bccb4470bdbdbf3df0f65389:3a1a1f3e-2262-4790-867a-fe146c2f7f2d::,us-east,job,2026-06-26T08:21:38.370Z,2026-06-26T08:33:25.858Z,ibm_fez,5,Javier Romero Álvarez,,8fd6ad12bccb4470bdbdbf3df0f65389
d8v3cnopknjs73a06ujg,completed,crn:v1:bluemix:public:quantum-computing:us-east:a/8fd6ad12bccb4470bdbdbf3df0f65389:3a1a1f3e-2262-4790-867a-fe146c2f7f2d::,us-east,job,2026-06-26T08:20:47.068Z,2026-06-26T08:33:22.278Z,ibm_fez,4,Javier Romero Álvarez,,8fd6ad12bccb4470bdbdbf3df0f65389
d8v3aphropqc738biqq0,completed,crn:v1:bluemix:public:quantum-computing:us-east:a/8fd6ad12bccb4470bdbdbf3df0f65389:3a1a1f3e-2262-4790-867a-fe146c2f7f2d::,us-east,job,2026-06-26T08:16:38.669Z,2026-06-26T08:16:46.176Z,ibm_fez,4,Javier Romero Álvarez,,8fd6ad12bccb4470bdbdbf3df0f65389
d8v39shropqc738bioo0,completed,crn:v1:bluemix:public:quantum-computing:us-east:a/8fd6ad12bccb4470bdbdbf3df0f65389:3a1a1f3e-2262-4790-867a-fe146c2f7f2d::,us-east,job,2026-06-26T08:14:42.889Z,2026-06-26T08:14:49.704Z,ibm_fez,5,Javier Romero Álvarez,,8fd6ad12bccb4470bdbdbf3df0f65389
d8v38rg6c68s73aftf40,completed,crn:v1:bluemix:public:quantum-computing:us-east:a/8fd6ad12bccb4470bdbdbf3df0f65389:3a1a1f3e-2262-4790-867a-fe146c2f7f2d::,us-east,job,2026-06-26T08:12:30.530Z,2026-06-26T08:12:37.177Z,ibm_fez,4,Javier Romero Álvarez,,8fd6ad12bccb4470bdbdbf3df0f65389
d8v3550pknjs73a06cu0,completed,crn:v1:bluemix:public:quantum-computing:us-east:a/8fd6ad12bccb4470bdbdbf3df0f65389:3a1a1f3e-2262-4790-867a-fe146c2f7f2d::,us-east,job,2026-06-26T08:04:36.263Z,2026-06-26T08:08:30.940Z,ibm_fez,4,Javier Romero Álvarez,,8fd6ad12bccb4470bdbdbf3df0f65389
d8v2uso6c68s73afsnb0,failed,crn:v1:bluemix:public:quantum-computing:us-east:a/8fd6ad12bccb4470bdbdbf3df0f65389:3a1a1f3e-2262-4790-867a-fe146c2f7f2d::,us-east,job,2026-06-26T07:51:15.925Z,2026-06-26T08:08:24.508Z,ibm_fez,0,Javier Romero Álvarez,,8fd6ad12bccb4470bdbdbf3df0f65389
d8v2r90pknjs73a05kag,completed,crn:v1:bluemix:public:quantum-computing:us-east:a/8fd6ad12bccb4470bdbdbf3df0f65389:3a1a1f3e-2262-4790-867a-fe146c2f7f2d::,us-east,job,2026-06-26T07:43:32.651Z,2026-06-26T08:00:35.731Z,ibm_fez,4,Javier Romero Álvarez,,8fd6ad12bccb4470bdbdbf3df0f65389
d8v2mimmvj5c73egvs5g,completed,crn:v1:bluemix:public:quantum-computing:us-east:a/8fd6ad12bccb4470bdbdbf3df0f65389:3a1a1f3e-2262-4790-867a-fe146c2f7f2d::,us-east,job,2026-06-26T07:33:30.304Z,2026-06-26T07:39:32.407Z,ibm_fez,4,Javier Romero Álvarez,,8fd6ad12bccb4470bdbdbf3df0f65389
d8v2k20pknjs73a052dg,completed,crn:v1:bluemix:public:quantum-computing:us-east:a/8fd6ad12bccb4470bdbdbf3df0f65389:3a1a1f3e-2262-4790-867a-fe146c2f7f2d::,us-east,job,2026-06-26T07:28:08.556Z,2026-06-26T07:29:30.703Z,ibm_fez,4,Javier Romero Álvarez,,8fd6ad12bccb4470bdbdbf3df0f65389
d8uithkbp3hs73863oi0,completed,crn:v1:bluemix:public:quantum-computing:us-east:a/8fd6ad12bccb4470bdbdbf3df0f65389:3a1a1f3e-2262-4790-867a-fe146c2f7f2d::,us-east,job,2026-06-25T13:36:06.399Z,2026-06-25T13:36:13.526Z,ibm_fez,4,Javier Romero Álvarez,,8fd6ad12bccb4470bdbdbf3df0f65389
d8uirj4tqbtc73d1sjpg,completed,crn:v1:bluemix:public:quantum-computing:us-east:a/8fd6ad12bccb4470bdbdbf3df0f65389:3a1a1f3e-2262-4790-867a-fe146c2f7f2d::,us-east,job,2026-06-25T13:31:56.858Z,2026-06-25T13:32:03.649Z,ibm_fez,4,Javier Romero Álvarez,,8fd6ad12bccb4470bdbdbf3df0f65389
d8uipjsbp3hs73863fh0,completed,crn:v1:bluemix:public:quantum-computing:us-east:a/8fd6ad12bccb4470bdbdbf3df0f65389:3a1a1f3e-2262-4790-867a-fe146c2f7f2d::,us-east,job,2026-06-25T13:27:43.114Z,2026-06-25T13:27:55.267Z,ibm_fez,4,Javier Romero Álvarez,,8fd6ad12bccb4470bdbdbf3df0f65389
d8uinl4bp3hs73863b3g,completed,crn:v1:bluemix:public:quantum-computing:us-east:a/8fd6ad12bccb4470bdbdbf3df0f65389:3a1a1f3e-2262-4790-867a-fe146c2f7f2d::,us-east,job,2026-06-25T13:23:32.468Z,2026-06-25T13:23:42.887Z,ibm_fez,4,Javier Romero Álvarez,,8fd6ad12bccb4470bdbdbf3df0f65389
d8uilkctqbtc73d1s7p0,completed,crn:v1:bluemix:public:quantum-computing:us-east:a/8fd6ad12bccb4470bdbdbf3df0f65389:3a1a1f3e-2262-4790-867a-fe146c2f7f2d::,us-east,job,2026-06-25T13:19:13.275Z,2026-06-25T13:19:31.308Z,ibm_fez,4,Javier Romero Álvarez,,8fd6ad12bccb4470bdbdbf3df0f65389
d8uijmsbp3hs738634c0,completed,crn:v1:bluemix:public:quantum-computing:us-east:a/8fd6ad12bccb4470bdbdbf3df0f65389:3a1a1f3e-2262-4790-867a-fe146c2f7f2d::,us-east,job,2026-06-25T13:15:07.383Z,2026-06-25T13:15:13.875Z,ibm_fez,4,Javier Romero Álvarez,,8fd6ad12bccb4470bdbdbf3df0f65389
d8uihllbh0os73er3i8g,completed,crn:v1:bluemix:public:quantum-computing:us-east:a/8fd6ad12bccb4470bdbdbf3df0f65389:3a1a1f3e-2262-4790-867a-fe146c2f7f2d::,us-east,job,2026-06-25T13:10:46.263Z,2026-06-25T13:11:07.603Z,ibm_fez,4,Javier Romero Álvarez,,8fd6ad12bccb4470bdbdbf3df0f65389
d8uifntbh0os73er3fqg,completed,crn:v1:bluemix:public:quantum-computing:us-east:a/8fd6ad12bccb4470bdbdbf3df0f65389:3a1a1f3e-2262-4790-867a-fe146c2f7f2d::,us-east,job,2026-06-25T13:06:39.797Z,2026-06-25T13:06:47.811Z,ibm_fez,4,Javier Romero Álvarez,,8fd6ad12bccb4470bdbdbf3df0f65389
d8uid6lposuc738q7nig,completed,crn:v1:bluemix:public:quantum-computing:us-east:a/8fd6ad12bccb4470bdbdbf3df0f65389:3a1a1f3e-2262-4790-867a-fe146c2f7f2d::,us-east,job,2026-06-25T13:01:14.403Z,2026-06-25T13:02:41.331Z,ibm_fez,4,Javier Romero Álvarez,,8fd6ad12bccb4470bdbdbf3df0f65389
d8uib2tbh0os73er3a7g,completed,crn:v1:bluemix:public:quantum-computing:us-east:a/8fd6ad12bccb4470bdbdbf3df0f65389:3a1a1f3e-2262-4790-867a-fe146c2f7f2d::,us-east,job,2026-06-25T12:56:43.823Z,2026-06-25T12:57:12.403Z,ibm_fez,4,Javier Romero Álvarez,,8fd6ad12bccb4470bdbdbf3df0f65389
d8ui94lbh0os73er37sg,completed,crn:v1:bluemix:public:quantum-computing:us-east:a/8fd6ad12bccb4470bdbdbf3df0f65389:3a1a1f3e-2262-4790-867a-fe146c2f7f2d::,us-east,job,2026-06-25T12:52:34.192Z,2026-06-25T12:52:44.771Z,ibm_fez,4,Javier Romero Álvarez,,8fd6ad12bccb4470bdbdbf3df0f65389
d8ui75tposuc738q7ge0,completed,crn:v1:bluemix:public:quantum-computing:us-east:a/8fd6ad12bccb4470bdbdbf3df0f65389:3a1a1f3e-2262-4790-867a-fe146c2f7f2d::,us-east,job,2026-06-25T12:48:23.990Z,2026-06-25T12:48:31.447Z,ibm_fez,4,Javier Romero Álvarez,,8fd6ad12bccb4470bdbdbf3df0f65389
d8ui53lbh0os73er335g,completed,crn:v1:bluemix:public:quantum-computing:us-east:a/8fd6ad12bccb4470bdbdbf3df0f65389:3a1a1f3e-2262-4790-867a-fe146c2f7f2d::,us-east,job,2026-06-25T12:43:58.842Z,2026-06-25T12:44:23.048Z,ibm_fez,4,Javier Romero Álvarez,,8fd6ad12bccb4470bdbdbf3df0f65389
d8ui354bp3hs73862fqg,completed,crn:v1:bluemix:public:quantum-computing:us-east:a/8fd6ad12bccb4470bdbdbf3df0f65389:3a1a1f3e-2262-4790-867a-fe146c2f7f2d::,us-east,job,2026-06-25T12:39:48.238Z,2026-06-25T12:39:57.618Z,ibm_fez,4,Javier Romero Álvarez,,8fd6ad12bccb4470bdbdbf3df0f65389
d8ui175bh0os73er2sf0,completed,crn:v1:bluemix:public:quantum-computing:us-east:a/8fd6ad12bccb4470bdbdbf3df0f65389:3a1a1f3e-2262-4790-867a-fe146c2f7f2d::,us-east,job,2026-06-25T12:35:40.296Z,2026-06-25T12:35:47.565Z,ibm_fez,4,Javier Romero Álvarez,,8fd6ad12bccb4470bdbdbf3df0f65389
d8uhv95posuc738q734g,completed,crn:v1:bluemix:public:quantum-computing:us-east:a/8fd6ad12bccb4470bdbdbf3df0f65389:3a1a1f3e-2262-4790-867a-fe146c2f7f2d::,us-east,job,2026-06-25T12:31:33.004Z,2026-06-25T12:31:39.840Z,ibm_fez,4,Javier Romero Álvarez,,8fd6ad12bccb4470bdbdbf3df0f65389
d8uht9cbp3hs738623gg,completed,crn:v1:bluemix:public:quantum-computing:us-east:a/8fd6ad12bccb4470bdbdbf3df0f65389:3a1a1f3e-2262-4790-867a-fe146c2f7f2d::,us-east,job,2026-06-25T12:27:17.085Z,2026-06-25T12:27:32.151Z,ibm_fez,4,Javier Romero Álvarez,,8fd6ad12bccb4470bdbdbf3df0f65389
d8uhqgkbp3hs73861v80,completed,crn:v1:bluemix:public:quantum-computing:us-east:a/8fd6ad12bccb4470bdbdbf3df0f65389:3a1a1f3e-2262-4790-867a-fe146c2f7f2d::,us-east,job,2026-06-25T12:21:22.907Z,2026-06-25T12:23:15.788Z,ibm_fez,4,Javier Romero Álvarez,,8fd6ad12bccb4470bdbdbf3df0f65389
d8uhk1tposuc738q6hr0,completed,crn:v1:bluemix:public:quantum-computing:us-east:a/8fd6ad12bccb4470bdbdbf3df0f65389:3a1a1f3e-2262-4790-867a-fe146c2f7f2d::,us-east,job,2026-06-25T12:07:35.147Z,2026-06-25T12:17:23.863Z,ibm_fez,4,Javier Romero Álvarez,,8fd6ad12bccb4470bdbdbf3df0f65389
d8uhf6dbh0os73er21pg,completed,crn:v1:bluemix:public:quantum-computing:us-east:a/8fd6ad12bccb4470bdbdbf3df0f65389:3a1a1f3e-2262-4790-867a-fe146c2f7f2d::,us-east,job,2026-06-25T11:57:13.414Z,2026-06-25T12:03:35.739Z,ibm_fez,4,Javier Romero Álvarez,,8fd6ad12bccb4470bdbdbf3df0f65389
d8uhd8lbh0os73er1vhg,completed,crn:v1:bluemix:public:quantum-computing:us-east:a/8fd6ad12bccb4470bdbdbf3df0f65389:3a1a1f3e-2262-4790-867a-fe146c2f7f2d::,us-east,job,2026-06-25T11:53:06.802Z,2026-06-25T11:53:13.679Z,ibm_fez,4,Javier Romero Álvarez,,8fd6ad12bccb4470bdbdbf3df0f65389
d8uhbbcbp3hs73861bcg,completed,crn:v1:bluemix:public:quantum-computing:us-east:a/8fd6ad12bccb4470bdbdbf3df0f65389:3a1a1f3e-2262-4790-867a-fe146c2f7f2d::,us-east,job,2026-06-25T11:49:01.211Z,2026-06-25T11:49:08.537Z,ibm_fez,4,Javier Romero Álvarez,,8fd6ad12bccb4470bdbdbf3df0f65389
d8uh545posuc738q5t0g,completed,crn:v1:bluemix:public:quantum-computing:us-east:a/8fd6ad12bccb4470bdbdbf3df0f65389:3a1a1f3e-2262-4790-867a-fe146c2f7f2d::,us-east,job,2026-06-25T11:35:44.684Z,2026-06-25T11:44:59.600Z,ibm_fez,4,Javier Romero Álvarez,,8fd6ad12bccb4470bdbdbf3df0f65389
d8uh1llposuc738q5ovg,completed,crn:v1:bluemix:public:quantum-computing:us-east:a/8fd6ad12bccb4470bdbdbf3df0f65389:3a1a1f3e-2262-4790-867a-fe146c2f7f2d::,us-east,job,2026-06-25T11:28:22.090Z,2026-06-25T11:31:44.638Z,ibm_fez,4,Javier Romero Álvarez,,8fd6ad12bccb4470bdbdbf3df0f65389
d8ugvndposuc738q5mcg,completed,crn:v1:bluemix:public:quantum-computing:us-east:a/8fd6ad12bccb4470bdbdbf3df0f65389:3a1a1f3e-2262-4790-867a-fe146c2f7f2d::,us-east,job,2026-06-25T11:24:13.795Z,2026-06-25T11:24:22.352Z,ibm_fez,4,Javier Romero Álvarez,,8fd6ad12bccb4470bdbdbf3df0f65389
d8uguf4tqbtc73d1pq1g,completed,crn:v1:bluemix:public:quantum-computing:us-east:a/8fd6ad12bccb4470bdbdbf3df0f65389:3a1a1f3e-2262-4790-867a-fe146c2f7f2d::,us-east,job,2026-06-25T11:21:32.737Z,2026-06-25T11:21:40.248Z,ibm_fez,5,Javier Romero Álvarez,,8fd6ad12bccb4470bdbdbf3df0f65389
d8ugtpktqbtc73d1pov0,completed,crn:v1:bluemix:public:quantum-computing:us-east:a/8fd6ad12bccb4470bdbdbf3df0f65389:3a1a1f3e-2262-4790-867a-fe146c2f7f2d::,us-east,job,2026-06-25T11:20:06.302Z,2026-06-25T11:20:13.242Z,ibm_fez,4,Javier Romero Álvarez,,8fd6ad12bccb4470bdbdbf3df0f65389
d8ugrmcbp3hs73860k9g,completed,crn:v1:bluemix:public:quantum-computing:us-east:a/8fd6ad12bccb4470bdbdbf3df0f65389:3a1a1f3e-2262-4790-867a-fe146c2f7f2d::,us-east,job,2026-06-25T11:15:37.354Z,2026-06-25T11:16:04.241Z,ibm_fez,4,Javier Romero Álvarez,,8fd6ad12bccb4470bdbdbf3df0f65389
d8ugo3kbp3hs73860f20,completed,crn:v1:bluemix:public:quantum-computing:us-east:a/8fd6ad12bccb4470bdbdbf3df0f65389:3a1a1f3e-2262-4790-867a-fe146c2f7f2d::,us-east,job,2026-06-25T11:07:58.081Z,2026-06-25T11:11:37.353Z,ibm_fez,4,Javier Romero Álvarez,,8fd6ad12bccb4470bdbdbf3df0f65389
d8ugjltbh0os73er0p9g,completed,crn:v1:bluemix:public:quantum-computing:us-east:a/8fd6ad12bccb4470bdbdbf3df0f65389:3a1a1f3e-2262-4790-867a-fe146c2f7f2d::,us-east,job,2026-06-25T10:58:31.823Z,2026-06-25T11:03:58.003Z,ibm_fez,4,Javier Romero Álvarez,,8fd6ad12bccb4470bdbdbf3df0f65389
d8ugg3stqbtc73d1p010,completed,crn:v1:bluemix:public:quantum-computing:us-east:a/8fd6ad12bccb4470bdbdbf3df0f65389:3a1a1f3e-2262-4790-867a-fe146c2f7f2d::,us-east,job,2026-06-25T10:50:55.653Z,2026-06-25T10:54:31.381Z,ibm_fez,4,Javier Romero Álvarez,,8fd6ad12bccb4470bdbdbf3df0f65389
d8ug9l5bh0os73er02mg,completed,crn:v1:bluemix:public:quantum-computing:us-east:a/8fd6ad12bccb4470bdbdbf3df0f65389:3a1a1f3e-2262-4790-867a-fe146c2f7f2d::,us-east,job,2026-06-25T10:37:08.578Z,2026-06-25T10:46:54.026Z,ibm_fez,4,Javier Romero Álvarez,,8fd6ad12bccb4470bdbdbf3df0f65389
d8ug7olposuc738q46cg,completed,crn:v1:bluemix:public:quantum-computing:us-east:a/8fd6ad12bccb4470bdbdbf3df0f65389:3a1a1f3e-2262-4790-867a-fe146c2f7f2d::,us-east,job,2026-06-25T10:33:06.393Z,2026-06-25T10:33:14.852Z,ibm_fez,4,Javier Romero Álvarez,,8fd6ad12bccb4470bdbdbf3df0f65389
d8ug4tdbh0os73eqvnhg,completed,crn:v1:bluemix:public:quantum-computing:us-east:a/8fd6ad12bccb4470bdbdbf3df0f65389:3a1a1f3e-2262-4790-867a-fe146c2f7f2d::,us-east,job,2026-06-25T10:27:01.987Z,2026-06-25T10:29:06.608Z,ibm_fez,4,Javier Romero Álvarez,,8fd6ad12bccb4470bdbdbf3df0f65389
d8ug2vsbp3hs7385uslg,completed,crn:v1:bluemix:public:quantum-computing:us-east:a/8fd6ad12bccb4470bdbdbf3df0f65389:3a1a1f3e-2262-4790-867a-fe146c2f7f2d::,us-east,job,2026-06-25T10:22:55.220Z,2026-06-25T10:23:02.651Z,ibm_fez,4,Javier Romero Álvarez,,8fd6ad12bccb4470bdbdbf3df0f65389
d8ug11dposuc738q3n00,completed,crn:v1:bluemix:public:quantum-computing:us-east:a/8fd6ad12bccb4470bdbdbf3df0f65389:3a1a1f3e-2262-4790-867a-fe146c2f7f2d::,us-east,job,2026-06-25T10:18:46.099Z,2026-06-25T10:18:54.026Z,ibm_fez,4,Javier Romero Álvarez,,8fd6ad12bccb4470bdbdbf3df0f65389
d8ufracbp3hs7385u8qg,completed,crn:v1:bluemix:public:quantum-computing:us-east:a/8fd6ad12bccb4470bdbdbf3df0f65389:3a1a1f3e-2262-4790-867a-fe146c2f7f2d::,us-east,job,2026-06-25T10:06:33.861Z,2026-06-25T10:14:45.364Z,ibm_fez,4,Javier Romero Álvarez,,8fd6ad12bccb4470bdbdbf3df0f65389
d8ufpcstqbtc73d1ncfg,completed,crn:v1:bluemix:public:quantum-computing:us-east:a/8fd6ad12bccb4470bdbdbf3df0f65389:3a1a1f3e-2262-4790-867a-fe146c2f7f2d::,us-east,job,2026-06-25T10:02:27.873Z,2026-06-25T10:02:34.660Z,ibm_fez,4,Javier Romero Álvarez,,8fd6ad12bccb4470bdbdbf3df0f65389
d8ufm9tposuc738q2t50,completed,crn:v1:bluemix:public:quantum-computing:us-east:a/8fd6ad12bccb4470bdbdbf3df0f65389:3a1a1f3e-2262-4790-867a-fe146c2f7f2d::,us-east,job,2026-06-25T09:55:51.591Z,2026-06-25T09:58:22.925Z,ibm_fez,4,Javier Romero Álvarez,,8fd6ad12bccb4470bdbdbf3df0f65389
d8ufkbdbh0os73equiig,completed,crn:v1:bluemix:public:quantum-computing:us-east:a/8fd6ad12bccb4470bdbdbf3df0f65389:3a1a1f3e-2262-4790-867a-fe146c2f7f2d::,us-east,job,2026-06-25T09:51:41.765Z,2026-06-25T09:51:49.491Z,ibm_fez,4,Javier Romero Álvarez,,8fd6ad12bccb4470bdbdbf3df0f65389
d8ufia5posuc738q2lsg,completed,crn:v1:bluemix:public:quantum-computing:us-east:a/8fd6ad12bccb4470bdbdbf3df0f65389:3a1a1f3e-2262-4790-867a-fe146c2f7f2d::,us-east,job,2026-06-25T09:47:20.995Z,2026-06-25T09:47:39.520Z,ibm_fez,4,Javier Romero Álvarez,,8fd6ad12bccb4470bdbdbf3df0f65389
d8ufemlbh0os73equa9g,completed,crn:v1:bluemix:public:quantum-computing:us-east:a/8fd6ad12bccb4470bdbdbf3df0f65389:3a1a1f3e-2262-4790-867a-fe146c2f7f2d::,us-east,job,2026-06-25T09:39:38.456Z,2026-06-25T09:43:19.472Z,ibm_fez,4,Javier Romero Álvarez,,8fd6ad12bccb4470bdbdbf3df0f65389
d8ufcnsbp3hs7385tbt0,completed,crn:v1:bluemix:public:quantum-computing:us-east:a/8fd6ad12bccb4470bdbdbf3df0f65389:3a1a1f3e-2262-4790-867a-fe146c2f7f2d::,us-east,job,2026-06-25T09:35:28.048Z,2026-06-25T09:35:35.928Z,ibm_fez,4,Javier Romero Álvarez,,8fd6ad12bccb4470bdbdbf3df0f65389
d8ufaqkbp3hs7385t8e0,completed,crn:v1:bluemix:public:quantum-computing:us-east:a/8fd6ad12bccb4470bdbdbf3df0f65389:3a1a1f3e-2262-4790-867a-fe146c2f7f2d::,us-east,job,2026-06-25T09:31:22.289Z,2026-06-25T09:31:29.008Z,ibm_fez,4,Javier Romero Álvarez,,8fd6ad12bccb4470bdbdbf3df0f65389
d8uf5udbh0os73eqtsk0,completed,crn:v1:bluemix:public:quantum-computing:us-east:a/8fd6ad12bccb4470bdbdbf3df0f65389:3a1a1f3e-2262-4790-867a-fe146c2f7f2d::,us-east,job,2026-06-25T09:20:57.884Z,2026-06-25T09:27:18.717Z,ibm_fez,4,Javier Romero Álvarez,,8fd6ad12bccb4470bdbdbf3df0f65389
d8ue8pktqbtc73d1kuc0,completed,crn:v1:bluemix:public:quantum-computing:us-east:a/8fd6ad12bccb4470bdbdbf3df0f65389:3a1a1f3e-2262-4790-867a-fe146c2f7f2d::,us-east,job,2026-06-25T08:18:46.842Z,2026-06-25T09:16:55.798Z,ibm_fez,4,Javier Romero Álvarez,,8fd6ad12bccb4470bdbdbf3df0f65389
d8ue6i4bp3hs7385rdeg,completed,crn:v1:bluemix:public:quantum-computing:us-east:a/8fd6ad12bccb4470bdbdbf3df0f65389:3a1a1f3e-2262-4790-867a-fe146c2f7f2d::,us-east,job,2026-06-25T08:14:00.931Z,2026-06-25T08:14:46.267Z,ibm_fez,4,Javier Romero Álvarez,,8fd6ad12bccb4470bdbdbf3df0f65389
d8udnrkbp3hs7385qm70,completed,crn:v1:bluemix:public:quantum-computing:us-east:a/8fd6ad12bccb4470bdbdbf3df0f65389:3a1a1f3e-2262-4790-867a-fe146c2f7f2d::,us-east,job,2026-06-25T07:42:38.104Z,2026-06-25T08:10:00.912Z,ibm_fez,4,Javier Romero Álvarez,,8fd6ad12bccb4470bdbdbf3df0f65389
d8ud7edbh0os73eqqpt0,completed,crn:v1:bluemix:public:quantum-computing:us-east:a/8fd6ad12bccb4470bdbdbf3df0f65389:3a1a1f3e-2262-4790-867a-fe146c2f7f2d::,us-east,job,2026-06-25T07:07:37.298Z,2026-06-25T07:38:37.287Z,ibm_fez,4,Javier Romero Álvarez,,8fd6ad12bccb4470bdbdbf3df0f65389
d8ts0dlposuc738p7b90,completed,crn:v1:bluemix:public:quantum-computing:us-east:a/8fd6ad12bccb4470bdbdbf3df0f65389:3a1a1f3e-2262-4790-867a-fe146c2f7f2d::,us-east,job,2026-06-24T11:32:06.576Z,2026-06-24T11:32:13.242Z,ibm_fez,4,Javier Romero Álvarez,,8fd6ad12bccb4470bdbdbf3df0f65389
d8trspstqbtc73d0scs0,completed,crn:v1:bluemix:public:quantum-computing:us-east:a/8fd6ad12bccb4470bdbdbf3df0f65389:3a1a1f3e-2262-4790-867a-fe146c2f7f2d::,us-east,job,2026-06-24T11:24:23.568Z,2026-06-24T11:31:29.159Z,ibm_fez,4,Javier Romero Álvarez,,8fd6ad12bccb4470bdbdbf3df0f65389
d8trp5lposuc738p730g,canceled,crn:v1:bluemix:public:quantum-computing:us-east:a/8fd6ad12bccb4470bdbdbf3df0f65389:3a1a1f3e-2262-4790-867a-fe146c2f7f2d::,us-east,job,2026-06-24T11:16:38.555Z,2026-06-24T11:24:21.261Z,ibm_fez,0,Javier Romero Álvarez,,8fd6ad12bccb4470bdbdbf3df0f65389
d8trn25posuc738p70t0,completed,crn:v1:bluemix:public:quantum-computing:us-east:a/8fd6ad12bccb4470bdbdbf3df0f65389:3a1a1f3e-2262-4790-867a-fe146c2f7f2d::,us-east,job,2026-06-24T11:12:08.111Z,2026-06-24T11:12:41.144Z,ibm_fez,4,Javier Romero Álvarez,,8fd6ad12bccb4470bdbdbf3df0f65389
d8trkvctqbtc73d0s3g0,completed,crn:v1:bluemix:public:quantum-computing:us-east:a/8fd6ad12bccb4470bdbdbf3df0f65389:3a1a1f3e-2262-4790-867a-fe146c2f7f2d::,us-east,job,2026-06-24T11:07:41.499Z,2026-06-24T11:08:09.659Z,ibm_fez,4,Javier Romero Álvarez,,8fd6ad12bccb4470bdbdbf3df0f65389
d8trj04bp3hs73851dmg,completed,crn:v1:bluemix:public:quantum-computing:us-east:a/8fd6ad12bccb4470bdbdbf3df0f65389:3a1a1f3e-2262-4790-867a-fe146c2f7f2d::,us-east,job,2026-06-24T11:03:28.041Z,2026-06-24T11:03:34.870Z,ibm_fez,4,Javier Romero Álvarez,,8fd6ad12bccb4470bdbdbf3df0f65389
d8trbi4bp3hs738514kg,completed,crn:v1:bluemix:public:quantum-computing:us-east:a/8fd6ad12bccb4470bdbdbf3df0f65389:3a1a1f3e-2262-4790-867a-fe146c2f7f2d::,us-east,job,2026-06-24T10:47:36.640Z,2026-06-24T10:47:44.893Z,ibm_fez,4,Javier Romero Álvarez,,8fd6ad12bccb4470bdbdbf3df0f65389
d8tr3flposuc738p6af0,completed,crn:v1:bluemix:public:quantum-computing:us-east:a/8fd6ad12bccb4470bdbdbf3df0f65389:3a1a1f3e-2262-4790-867a-fe146c2f7f2d::,us-east,job,2026-06-24T10:30:22.774Z,2026-06-24T10:35:51.063Z,ibm_fez,4,Javier Romero Álvarez,,8fd6ad12bccb4470bdbdbf3df0f65389
d8tquaktqbtc73d0r9ag,completed,crn:v1:bluemix:public:quantum-computing:us-east:a/8fd6ad12bccb4470bdbdbf3df0f65389:3a1a1f3e-2262-4790-867a-fe146c2f7f2d::,us-east,job,2026-06-24T10:19:22.342Z,2026-06-24T10:20:21.979Z,ibm_fez,4,Javier Romero Álvarez,,8fd6ad12bccb4470bdbdbf3df0f65389
d8tpeptposuc738p3g20,completed,crn:v1:bluemix:public:quantum-computing:us-east:a/8fd6ad12bccb4470bdbdbf3df0f65389:3a1a1f3e-2262-4790-867a-fe146c2f7f2d::,us-east,job,2026-06-24T08:37:59.868Z,2026-06-24T08:38:06.692Z,ibm_fez,4,Javier Romero Álvarez,,8fd6ad12bccb4470bdbdbf3df0f65389
d8l7gfg32u0s73f9k7pg,completed,crn:v1:bluemix:public:quantum-computing:us-east:a/8fd6ad12bccb4470bdbdbf3df0f65389:3a1a1f3e-2262-4790-867a-fe146c2f7f2d::,us-east,job,2026-06-11T08:56:30.349Z,2026-06-11T09:00:46.092Z,ibm_fez,10,Javier Romero Álvarez,,8fd6ad12bccb4470bdbdbf3df0f65389
d8l7d8r2d42s73cb2g6g,completed,crn:v1:bluemix:public:quantum-computing:us-east:a/8fd6ad12bccb4470bdbdbf3df0f65389:3a1a1f3e-2262-4790-867a-fe146c2f7f2d::,us-east,job,2026-06-11T08:49:39.552Z,2026-06-11T08:49:47.142Z,ibm_fez,5,Javier Romero Álvarez,,8fd6ad12bccb4470bdbdbf3df0f65389
d8l7bijqv2lc73864iag,canceled,crn:v1:bluemix:public:quantum-computing:us-east:a/8fd6ad12bccb4470bdbdbf3df0f65389:3a1a1f3e-2262-4790-867a-fe146c2f7f2d::,us-east,job,2026-06-11T08:46:02.447Z,2026-06-11T08:47:17.090Z,ibm_kingston,0,Javier Romero Álvarez,,8fd6ad12bccb4470bdbdbf3df0f65389
d8kke1j2d42s73caavdg,canceled,crn:v1:bluemix:public:quantum-computing:us-east:a/8fd6ad12bccb4470bdbdbf3df0f65389:3a1a1f3e-2262-4790-867a-fe146c2f7f2d::,us-east,job,2026-06-10T11:14:14.623Z,2026-06-10T11:30:58.551Z,ibm_kingston,0,Javier Romero Álvarez,,8fd6ad12bccb4470bdbdbf3df0f65389
d8ki0qo32u0s73f8po70,completed,crn:v1:bluemix:public:quantum-computing:us-east:a/8fd6ad12bccb4470bdbdbf3df0f65389:3a1a1f3e-2262-4790-867a-fe146c2f7f2d::,us-east,job,2026-06-10T08:29:31.294Z,2026-06-10T08:29:41.683Z,ibm_kingston,5,Javier Romero Álvarez,,8fd6ad12bccb4470bdbdbf3df0f65389
d8jujgjnn5bs738q5bvg,completed,crn:v1:bluemix:public:quantum-computing:us-east:a/8fd6ad12bccb4470bdbdbf3df0f65389:3a1a1f3e-2262-4790-867a-fe146c2f7f2d::,us-east,job,2026-06-09T10:24:02.756Z,2026-06-09T10:24:11.178Z,ibm_fez,5,Javier Romero Álvarez,,8fd6ad12bccb4470bdbdbf3df0f65389
d8juin32d42s73c9gt7g,completed,crn:v1:bluemix:public:quantum-computing:us-east:a/8fd6ad12bccb4470bdbdbf3df0f65389:3a1a1f3e-2262-4790-867a-fe146c2f7f2d::,us-east,job,2026-06-09T10:22:20.243Z,2026-06-09T10:22:28.822Z,ibm_fez,5,Javier Romero Álvarez,,8fd6ad12bccb4470bdbdbf3df0f65389
d8jugqbqv2lc7384j7q0,completed,crn:v1:bluemix:public:quantum-computing:us-east:a/8fd6ad12bccb4470bdbdbf3df0f65389:3a1a1f3e-2262-4790-867a-fe146c2f7f2d::,us-east,job,2026-06-09T10:18:17.486Z,2026-06-09T10:18:26.228Z,ibm_fez,5,Javier Romero Álvarez,,8fd6ad12bccb4470bdbdbf3df0f65389
d8har1dv8cos73f46p00,completed,crn:v1:bluemix:public:quantum-computing:us-east:a/8fd6ad12bccb4470bdbdbf3df0f65389:3a1a1f3e-2262-4790-867a-fe146c2f7f2d::,us-east,job,2026-06-05T11:05:41.344Z,2026-06-05T11:06:07.505Z,ibm_fez,23,Javier Romero Álvarez,,8fd6ad12bccb4470bdbdbf3df0f65389
d8h8u3tv8cos73f44f20,completed,crn:v1:bluemix:public:quantum-computing:us-east:a/8fd6ad12bccb4470bdbdbf3df0f65389:3a1a1f3e-2262-4790-867a-fe146c2f7f2d::,us-east,job,2026-06-05T08:55:43.608Z,2026-06-05T08:56:12.078Z,ibm_fez,25,Javier Romero Álvarez,,8fd6ad12bccb4470bdbdbf3df0f65389
d81gqevoha1c73bkclq0,completed,crn:v1:bluemix:public:quantum-computing:us-east:a/8fd6ad12bccb4470bdbdbf3df0f65389:3a1a1f3e-2262-4790-867a-fe146c2f7f2d::,us-east,job,2026-05-12T11:21:31.406Z,2026-05-12T11:22:34.450Z,ibm_fez,8,Javier Romero Álvarez,,8fd6ad12bccb4470bdbdbf3df0f65389
d81gjdfoha1c73bkcdo0,completed,crn:v1:bluemix:public:quantum-computing:us-east:a/8fd6ad12bccb4470bdbdbf3df0f65389:3a1a1f3e-2262-4790-867a-fe146c2f7f2d::,us-east,job,2026-05-12T11:06:29.917Z,2026-05-12T11:06:57.707Z,ibm_fez,5,Javier Romero Álvarez,,8fd6ad12bccb4470bdbdbf3df0f65389
d81gfqmgbeec73aki150,completed,crn:v1:bluemix:public:quantum-computing:us-east:a/8fd6ad12bccb4470bdbdbf3df0f65389:3a1a1f3e-2262-4790-867a-fe146c2f7f2d::,us-east,job,2026-05-12T10:58:50.230Z,2026-05-12T10:59:45.996Z,ibm_fez,6,Javier Romero Álvarez,,8fd6ad12bccb4470bdbdbf3df0f65389
d81g8mg0bvlc73d12kbg,completed,crn:v1:bluemix:public:quantum-computing:us-east:a/8fd6ad12bccb4470bdbdbf3df0f65389:3a1a1f3e-2262-4790-867a-fe146c2f7f2d::,us-east,job,2026-05-12T10:43:38.517Z,2026-05-12T10:44:06.804Z,ibm_fez,5,Javier Romero Álvarez,,8fd6ad12bccb4470bdbdbf3df0f65389
d81g54ugbeec73akhhs0,completed,crn:v1:bluemix:public:quantum-computing:us-east:a/8fd6ad12bccb4470bdbdbf3df0f65389:3a1a1f3e-2262-4790-867a-fe146c2f7f2d::,us-east,job,2026-05-12T10:36:03.906Z,2026-05-12T10:37:00.062Z,ibm_fez,7,Javier Romero Álvarez,,8fd6ad12bccb4470bdbdbf3df0f65389
d81fu0ftjchs73bmrm20,completed,crn:v1:bluemix:public:quantum-computing:us-east:a/8fd6ad12bccb4470bdbdbf3df0f65389:3a1a1f3e-2262-4790-867a-fe146c2f7f2d::,us-east,job,2026-05-12T10:20:49.864Z,2026-05-12T10:21:27.556Z,ibm_fez,5,Javier Romero Álvarez,,8fd6ad12bccb4470bdbdbf3df0f65389
d81flafoha1c73bkb990,completed,crn:v1:bluemix:public:quantum-computing:us-east:a/8fd6ad12bccb4470bdbdbf3df0f65389:3a1a1f3e-2262-4790-867a-fe146c2f7f2d::,us-east,job,2026-05-12T10:02:17.783Z,2026-05-12T10:14:02.206Z,ibm_fez,7,Javier Romero Álvarez,,8fd6ad12bccb4470bdbdbf3df0f65389
d81feaftjchs73bmr210,completed,crn:v1:bluemix:public:quantum-computing:us-east:a/8fd6ad12bccb4470bdbdbf3df0f65389:3a1a1f3e-2262-4790-867a-fe146c2f7f2d::,us-east,job,2026-05-12T09:47:21.575Z,2026-05-12T09:47:48.504Z,ibm_fez,5,Javier Romero Álvarez,,8fd6ad12bccb4470bdbdbf3df0f65389
d81f837oha1c73bkamng,completed,crn:v1:bluemix:public:quantum-computing:us-east:a/8fd6ad12bccb4470bdbdbf3df0f65389:3a1a1f3e-2262-4790-867a-fe146c2f7f2d::,us-east,job,2026-05-12T09:34:04.950Z,2026-05-12T09:40:54.097Z,ibm_fez,7,Javier Romero Álvarez,,8fd6ad12bccb4470bdbdbf3df0f65389
d81f0dg0bvlc73d10ud0,completed,crn:v1:bluemix:public:quantum-computing:us-east:a/8fd6ad12bccb4470bdbdbf3df0f65389:3a1a1f3e-2262-4790-867a-fe146c2f7f2d::,us-east,job,2026-05-12T09:17:42.231Z,2026-05-12T09:18:25.100Z,ibm_fez,8,Javier Romero Álvarez,,8fd6ad12bccb4470bdbdbf3df0f65389
d81esq80bvlc73d10pag,completed,crn:v1:bluemix:public:quantum-computing:us-east:a/8fd6ad12bccb4470bdbdbf3df0f65389:3a1a1f3e-2262-4790-867a-fe146c2f7f2d::,us-east,job,2026-05-12T09:10:02.130Z,2026-05-12T09:11:02.512Z,ibm_fez,7,Javier Romero Álvarez,,8fd6ad12bccb4470bdbdbf3df0f65389
d81ei880bvlc73d10ae0,completed,crn:v1:bluemix:public:quantum-computing:us-east:a/8fd6ad12bccb4470bdbdbf3df0f65389:3a1a1f3e-2262-4790-867a-fe146c2f7f2d::,us-east,job,2026-05-12T08:47:29.482Z,2026-05-12T08:54:36.183Z,ibm_fez,5,Javier Romero Álvarez,,8fd6ad12bccb4470bdbdbf3df0f65389
d81eekvtjchs73bmpl80,completed,crn:v1:bluemix:public:quantum-computing:us-east:a/8fd6ad12bccb4470bdbdbf3df0f65389:3a1a1f3e-2262-4790-867a-fe146c2f7f2d::,us-east,job,2026-05-12T08:39:48.140Z,2026-05-12T08:40:47.484Z,ibm_fez,7,Javier Romero Álvarez,,8fd6ad12bccb4470bdbdbf3df0f65389
d81e6eg0bvlc73d0vqfg,completed,crn:v1:bluemix:public:quantum-computing:us-east:a/8fd6ad12bccb4470bdbdbf3df0f65389:3a1a1f3e-2262-4790-867a-fe146c2f7f2d::,us-east,job,2026-05-12T08:22:18.788Z,2026-05-12T08:23:35.488Z,ibm_fez,9,Javier Romero Álvarez,,8fd6ad12bccb4470bdbdbf3df0f65389
d81a3lugbeec73ak9frg,failed,crn:v1:bluemix:public:quantum-computing:us-east:a/8fd6ad12bccb4470bdbdbf3df0f65389:3a1a1f3e-2262-4790-867a-fe146c2f7f2d::,us-east,job,2026-05-12T03:43:19.229Z,2026-05-12T03:43:41.932Z,ibm_fez,0,Javier Romero Álvarez,,8fd6ad12bccb4470bdbdbf3df0f65389
d819vs00bvlc73d0q5mg,completed,crn:v1:bluemix:public:quantum-computing:us-east:a/8fd6ad12bccb4470bdbdbf3df0f65389:3a1a1f3e-2262-4790-867a-fe146c2f7f2d::,us-east,job,2026-05-12T03:35:12.598Z,2026-05-12T03:36:13.112Z,ibm_fez,10,Javier Romero Álvarez,,8fd6ad12bccb4470bdbdbf3df0f65389
d819opegbeec73ak935g,completed,crn:v1:bluemix:public:quantum-computing:us-east:a/8fd6ad12bccb4470bdbdbf3df0f65389:3a1a1f3e-2262-4790-867a-fe146c2f7f2d::,us-east,job,2026-05-12T03:20:06.783Z,2026-05-12T03:20:37.162Z,ibm_fez,6,Javier Romero Álvarez,,8fd6ad12bccb4470bdbdbf3df0f65389
d819k880bvlc73d0pom0,completed,crn:v1:bluemix:public:quantum-computing:us-east:a/8fd6ad12bccb4470bdbdbf3df0f65389:3a1a1f3e-2262-4790-867a-fe146c2f7f2d::,us-east,job,2026-05-12T03:10:25.928Z,2026-05-12T03:12:46.042Z,ibm_fez,6,Javier Romero Álvarez,,8fd6ad12bccb4470bdbdbf3df0f65389
d819d6foha1c73bk35e0,completed,crn:v1:bluemix:public:quantum-computing:us-east:a/8fd6ad12bccb4470bdbdbf3df0f65389:3a1a1f3e-2262-4790-867a-fe146c2f7f2d::,us-east,job,2026-05-12T02:55:21.489Z,2026-05-12T02:55:51.737Z,ibm_fez,5,Javier Romero Álvarez,,8fd6ad12bccb4470bdbdbf3df0f65389
d8199g7tjchs73bmitug,completed,crn:v1:bluemix:public:quantum-computing:us-east:a/8fd6ad12bccb4470bdbdbf3df0f65389:3a1a1f3e-2262-4790-867a-fe146c2f7f2d::,us-east,job,2026-05-12T02:47:28.547Z,2026-05-12T02:48:22.177Z,ibm_fez,6,Javier Romero Álvarez,,8fd6ad12bccb4470bdbdbf3df0f65389
d8192aegbeec73ak89kg,completed,crn:v1:bluemix:public:quantum-computing:us-east:a/8fd6ad12bccb4470bdbdbf3df0f65389:3a1a1f3e-2262-4790-867a-fe146c2f7f2d::,us-east,job,2026-05-12T02:32:09.755Z,2026-05-12T02:32:39.347Z,ibm_fez,5,Javier Romero Álvarez,,8fd6ad12bccb4470bdbdbf3df0f65389
d818uivoha1c73bk2l8g,completed,crn:v1:bluemix:public:quantum-computing:us-east:a/8fd6ad12bccb4470bdbdbf3df0f65389:3a1a1f3e-2262-4790-867a-fe146c2f7f2d::,us-east,job,2026-05-12T02:24:12.118Z,2026-05-12T02:25:07.899Z,ibm_fez,7,Javier Romero Álvarez,,8fd6ad12bccb4470bdbdbf3df0f65389
d818nc80bvlc73d0oo5g,completed,crn:v1:bluemix:public:quantum-computing:us-east:a/8fd6ad12bccb4470bdbdbf3df0f65389:3a1a1f3e-2262-4790-867a-fe146c2f7f2d::,us-east,job,2026-05-12T02:08:49.144Z,2026-05-12T02:09:19.592Z,ibm_fez,5,Javier Romero Álvarez,,8fd6ad12bccb4470bdbdbf3df0f65389
d818jk7oha1c73bk2950,completed,crn:v1:bluemix:public:quantum-computing:us-east:a/8fd6ad12bccb4470bdbdbf3df0f65389:3a1a1f3e-2262-4790-867a-fe146c2f7f2d::,us-east,job,2026-05-12T02:00:48.942Z,2026-05-12T02:01:46.957Z,ibm_fez,10,Javier Romero Álvarez,,8fd6ad12bccb4470bdbdbf3df0f65389
d818ch80bvlc73d0och0,completed,crn:v1:bluemix:public:quantum-computing:us-east:a/8fd6ad12bccb4470bdbdbf3df0f65389:3a1a1f3e-2262-4790-867a-fe146c2f7f2d::,us-east,job,2026-05-12T01:45:41.194Z,2026-05-12T01:46:11.748Z,ibm_fez,5,Javier Romero Álvarez,,8fd6ad12bccb4470bdbdbf3df0f65389
d8188p6gbeec73ak7d00,completed,crn:v1:bluemix:public:quantum-computing:us-east:a/8fd6ad12bccb4470bdbdbf3df0f65389:3a1a1f3e-2262-4790-867a-fe146c2f7f2d::,us-east,job,2026-05-12T01:37:40.757Z,2026-05-12T01:38:36.631Z,ibm_fez,6,Javier Romero Álvarez,,8fd6ad12bccb4470bdbdbf3df0f65389
d8181jegbeec73ak75fg,completed,crn:v1:bluemix:public:quantum-computing:us-east:a/8fd6ad12bccb4470bdbdbf3df0f65389:3a1a1f3e-2262-4790-867a-fe146c2f7f2d::,us-east,job,2026-05-12T01:22:21.739Z,2026-05-12T01:22:56.939Z,ibm_fez,5,Javier Romero Álvarez,,8fd6ad12bccb4470bdbdbf3df0f65389
d817ttftjchs73bmhd10,completed,crn:v1:bluemix:public:quantum-computing:us-east:a/8fd6ad12bccb4470bdbdbf3df0f65389:3a1a1f3e-2262-4790-867a-fe146c2f7f2d::,us-east,job,2026-05-12T01:14:29.374Z,2026-05-12T01:15:25.773Z,ibm_fez,7,Javier Romero Álvarez,,8fd6ad12bccb4470bdbdbf3df0f65389
d817montjchs73bmh3og,completed,crn:v1:bluemix:public:quantum-computing:us-east:a/8fd6ad12bccb4470bdbdbf3df0f65389:3a1a1f3e-2262-4790-867a-fe146c2f7f2d::,us-east,job,2026-05-12T00:59:15.060Z,2026-05-12T00:59:41.811Z,ibm_fez,5,Javier Romero Álvarez,,8fd6ad12bccb4470bdbdbf3df0f65389
d817j8vtjchs73bmgvj0,completed,crn:v1:bluemix:public:quantum-computing:us-east:a/8fd6ad12bccb4470bdbdbf3df0f65389:3a1a1f3e-2262-4790-867a-fe146c2f7f2d::,us-east,job,2026-05-12T00:51:47.759Z,2026-05-12T00:52:48.259Z,ibm_fez,6,Javier Romero Álvarez,,8fd6ad12bccb4470bdbdbf3df0f65389
d817bk80bvlc73d0n530,completed,crn:v1:bluemix:public:quantum-computing:us-east:a/8fd6ad12bccb4470bdbdbf3df0f65389:3a1a1f3e-2262-4790-867a-fe146c2f7f2d::,us-east,job,2026-05-12T00:35:29.212Z,2026-05-12T00:36:07.713Z,ibm_fez,9,Javier Romero Álvarez,,8fd6ad12bccb4470bdbdbf3df0f65389
d81783foha1c73bk0keg,completed,crn:v1:bluemix:public:quantum-computing:us-east:a/8fd6ad12bccb4470bdbdbf3df0f65389:3a1a1f3e-2262-4790-867a-fe146c2f7f2d::,us-east,job,2026-05-12T00:27:57.850Z,2026-05-12T00:29:06.453Z,ibm_fez,6,Javier Romero Álvarez,,8fd6ad12bccb4470bdbdbf3df0f65389
d8170gvoha1c73bk0aq0,completed,crn:v1:bluemix:public:quantum-computing:us-east:a/8fd6ad12bccb4470bdbdbf3df0f65389:3a1a1f3e-2262-4790-867a-fe146c2f7f2d::,us-east,job,2026-05-12T00:11:48.076Z,2026-05-12T00:12:13.004Z,ibm_fez,5,Javier Romero Álvarez,,8fd6ad12bccb4470bdbdbf3df0f65389
d816t16gbeec73ak5osg,completed,crn:v1:bluemix:public:quantum-computing:us-east:a/8fd6ad12bccb4470bdbdbf3df0f65389:3a1a1f3e-2262-4790-867a-fe146c2f7f2d::,us-east,job,2026-05-12T00:04:20.511Z,2026-05-12T00:05:26.237Z,ibm_fez,11,Javier Romero Álvarez,,8fd6ad12bccb4470bdbdbf3df0f65389
d816ldntjchs73bmfr8g,completed,crn:v1:bluemix:public:quantum-computing:us-east:a/8fd6ad12bccb4470bdbdbf3df0f65389:3a1a1f3e-2262-4790-867a-fe146c2f7f2d::,us-east,job,2026-05-11T23:48:06.517Z,2026-05-11T23:48:32.240Z,ibm_fez,5,Javier Romero Álvarez,,8fd6ad12bccb4470bdbdbf3df0f65389
d816huftjchs73bmfngg,completed,crn:v1:bluemix:public:quantum-computing:us-east:a/8fd6ad12bccb4470bdbdbf3df0f65389:3a1a1f3e-2262-4790-867a-fe146c2f7f2d::,us-east,job,2026-05-11T23:40:41.927Z,2026-05-11T23:41:43.292Z,ibm_fez,7,Javier Romero Álvarez,,8fd6ad12bccb4470bdbdbf3df0f65389
d816acntjchs73bmff5g,completed,crn:v1:bluemix:public:quantum-computing:us-east:a/8fd6ad12bccb4470bdbdbf3df0f65389:3a1a1f3e-2262-4790-867a-fe146c2f7f2d::,us-east,job,2026-05-11T23:24:35.010Z,2026-05-11T23:25:02.205Z,ibm_fez,5,Javier Romero Álvarez,,8fd6ad12bccb4470bdbdbf3df0f65389
d8166tvoha1c73bjvd0g,completed,crn:v1:bluemix:public:quantum-computing:us-east:a/8fd6ad12bccb4470bdbdbf3df0f65389:3a1a1f3e-2262-4790-867a-fe146c2f7f2d::,us-east,job,2026-05-11T23:17:12.117Z,2026-05-11T23:18:09.873Z,ibm_fez,6,Javier Romero Álvarez,,8fd6ad12bccb4470bdbdbf3df0f65389
d815vbegbeec73ak4le0,completed,crn:v1:bluemix:public:quantum-computing:us-east:a/8fd6ad12bccb4470bdbdbf3df0f65389:3a1a1f3e-2262-4790-867a-fe146c2f7f2d::,us-east,job,2026-05-11T23:01:01.407Z,2026-05-11T23:01:25.544Z,ibm_fez,5,Javier Romero Álvarez,,8fd6ad12bccb4470bdbdbf3df0f65389
d815rrugbeec73ak4hi0,completed,crn:v1:bluemix:public:quantum-computing:us-east:a/8fd6ad12bccb4470bdbdbf3df0f65389:3a1a1f3e-2262-4790-867a-fe146c2f7f2d::,us-east,job,2026-05-11T22:53:35.512Z,2026-05-11T22:54:49.624Z,ibm_fez,7,Javier Romero Álvarez,,8fd6ad12bccb4470bdbdbf3df0f65389
d815cpmgbeec73ak41g0,completed,crn:v1:bluemix:public:quantum-computing:us-east:a/8fd6ad12bccb4470bdbdbf3df0f65389:3a1a1f3e-2262-4790-867a-fe146c2f7f2d::,us-east,job,2026-05-11T22:21:26.952Z,2026-05-11T22:36:24.823Z,ibm_fez,8,Javier Romero Álvarez,,8fd6ad12bccb4470bdbdbf3df0f65389
d811436gbeec73ajusqg,failed,crn:v1:bluemix:public:quantum-computing:us-east:a/8fd6ad12bccb4470bdbdbf3df0f65389:3a1a1f3e-2262-4790-867a-fe146c2f7f2d::,us-east,job,2026-05-11T17:29:48.450Z,2026-05-11T17:30:07.850Z,ibm_fez,0,Javier Romero Álvarez,,8fd6ad12bccb4470bdbdbf3df0f65389
d8110fntjchs73bm92i0,completed,crn:v1:bluemix:public:quantum-computing:us-east:a/8fd6ad12bccb4470bdbdbf3df0f65389:3a1a1f3e-2262-4790-867a-fe146c2f7f2d::,us-east,job,2026-05-11T17:22:06.838Z,2026-05-11T17:23:09.395Z,ibm_fez,7,Javier Romero Álvarez,,8fd6ad12bccb4470bdbdbf3df0f65389
d810p3foha1c73bjosqg,completed,crn:v1:bluemix:public:quantum-computing:us-east:a/8fd6ad12bccb4470bdbdbf3df0f65389:3a1a1f3e-2262-4790-867a-fe146c2f7f2d::,us-east,job,2026-05-11T17:06:21.939Z,2026-05-11T17:06:50.349Z,ibm_fez,5,Javier Romero Álvarez,,8fd6ad12bccb4470bdbdbf3df0f65389
d810j3noha1c73bjoli0,completed,crn:v1:bluemix:public:quantum-computing:us-east:a/8fd6ad12bccb4470bdbdbf3df0f65389:3a1a1f3e-2262-4790-867a-fe146c2f7f2d::,us-east,job,2026-05-11T16:53:34.949Z,2026-05-11T16:59:37.214Z,ibm_fez,6,Javier Romero Álvarez,,8fd6ad12bccb4470bdbdbf3df0f65389
d810bsugbeec73ajtvu0,completed,crn:v1:bluemix:public:quantum-computing:us-east:a/8fd6ad12bccb4470bdbdbf3df0f65389:3a1a1f3e-2262-4790-867a-fe146c2f7f2d::,us-east,job,2026-05-11T16:38:11.819Z,2026-05-11T16:38:40.880Z,ibm_fez,5,Javier Romero Álvarez,,8fd6ad12bccb4470bdbdbf3df0f65389
d8108980bvlc73d0elf0,completed,crn:v1:bluemix:public:quantum-computing:us-east:a/8fd6ad12bccb4470bdbdbf3df0f65389:3a1a1f3e-2262-4790-867a-fe146c2f7f2d::,us-east,job,2026-05-11T16:30:29.378Z,2026-05-11T16:31:23.855Z,ibm_fez,6,Javier Romero Álvarez,,8fd6ad12bccb4470bdbdbf3df0f65389
d80vucugbeec73ajtfig,completed,crn:v1:bluemix:public:quantum-computing:us-east:a/8fd6ad12bccb4470bdbdbf3df0f65389:3a1a1f3e-2262-4790-867a-fe146c2f7f2d::,us-east,job,2026-05-11T16:09:23.458Z,2026-05-11T16:15:41.256Z,ibm_fez,5,Javier Romero Álvarez,,8fd6ad12bccb4470bdbdbf3df0f65389
d80vnjnoha1c73bjnk7g,completed,crn:v1:bluemix:public:quantum-computing:us-east:a/8fd6ad12bccb4470bdbdbf3df0f65389:3a1a1f3e-2262-4790-867a-fe146c2f7f2d::,us-east,job,2026-05-11T15:54:54.622Z,2026-05-11T16:02:45.885Z,ibm_fez,7,Javier Romero Álvarez,,8fd6ad12bccb4470bdbdbf3df0f65389
d80va0noha1c73bjn1gg,completed,crn:v1:bluemix:public:quantum-computing:us-east:a/8fd6ad12bccb4470bdbdbf3df0f65389:3a1a1f3e-2262-4790-867a-fe146c2f7f2d::,us-east,job,2026-05-11T15:25:54.943Z,2026-05-11T15:39:28.333Z,ibm_fez,5,Javier Romero Álvarez,,8fd6ad12bccb4470bdbdbf3df0f65389
d80v34mgbeec73ajs5vg,completed,crn:v1:bluemix:public:quantum-computing:us-east:a/8fd6ad12bccb4470bdbdbf3df0f65389:3a1a1f3e-2262-4790-867a-fe146c2f7f2d::,us-east,job,2026-05-11T15:11:14.557Z,2026-05-11T15:19:16.983Z,ibm_fez,7,Javier Romero Álvarez,,8fd6ad12bccb4470bdbdbf3df0f65389
d80u0uegbeec73ajqqeg,completed,crn:v1:bluemix:public:quantum-computing:us-east:a/8fd6ad12bccb4470bdbdbf3df0f65389:3a1a1f3e-2262-4790-867a-fe146c2f7f2d::,us-east,job,2026-05-11T13:58:17.620Z,2026-05-11T14:56:01.338Z,ibm_fez,5,Javier Romero Álvarez,,8fd6ad12bccb4470bdbdbf3df0f65389
d80ttdo0bvlc73d0bg0g,completed,crn:v1:bluemix:public:quantum-computing:us-east:a/8fd6ad12bccb4470bdbdbf3df0f65389:3a1a1f3e-2262-4790-867a-fe146c2f7f2d::,us-east,job,2026-05-11T13:50:49.154Z,2026-05-11T13:51:45.855Z,ibm_fez,7,Javier Romero Álvarez,,8fd6ad12bccb4470bdbdbf3df0f65389
d80tm0ftjchs73bm4n20,completed,crn:v1:bluemix:public:quantum-computing:us-east:a/8fd6ad12bccb4470bdbdbf3df0f65389:3a1a1f3e-2262-4790-867a-fe146c2f7f2d::,us-east,job,2026-05-11T13:34:57.130Z,2026-05-11T13:35:23.815Z,ibm_fez,5,Javier Romero Álvarez,,8fd6ad12bccb4470bdbdbf3df0f65389
d80tg8g0bvlc73d0au3g,completed,crn:v1:bluemix:public:quantum-computing:us-east:a/8fd6ad12bccb4470bdbdbf3df0f65389:3a1a1f3e-2262-4790-867a-fe146c2f7f2d::,us-east,job,2026-05-11T13:22:43.105Z,2026-05-11T13:28:27.346Z,ibm_fez,6,Javier Romero Álvarez,,8fd6ad12bccb4470bdbdbf3df0f65389
d80pvintjchs73bm08cg,completed,crn:v1:bluemix:public:quantum-computing:us-east:a/8fd6ad12bccb4470bdbdbf3df0f65389:3a1a1f3e-2262-4790-867a-fe146c2f7f2d::,us-east,job,2026-05-11T09:22:18.156Z,2026-05-11T13:07:06.475Z,ibm_fez,5,Javier Romero Álvarez,,8fd6ad12bccb4470bdbdbf3df0f65389
d80pqtnoha1c73bjg2ag,completed,crn:v1:bluemix:public:quantum-computing:us-east:a/8fd6ad12bccb4470bdbdbf3df0f65389:3a1a1f3e-2262-4790-867a-fe146c2f7f2d::,us-east,job,2026-05-11T09:12:22.525Z,2026-05-11T09:15:37.778Z,ibm_fez,7,Javier Romero Álvarez,,8fd6ad12bccb4470bdbdbf3df0f65389
d80pjjvoha1c73bjfp6g,completed,crn:v1:bluemix:public:quantum-computing:us-east:a/8fd6ad12bccb4470bdbdbf3df0f65389:3a1a1f3e-2262-4790-867a-fe146c2f7f2d::,us-east,job,2026-05-11T08:56:47.164Z,2026-05-11T08:57:28.137Z,ibm_fez,5,Javier Romero Álvarez,,8fd6ad12bccb4470bdbdbf3df0f65389
d80paifoha1c73bjfeog,completed,crn:v1:bluemix:public:quantum-computing:us-east:a/8fd6ad12bccb4470bdbdbf3df0f65389:3a1a1f3e-2262-4790-867a-fe146c2f7f2d::,us-east,job,2026-05-11T08:37:29.922Z,2026-05-11T08:50:10.963Z,ibm_fez,6,Javier Romero Álvarez,,8fd6ad12bccb4470bdbdbf3df0f65389
d80p2svoha1c73bjf5dg,completed,crn:v1:bluemix:public:quantum-computing:us-east:a/8fd6ad12bccb4470bdbdbf3df0f65389:3a1a1f3e-2262-4790-867a-fe146c2f7f2d::,us-east,job,2026-05-11T08:21:07.894Z,2026-05-11T08:22:12.486Z,ibm_fez,5,Javier Romero Álvarez,,8fd6ad12bccb4470bdbdbf3df0f65389
d80ovbg0bvlc73d05em0,completed,crn:v1:bluemix:public:quantum-computing:us-east:a/8fd6ad12bccb4470bdbdbf3df0f65389:3a1a1f3e-2262-4790-867a-fe146c2f7f2d::,us-east,job,2026-05-11T08:13:34.446Z,2026-05-11T08:14:30.557Z,ibm_fez,7,Javier Romero Álvarez,,8fd6ad12bccb4470bdbdbf3df0f65389
d80onu7mrars73d9jn00,completed,crn:v1:bluemix:public:quantum-computing:us-east:a/8fd6ad12bccb4470bdbdbf3df0f65389:3a1a1f3e-2262-4790-867a-fe146c2f7f2d::,us-east,job,2026-05-11T07:57:45.038Z,2026-05-11T07:58:14.031Z,ibm_fez,5,Javier Romero Álvarez,,8fd6ad12bccb4470bdbdbf3df0f65389
d80oka7mrars73d9jhug,completed,crn:v1:bluemix:public:quantum-computing:us-east:a/8fd6ad12bccb4470bdbdbf3df0f65389:3a1a1f3e-2262-4790-867a-fe146c2f7f2d::,us-east,job,2026-05-11T07:50:01.177Z,2026-05-11T07:51:06.133Z,ibm_fez,6,Javier Romero Álvarez,,8fd6ad12bccb4470bdbdbf3df0f65389
d80ocssinasc738vfc20,completed,crn:v1:bluemix:public:quantum-computing:us-east:a/8fd6ad12bccb4470bdbdbf3df0f65389:3a1a1f3e-2262-4790-867a-fe146c2f7f2d::,us-east,job,2026-05-11T07:34:11.962Z,2026-05-11T07:34:44.171Z,ibm_fez,9,Javier Romero Álvarez,,8fd6ad12bccb4470bdbdbf3df0f65389
d80o913ack5s73bgpdp0,completed,crn:v1:bluemix:public:quantum-computing:us-east:a/8fd6ad12bccb4470bdbdbf3df0f65389:3a1a1f3e-2262-4790-867a-fe146c2f7f2d::,us-east,job,2026-05-11T07:25:57.070Z,2026-05-11T07:27:28.555Z,ibm_fez,7,Javier Romero Álvarez,,8fd6ad12bccb4470bdbdbf3df0f65389
d80o08kinasc738vetgg,completed,crn:v1:bluemix:public:quantum-computing:us-east:a/8fd6ad12bccb4470bdbdbf3df0f65389:3a1a1f3e-2262-4790-867a-fe146c2f7f2d::,us-east,job,2026-05-11T07:07:14.243Z,2026-05-11T07:09:57.882Z,ibm_fez,8,Javier Romero Álvarez,,8fd6ad12bccb4470bdbdbf3df0f65389
d7u767tpa59c73b4acg0,completed,crn:v1:bluemix:public:quantum-computing:us-east:a/8fd6ad12bccb4470bdbdbf3df0f65389:3a1a1f3e-2262-4790-867a-fe146c2f7f2d::,us-east,job,2026-05-07T11:10:23.963Z,2026-05-07T11:12:08.415Z,ibm_fez,6,Javier Romero Álvarez,,8fd6ad12bccb4470bdbdbf3df0f65389
d7u6v0dpa59c73b4a360,completed,crn:v1:bluemix:public:quantum-computing:us-east:a/8fd6ad12bccb4470bdbdbf3df0f65389:3a1a1f3e-2262-4790-867a-fe146c2f7f2d::,us-east,job,2026-05-07T10:54:57.551Z,2026-05-07T10:59:18.048Z,ibm_fez,4,Javier Romero Álvarez,,8fd6ad12bccb4470bdbdbf3df0f65389
d7u6pjback5s73bdqjvg,completed,crn:v1:bluemix:public:quantum-computing:us-east:a/8fd6ad12bccb4470bdbdbf3df0f65389:3a1a1f3e-2262-4790-867a-fe146c2f7f2d::,us-east,job,2026-05-07T10:43:25.726Z,2026-05-07T10:49:58.138Z,ibm_fez,8,Javier Romero Álvarez,,8fd6ad12bccb4470bdbdbf3df0f65389
d7u447tpa59c73b46s1g,completed,crn:v1:bluemix:public:quantum-computing:us-east:a/8fd6ad12bccb4470bdbdbf3df0f65389:3a1a1f3e-2262-4790-867a-fe146c2f7f2d::,us-east,job,2026-05-07T07:41:19.198Z,2026-05-07T07:41:33.727Z,ibm_fez,4,Javier Romero Álvarez,,8fd6ad12bccb4470bdbdbf3df0f65389
d7u3a63ack5s73bdmio0,completed,crn:v1:bluemix:public:quantum-computing:us-east:a/8fd6ad12bccb4470bdbdbf3df0f65389:3a1a1f3e-2262-4790-867a-fe146c2f7f2d::,us-east,job,2026-05-07T06:45:44.964Z,2026-05-07T06:46:25.138Z,ibm_fez,6,Javier Romero Álvarez,,8fd6ad12bccb4470bdbdbf3df0f65389
d7u34rcinasc738sbgl0,completed,crn:v1:bluemix:public:quantum-computing:us-east:a/8fd6ad12bccb4470bdbdbf3df0f65389:3a1a1f3e-2262-4790-867a-fe146c2f7f2d::,us-east,job,2026-05-07T06:34:21.979Z,2026-05-07T06:35:05.863Z,ibm_fez,6,Javier Romero Álvarez,,8fd6ad12bccb4470bdbdbf3df0f65389
d7u2vmvmrars73d6er80,completed,crn:v1:bluemix:public:quantum-computing:us-east:a/8fd6ad12bccb4470bdbdbf3df0f65389:3a1a1f3e-2262-4790-867a-fe146c2f7f2d::,us-east,job,2026-05-07T06:23:23.768Z,2026-05-07T06:24:03.189Z,ibm_fez,6,Javier Romero Álvarez,,8fd6ad12bccb4470bdbdbf3df0f65389
d7u2q7lpa59c73b459n0,completed,crn:v1:bluemix:public:quantum-computing:us-east:a/8fd6ad12bccb4470bdbdbf3df0f65389:3a1a1f3e-2262-4790-867a-fe146c2f7f2d::,us-east,job,2026-05-07T06:11:42.937Z,2026-05-07T06:12:31.354Z,ibm_fez,5,Javier Romero Álvarez,,8fd6ad12bccb4470bdbdbf3df0f65389
d7u2kp5pa59c73b453eg,completed,crn:v1:bluemix:public:quantum-computing:us-east:a/8fd6ad12bccb4470bdbdbf3df0f65389:3a1a1f3e-2262-4790-867a-fe146c2f7f2d::,us-east,job,2026-05-07T06:00:04.791Z,2026-05-07T06:01:20.154Z,ibm_fez,6,Javier Romero Álvarez,,8fd6ad12bccb4470bdbdbf3df0f65389
d7u2f8k66mvc73ddfkng,completed,crn:v1:bluemix:public:quantum-computing:us-east:a/8fd6ad12bccb4470bdbdbf3df0f65389:3a1a1f3e-2262-4790-867a-fe146c2f7f2d::,us-east,job,2026-05-07T05:48:18.717Z,2026-05-07T05:49:03.903Z,ibm_fez,6,Javier Romero Álvarez,,8fd6ad12bccb4470bdbdbf3df0f65389
d7u2a3audops7398ltfg,completed,crn:v1:bluemix:public:quantum-computing:us-east:a/8fd6ad12bccb4470bdbdbf3df0f65389:3a1a1f3e-2262-4790-867a-fe146c2f7f2d::,us-east,job,2026-05-07T05:37:17.769Z,2026-05-07T05:37:58.493Z,ibm_fez,5,Javier Romero Álvarez,,8fd6ad12bccb4470bdbdbf3df0f65389
d7u24l4f3ras73b9srp0,completed,crn:v1:bluemix:public:quantum-computing:us-east:a/8fd6ad12bccb4470bdbdbf3df0f65389:3a1a1f3e-2262-4790-867a-fe146c2f7f2d::,us-east,job,2026-05-07T05:25:40.449Z,2026-05-07T05:26:26.434Z,ibm_fez,6,Javier Romero Álvarez,,8fd6ad12bccb4470bdbdbf3df0f65389
d7u1up2udops7398lg70,completed,crn:v1:bluemix:public:quantum-computing:us-east:a/8fd6ad12bccb4470bdbdbf3df0f65389:3a1a1f3e-2262-4790-867a-fe146c2f7f2d::,us-east,job,2026-05-07T05:13:09.830Z,2026-05-07T05:15:25.172Z,ibm_fez,5,Javier Romero Álvarez,,8fd6ad12bccb4470bdbdbf3df0f65389
d7u1p9ct738s73cigveg,completed,crn:v1:bluemix:public:quantum-computing:us-east:a/8fd6ad12bccb4470bdbdbf3df0f65389:3a1a1f3e-2262-4790-867a-fe146c2f7f2d::,us-east,job,2026-05-07T05:01:26.213Z,2026-05-07T05:02:11.593Z,ibm_fez,6,Javier Romero Álvarez,,8fd6ad12bccb4470bdbdbf3df0f65389
d7u1jv2udops7398kqd0,completed,crn:v1:bluemix:public:quantum-computing:us-east:a/8fd6ad12bccb4470bdbdbf3df0f65389:3a1a1f3e-2262-4790-867a-fe146c2f7f2d::,us-east,job,2026-05-07T04:50:04.745Z,2026-05-07T04:50:58.721Z,ibm_fez,5,Javier Romero Álvarez,,8fd6ad12bccb4470bdbdbf3df0f65389
d7u1eh7ljm6s73bd8qqg,completed,crn:v1:bluemix:public:quantum-computing:us-east:a/8fd6ad12bccb4470bdbdbf3df0f65389:3a1a1f3e-2262-4790-867a-fe146c2f7f2d::,us-east,job,2026-05-07T04:38:28.724Z,2026-05-07T04:39:14.266Z,ibm_fez,6,Javier Romero Álvarez,,8fd6ad12bccb4470bdbdbf3df0f65389
d7u19dfljm6s73bd8khg,completed,crn:v1:bluemix:public:quantum-computing:us-east:a/8fd6ad12bccb4470bdbdbf3df0f65389:3a1a1f3e-2262-4790-867a-fe146c2f7f2d::,us-east,job,2026-05-07T04:27:33.677Z,2026-05-07T04:28:13.988Z,ibm_fez,6,Javier Romero Álvarez,,8fd6ad12bccb4470bdbdbf3df0f65389
d7u13mkf3ras73b9ra5g,completed,crn:v1:bluemix:public:quantum-computing:us-east:a/8fd6ad12bccb4470bdbdbf3df0f65389:3a1a1f3e-2262-4790-867a-fe146c2f7f2d::,us-east,job,2026-05-07T04:15:22.757Z,2026-05-07T04:16:34.038Z,ibm_fez,6,Javier Romero Álvarez,,8fd6ad12bccb4470bdbdbf3df0f65389
d7u0u2kf3ras73b9r3og,completed,crn:v1:bluemix:public:quantum-computing:us-east:a/8fd6ad12bccb4470bdbdbf3df0f65389:3a1a1f3e-2262-4790-867a-fe146c2f7f2d::,us-east,job,2026-05-07T04:03:22.880Z,2026-05-07T04:05:10.478Z,ibm_fez,6,Javier Romero Álvarez,,8fd6ad12bccb4470bdbdbf3df0f65389
d7u0ol7ljm6s73bd81c0,completed,crn:v1:bluemix:public:quantum-computing:us-east:a/8fd6ad12bccb4470bdbdbf3df0f65389:3a1a1f3e-2262-4790-867a-fe146c2f7f2d::,us-east,job,2026-05-07T03:51:48.430Z,2026-05-07T03:52:33.316Z,ibm_fez,6,Javier Romero Álvarez,,8fd6ad12bccb4470bdbdbf3df0f65389
d7u0jhqudops7398jkg0,completed,crn:v1:bluemix:public:quantum-computing:us-east:a/8fd6ad12bccb4470bdbdbf3df0f65389:3a1a1f3e-2262-4790-867a-fe146c2f7f2d::,us-east,job,2026-05-07T03:40:55.454Z,2026-05-07T03:41:39.418Z,ibm_fez,5,Javier Romero Álvarez,,8fd6ad12bccb4470bdbdbf3df0f65389
d7u0e2qudops7398je9g,completed,crn:v1:bluemix:public:quantum-computing:us-east:a/8fd6ad12bccb4470bdbdbf3df0f65389:3a1a1f3e-2262-4790-867a-fe146c2f7f2d::,us-east,job,2026-05-07T03:29:16.155Z,2026-05-07T03:30:02.543Z,ibm_fez,6,Javier Romero Álvarez,,8fd6ad12bccb4470bdbdbf3df0f65389
d7u08v4t738s73cif1v0,completed,crn:v1:bluemix:public:quantum-computing:us-east:a/8fd6ad12bccb4470bdbdbf3df0f65389:3a1a1f3e-2262-4790-867a-fe146c2f7f2d::,us-east,job,2026-05-07T03:18:21.340Z,2026-05-07T03:19:00.085Z,ibm_fez,5,Javier Romero Álvarez,,8fd6ad12bccb4470bdbdbf3df0f65389
d7u03hvljm6s73bd78r0,completed,crn:v1:bluemix:public:quantum-computing:us-east:a/8fd6ad12bccb4470bdbdbf3df0f65389:3a1a1f3e-2262-4790-867a-fe146c2f7f2d::,us-east,job,2026-05-07T03:06:47.702Z,2026-05-07T03:07:32.831Z,ibm_fez,6,Javier Romero Álvarez,,8fd6ad12bccb4470bdbdbf3df0f65389
d7tvqf4t738s73ciegg0,completed,crn:v1:bluemix:public:quantum-computing:us-east:a/8fd6ad12bccb4470bdbdbf3df0f65389:3a1a1f3e-2262-4790-867a-fe146c2f7f2d::,us-east,job,2026-05-07T02:47:24.803Z,2026-05-07T02:56:37.319Z,ibm_fez,5,Javier Romero Álvarez,,8fd6ad12bccb4470bdbdbf3df0f65389
d7tvj1st738s73cie6p0,completed,crn:v1:bluemix:public:quantum-computing:us-east:a/8fd6ad12bccb4470bdbdbf3df0f65389:3a1a1f3e-2262-4790-867a-fe146c2f7f2d::,us-east,job,2026-05-07T02:31:36.182Z,2026-05-07T02:36:35.670Z,ibm_fez,6,Javier Romero Álvarez,,8fd6ad12bccb4470bdbdbf3df0f65389
d7tvdunljm6s73bd6dkg,completed,crn:v1:bluemix:public:quantum-computing:us-east:a/8fd6ad12bccb4470bdbdbf3df0f65389:3a1a1f3e-2262-4790-867a-fe146c2f7f2d::,us-east,job,2026-05-07T02:20:42.892Z,2026-05-07T02:21:23.061Z,ibm_fez,6,Javier Romero Álvarez,,8fd6ad12bccb4470bdbdbf3df0f65389
d7tv8fst738s73cidq7g,completed,crn:v1:bluemix:public:quantum-computing:us-east:a/8fd6ad12bccb4470bdbdbf3df0f65389:3a1a1f3e-2262-4790-867a-fe146c2f7f2d::,us-east,job,2026-05-07T02:09:03.799Z,2026-05-07T02:09:49.967Z,ibm_fez,6,Javier Romero Álvarez,,8fd6ad12bccb4470bdbdbf3df0f65389
d7tv2q2udops7398ho2g,completed,crn:v1:bluemix:public:quantum-computing:us-east:a/8fd6ad12bccb4470bdbdbf3df0f65389:3a1a1f3e-2262-4790-867a-fe146c2f7f2d::,us-east,job,2026-05-07T01:56:56.354Z,2026-05-07T01:58:57.700Z,ibm_fez,9,Javier Romero Álvarez,,8fd6ad12bccb4470bdbdbf3df0f65389
d7tuqi2udops7398hcj0,completed,crn:v1:bluemix:public:quantum-computing:us-east:a/8fd6ad12bccb4470bdbdbf3df0f65389:3a1a1f3e-2262-4790-867a-fe146c2f7f2d::,us-east,job,2026-05-07T01:39:20.698Z,2026-05-07T01:46:03.734Z,ibm_fez,6,Javier Romero Álvarez,,8fd6ad12bccb4470bdbdbf3df0f65389
d7tuefiudops7398gu6g,completed,crn:v1:bluemix:public:quantum-computing:us-east:a/8fd6ad12bccb4470bdbdbf3df0f65389:3a1a1f3e-2262-4790-867a-fe146c2f7f2d::,us-east,job,2026-05-07T01:13:34.296Z,2026-05-07T01:29:06.399Z,ibm_fez,6,Javier Romero Álvarez,,8fd6ad12bccb4470bdbdbf3df0f65389
d7tu92ct738s73ciciog,completed,crn:v1:bluemix:public:quantum-computing:us-east:a/8fd6ad12bccb4470bdbdbf3df0f65389:3a1a1f3e-2262-4790-867a-fe146c2f7f2d::,us-east,job,2026-05-07T01:02:01.199Z,2026-05-07T01:02:48.490Z,ibm_fez,6,Javier Romero Álvarez,,8fd6ad12bccb4470bdbdbf3df0f65389
d7tu414f3ras73b9nk0g,completed,crn:v1:bluemix:public:quantum-computing:us-east:a/8fd6ad12bccb4470bdbdbf3df0f65389:3a1a1f3e-2262-4790-867a-fe146c2f7f2d::,us-east,job,2026-05-07T00:51:16.695Z,2026-05-07T00:52:01.173Z,ibm_fez,9,Javier Romero Álvarez,,8fd6ad12bccb4470bdbdbf3df0f65389
d7ttugkf3ras73b9ncng,completed,crn:v1:bluemix:public:quantum-computing:us-east:a/8fd6ad12bccb4470bdbdbf3df0f65389:3a1a1f3e-2262-4790-867a-fe146c2f7f2d::,us-east,job,2026-05-07T00:39:30.494Z,2026-05-07T00:40:17.866Z,ibm_fez,6,Javier Romero Álvarez,,8fd6ad12bccb4470bdbdbf3df0f65389
d7ttpgqudops7398g3t0,completed,crn:v1:bluemix:public:quantum-computing:us-east:a/8fd6ad12bccb4470bdbdbf3df0f65389:3a1a1f3e-2262-4790-867a-fe146c2f7f2d::,us-east,job,2026-05-07T00:28:51.902Z,2026-05-07T00:29:32.065Z,ibm_fez,5,Javier Romero Álvarez,,8fd6ad12bccb4470bdbdbf3df0f65389
d7ttk27ljm6s73bd45a0,completed,crn:v1:bluemix:public:quantum-computing:us-east:a/8fd6ad12bccb4470bdbdbf3df0f65389:3a1a1f3e-2262-4790-867a-fe146c2f7f2d::,us-east,job,2026-05-07T00:17:13.002Z,2026-05-07T00:17:57.064Z,ibm_fez,6,Javier Romero Álvarez,,8fd6ad12bccb4470bdbdbf3df0f65389
d7tteist738s73cibieg,completed,crn:v1:bluemix:public:quantum-computing:us-east:a/8fd6ad12bccb4470bdbdbf3df0f65389:3a1a1f3e-2262-4790-867a-fe146c2f7f2d::,us-east,job,2026-05-07T00:05:31.444Z,2026-05-07T00:07:09.680Z,ibm_fez,6,Javier Romero Álvarez,,8fd6ad12bccb4470bdbdbf3df0f65389
d7tt94fljm6s73bd3np0,completed,crn:v1:bluemix:public:quantum-computing:us-east:a/8fd6ad12bccb4470bdbdbf3df0f65389:3a1a1f3e-2262-4790-867a-fe146c2f7f2d::,us-east,job,2026-05-06T23:53:53.835Z,2026-05-06T23:54:37.124Z,ibm_fez,6,Javier Romero Álvarez,,8fd6ad12bccb4470bdbdbf3df0f65389
d7tt44audops7398f91g,completed,crn:v1:bluemix:public:quantum-computing:us-east:a/8fd6ad12bccb4470bdbdbf3df0f65389:3a1a1f3e-2262-4790-867a-fe146c2f7f2d::,us-east,job,2026-05-06T23:43:14.090Z,2026-05-06T23:43:56.054Z,ibm_fez,5,Javier Romero Álvarez,,8fd6ad12bccb4470bdbdbf3df0f65389
d7tsumcf3ras73b9m5f0,completed,crn:v1:bluemix:public:quantum-computing:us-east:a/8fd6ad12bccb4470bdbdbf3df0f65389:3a1a1f3e-2262-4790-867a-fe146c2f7f2d::,us-east,job,2026-05-06T23:31:37.402Z,2026-05-06T23:32:21.154Z,ibm_fez,6,Javier Romero Álvarez,,8fd6ad12bccb4470bdbdbf3df0f65389
d7tso6st738s73ciajt0,completed,crn:v1:bluemix:public:quantum-computing:us-east:a/8fd6ad12bccb4470bdbdbf3df0f65389:3a1a1f3e-2262-4790-867a-fe146c2f7f2d::,us-east,job,2026-05-06T23:17:47.987Z,2026-05-06T23:21:41.977Z,ibm_fez,6,Javier Romero Álvarez,,8fd6ad12bccb4470bdbdbf3df0f65389
d7tseost738s73cia6rg,completed,crn:v1:bluemix:public:quantum-computing:us-east:a/8fd6ad12bccb4470bdbdbf3df0f65389:3a1a1f3e-2262-4790-867a-fe146c2f7f2d::,us-east,job,2026-05-06T22:57:39.680Z,2026-05-06T23:06:52.073Z,ibm_fez,10,Javier Romero Álvarez,,8fd6ad12bccb4470bdbdbf3df0f65389
d7ts97ct738s73cia0u0,completed,crn:v1:bluemix:public:quantum-computing:us-east:a/8fd6ad12bccb4470bdbdbf3df0f65389:3a1a1f3e-2262-4790-867a-fe146c2f7f2d::,us-east,job,2026-05-06T22:45:49.443Z,2026-05-06T22:46:29.670Z,ibm_fez,6,Javier Romero Álvarez,,8fd6ad12bccb4470bdbdbf3df0f65389
d7ts3qnljm6s73bd27vg,completed,crn:v1:bluemix:public:quantum-computing:us-east:a/8fd6ad12bccb4470bdbdbf3df0f65389:3a1a1f3e-2262-4790-867a-fe146c2f7f2d::,us-east,job,2026-05-06T22:34:18.207Z,2026-05-06T22:35:02.559Z,ibm_fez,6,Javier Romero Álvarez,,8fd6ad12bccb4470bdbdbf3df0f65389
d7trusiudops7398dqj0,completed,crn:v1:bluemix:public:quantum-computing:us-east:a/8fd6ad12bccb4470bdbdbf3df0f65389:3a1a1f3e-2262-4790-867a-fe146c2f7f2d::,us-east,job,2026-05-06T22:23:46.242Z,2026-05-06T22:24:30.639Z,ibm_fez,10,Javier Romero Álvarez,,8fd6ad12bccb4470bdbdbf3df0f65389
d7trp8nljm6s73bd1r4g,completed,crn:v1:bluemix:public:quantum-computing:us-east:a/8fd6ad12bccb4470bdbdbf3df0f65389:3a1a1f3e-2262-4790-867a-fe146c2f7f2d::,us-east,job,2026-05-06T22:11:46.511Z,2026-05-06T22:12:47.385Z,ibm_fez,5,Javier Romero Álvarez,,8fd6ad12bccb4470bdbdbf3df0f65389
d7trj9nljm6s73bd1jn0,completed,crn:v1:bluemix:public:quantum-computing:us-east:a/8fd6ad12bccb4470bdbdbf3df0f65389:3a1a1f3e-2262-4790-867a-fe146c2f7f2d::,us-east,job,2026-05-06T21:59:03.001Z,2026-05-06T22:01:56.466Z,ibm_fez,5,Javier Romero Álvarez,,8fd6ad12bccb4470bdbdbf3df0f65389
d7trd67ljm6s73bd1cag,completed,crn:v1:bluemix:public:quantum-computing:us-east:a/8fd6ad12bccb4470bdbdbf3df0f65389:3a1a1f3e-2262-4790-867a-fe146c2f7f2d::,us-east,job,2026-05-06T21:46:00.433Z,2026-05-06T21:48:07.180Z,ibm_fez,6,Javier Romero Álvarez,,8fd6ad12bccb4470bdbdbf3df0f65389
d7tr73kf3ras73b9k1bg,completed,crn:v1:bluemix:public:quantum-computing:us-east:a/8fd6ad12bccb4470bdbdbf3df0f65389:3a1a1f3e-2262-4790-867a-fe146c2f7f2d::,us-east,job,2026-05-06T21:33:02.529Z,2026-05-06T21:36:11.422Z,ibm_fez,6,Javier Romero Álvarez,,8fd6ad12bccb4470bdbdbf3df0f65389
d7tqv37ljm6s73bd0qhg,completed,crn:v1:bluemix:public:quantum-computing:us-east:a/8fd6ad12bccb4470bdbdbf3df0f65389:3a1a1f3e-2262-4790-867a-fe146c2f7f2d::,us-east,job,2026-05-06T21:15:56.682Z,2026-05-06T21:22:13.545Z,ibm_fez,5,Javier Romero Álvarez,,8fd6ad12bccb4470bdbdbf3df0f65389
d7tqq9kf3ras73b9jh8g,completed,crn:v1:bluemix:public:quantum-computing:us-east:a/8fd6ad12bccb4470bdbdbf3df0f65389:3a1a1f3e-2262-4790-867a-fe146c2f7f2d::,us-east,job,2026-05-06T21:05:42.656Z,2026-05-06T21:06:54.124Z,ibm_fez,6,Javier Romero Álvarez,,8fd6ad12bccb4470bdbdbf3df0f65389
d7tqkmaudops7398c7eg,completed,crn:v1:bluemix:public:quantum-computing:us-east:a/8fd6ad12bccb4470bdbdbf3df0f65389:3a1a1f3e-2262-4790-867a-fe146c2f7f2d::,us-east,job,2026-05-06T20:53:45.390Z,2026-05-06T20:54:31.101Z,ibm_fez,10,Javier Romero Álvarez,,8fd6ad12bccb4470bdbdbf3df0f65389
d7tqfs7ljm6s73bd0810,completed,crn:v1:bluemix:public:quantum-computing:us-east:a/8fd6ad12bccb4470bdbdbf3df0f65389:3a1a1f3e-2262-4790-867a-fe146c2f7f2d::,us-east,job,2026-05-06T20:43:29.117Z,2026-05-06T20:44:48.139Z,ibm_fez,10,Javier Romero Álvarez,,8fd6ad12bccb4470bdbdbf3df0f65389
d7tq9gsf3ras73b9irc0,completed,crn:v1:bluemix:public:quantum-computing:us-east:a/8fd6ad12bccb4470bdbdbf3df0f65389:3a1a1f3e-2262-4790-867a-fe146c2f7f2d::,us-east,job,2026-05-06T20:29:55.802Z,2026-05-06T20:32:07.774Z,ibm_fez,9,Javier Romero Álvarez,,8fd6ad12bccb4470bdbdbf3df0f65389
d7tq4s4f3ras73b9ilv0,completed,crn:v1:bluemix:public:quantum-computing:us-east:a/8fd6ad12bccb4470bdbdbf3df0f65389:3a1a1f3e-2262-4790-867a-fe146c2f7f2d::,us-east,job,2026-05-06T20:20:00.562Z,2026-05-06T20:20:58.999Z,ibm_fez,5,Javier Romero Álvarez,,8fd6ad12bccb4470bdbdbf3df0f65389
d7tpv82udops7398bbs0,completed,crn:v1:bluemix:public:quantum-computing:us-east:a/8fd6ad12bccb4470bdbdbf3df0f65389:3a1a1f3e-2262-4790-867a-fe146c2f7f2d::,us-east,job,2026-05-06T20:08:00.546Z,2026-05-06T20:08:41.092Z,ibm_fez,5,Javier Romero Álvarez,,8fd6ad12bccb4470bdbdbf3df0f65389
d7tpqm7ljm6s73bcvdd0,completed,crn:v1:bluemix:public:quantum-computing:us-east:a/8fd6ad12bccb4470bdbdbf3df0f65389:3a1a1f3e-2262-4790-867a-fe146c2f7f2d::,us-east,job,2026-05-06T19:58:16.194Z,2026-05-06T19:59:01.476Z,ibm_fez,6,Javier Romero Álvarez,,8fd6ad12bccb4470bdbdbf3df0f65389
d7tpl3st738s73ci6pp0,completed,crn:v1:bluemix:public:quantum-computing:us-east:a/8fd6ad12bccb4470bdbdbf3df0f65389:3a1a1f3e-2262-4790-867a-fe146c2f7f2d::,us-east,job,2026-05-06T19:46:23.394Z,2026-05-06T19:47:04.848Z,ibm_fez,6,Javier Romero Álvarez,,8fd6ad12bccb4470bdbdbf3df0f65389
d7tpginljm6s73bcv1o0,completed,crn:v1:bluemix:public:quantum-computing:us-east:a/8fd6ad12bccb4470bdbdbf3df0f65389:3a1a1f3e-2262-4790-867a-fe146c2f7f2d::,us-east,job,2026-05-06T19:36:42.674Z,2026-05-06T19:37:26.926Z,ibm_fez,6,Javier Romero Álvarez,,8fd6ad12bccb4470bdbdbf3df0f65389
d7tpauaudops7398ako0,completed,crn:v1:bluemix:public:quantum-computing:us-east:a/8fd6ad12bccb4470bdbdbf3df0f65389:3a1a1f3e-2262-4790-867a-fe146c2f7f2d::,us-east,job,2026-05-06T19:24:42.104Z,2026-05-06T19:25:22.131Z,ibm_fez,6,Javier Romero Álvarez,,8fd6ad12bccb4470bdbdbf3df0f65389
d7tp6dfljm6s73bculjg,completed,crn:v1:bluemix:public:quantum-computing:us-east:a/8fd6ad12bccb4470bdbdbf3df0f65389:3a1a1f3e-2262-4790-867a-fe146c2f7f2d::,us-east,job,2026-05-06T19:15:01.578Z,2026-05-06T19:15:44.778Z,ibm_fez,5,Javier Romero Álvarez,,8fd6ad12bccb4470bdbdbf3df0f65389
d7tp0okf3ras73b9hbcg,completed,crn:v1:bluemix:public:quantum-computing:us-east:a/8fd6ad12bccb4470bdbdbf3df0f65389:3a1a1f3e-2262-4790-867a-fe146c2f7f2d::,us-east,job,2026-05-06T19:02:59.074Z,2026-05-06T19:03:47.136Z,ibm_fez,6,Javier Romero Álvarez,,8fd6ad12bccb4470bdbdbf3df0f65389
d7tos8fljm6s73bcu990,completed,crn:v1:bluemix:public:quantum-computing:us-east:a/8fd6ad12bccb4470bdbdbf3df0f65389:3a1a1f3e-2262-4790-867a-fe146c2f7f2d::,us-east,job,2026-05-06T18:53:22.080Z,2026-05-06T18:54:07.013Z,ibm_fez,6,Javier Romero Álvarez,,8fd6ad12bccb4470bdbdbf3df0f65389
d7tomfqudops73989ri0,completed,crn:v1:bluemix:public:quantum-computing:us-east:a/8fd6ad12bccb4470bdbdbf3df0f65389:3a1a1f3e-2262-4790-867a-fe146c2f7f2d::,us-east,job,2026-05-06T18:41:03.864Z,2026-05-06T18:41:51.766Z,ibm_fez,6,Javier Romero Álvarez,,8fd6ad12bccb4470bdbdbf3df0f65389
d7toh6qudops73989l30,completed,crn:v1:bluemix:public:quantum-computing:us-east:a/8fd6ad12bccb4470bdbdbf3df0f65389:3a1a1f3e-2262-4790-867a-fe146c2f7f2d::,us-east,job,2026-05-06T18:29:47.839Z,2026-05-06T18:30:26.196Z,ibm_fez,5,Javier Romero Álvarez,,8fd6ad12bccb4470bdbdbf3df0f65389
d7toc87ljm6s73bctm3g,completed,crn:v1:bluemix:public:quantum-computing:us-east:a/8fd6ad12bccb4470bdbdbf3df0f65389:3a1a1f3e-2262-4790-867a-fe146c2f7f2d::,us-east,job,2026-05-06T18:19:12.585Z,2026-05-06T18:19:55.219Z,ibm_fez,6,Javier Romero Álvarez,,8fd6ad12bccb4470bdbdbf3df0f65389
d7tnrnnljm6s73bct1ug,completed,crn:v1:bluemix:public:quantum-computing:us-east:a/8fd6ad12bccb4470bdbdbf3df0f65389:3a1a1f3e-2262-4790-867a-fe146c2f7f2d::,us-east,job,2026-05-06T17:43:59.063Z,2026-05-06T18:09:39.021Z,ibm_fez,5,Javier Romero Álvarez,,8fd6ad12bccb4470bdbdbf3df0f65389
d7tnm64f3ras73b9fni0,completed,crn:v1:bluemix:public:quantum-computing:us-east:a/8fd6ad12bccb4470bdbdbf3df0f65389:3a1a1f3e-2262-4790-867a-fe146c2f7f2d::,us-east,job,2026-05-06T17:32:08.368Z,2026-05-06T17:33:04.390Z,ibm_fez,10,Javier Romero Álvarez,,8fd6ad12bccb4470bdbdbf3df0f65389
d7tnb0iudops7398879g,completed,crn:v1:bluemix:public:quantum-computing:us-east:a/8fd6ad12bccb4470bdbdbf3df0f65389:3a1a1f3e-2262-4790-867a-fe146c2f7f2d::,us-east,job,2026-05-06T17:08:18.649Z,2026-05-06T17:23:03.661Z,ibm_fez,6,Javier Romero Álvarez,,8fd6ad12bccb4470bdbdbf3df0f65389
d7tn597ljm6s73bcs6e0,completed,crn:v1:bluemix:public:quantum-computing:us-east:a/8fd6ad12bccb4470bdbdbf3df0f65389:3a1a1f3e-2262-4790-867a-fe146c2f7f2d::,us-east,job,2026-05-06T16:56:05.061Z,2026-05-06T16:56:51.657Z,ibm_fez,7,Javier Romero Álvarez,,8fd6ad12bccb4470bdbdbf3df0f65389
d7tn0c2udops73987p20,completed,crn:v1:bluemix:public:quantum-computing:us-east:a/8fd6ad12bccb4470bdbdbf3df0f65389:3a1a1f3e-2262-4790-867a-fe146c2f7f2d::,us-east,job,2026-05-06T16:45:36.692Z,2026-05-06T16:46:31.789Z,ibm_fez,13,Javier Romero Álvarez,,8fd6ad12bccb4470bdbdbf3df0f65389
d7tmquiudops73987ii0,completed,crn:v1:bluemix:public:quantum-computing:us-east:a/8fd6ad12bccb4470bdbdbf3df0f65389:3a1a1f3e-2262-4790-867a-fe146c2f7f2d::,us-east,job,2026-05-06T16:34:02.830Z,2026-05-06T16:34:41.765Z,ibm_fez,6,Javier Romero Álvarez,,8fd6ad12bccb4470bdbdbf3df0f65389
d7tmmj4t738s73ci377g,completed,crn:v1:bluemix:public:quantum-computing:us-east:a/8fd6ad12bccb4470bdbdbf3df0f65389:3a1a1f3e-2262-4790-867a-fe146c2f7f2d::,us-east,job,2026-05-06T16:24:44.437Z,2026-05-06T16:25:28.644Z,ibm_fez,6,Javier Romero Álvarez,,8fd6ad12bccb4470bdbdbf3df0f65389
d7tmg4qudops7398734g,completed,crn:v1:bluemix:public:quantum-computing:us-east:a/8fd6ad12bccb4470bdbdbf3df0f65389:3a1a1f3e-2262-4790-867a-fe146c2f7f2d::,us-east,job,2026-05-06T16:11:00.043Z,2026-05-06T16:12:55.251Z,ibm_fez,6,Javier Romero Álvarez,,8fd6ad12bccb4470bdbdbf3df0f65389
d7tmbfsf3ras73b9dt8g,completed,crn:v1:bluemix:public:quantum-computing:us-east:a/8fd6ad12bccb4470bdbdbf3df0f65389:3a1a1f3e-2262-4790-867a-fe146c2f7f2d::,us-east,job,2026-05-06T16:01:03.363Z,2026-05-06T16:02:21.975Z,ibm_fez,6,Javier Romero Álvarez,,8fd6ad12bccb4470bdbdbf3df0f65389
d7tm5oct738s73ci27og,completed,crn:v1:bluemix:public:quantum-computing:us-east:a/8fd6ad12bccb4470bdbdbf3df0f65389:3a1a1f3e-2262-4790-867a-fe146c2f7f2d::,us-east,job,2026-05-06T15:48:49.656Z,2026-05-06T15:49:30.258Z,ibm_fez,5,Javier Romero Álvarez,,8fd6ad12bccb4470bdbdbf3df0f65389
d7tm17st738s73ci22qg,completed,crn:v1:bluemix:public:quantum-computing:us-east:a/8fd6ad12bccb4470bdbdbf3df0f65389:3a1a1f3e-2262-4790-867a-fe146c2f7f2d::,us-east,job,2026-05-06T15:39:11.434Z,2026-05-06T15:40:06.027Z,ibm_fez,6,Javier Romero Álvarez,,8fd6ad12bccb4470bdbdbf3df0f65389
d7tlm6fljm6s73bcq300,completed,crn:v1:bluemix:public:quantum-computing:us-east:a/8fd6ad12bccb4470bdbdbf3df0f65389:3a1a1f3e-2262-4790-867a-fe146c2f7f2d::,us-east,job,2026-05-06T15:15:37.991Z,2026-05-06T15:27:42.569Z,ibm_fez,6,Javier Romero Álvarez,,8fd6ad12bccb4470bdbdbf3df0f65389
d7tlhmct738s73ci1g0g,completed,crn:v1:bluemix:public:quantum-computing:us-east:a/8fd6ad12bccb4470bdbdbf3df0f65389:3a1a1f3e-2262-4790-867a-fe146c2f7f2d::,us-east,job,2026-05-06T15:06:01.904Z,2026-05-06T15:07:00.804Z,ibm_fez,6,Javier Romero Álvarez,,8fd6ad12bccb4470bdbdbf3df0f65389
d7tkkdct738s73ci0d00,completed,crn:v1:bluemix:public:quantum-computing:us-east:a/8fd6ad12bccb4470bdbdbf3df0f65389:3a1a1f3e-2262-4790-867a-fe146c2f7f2d::,us-east,job,2026-05-06T14:03:33.721Z,2026-05-06T14:54:34.572Z,ibm_fez,6,Javier Romero Álvarez,,8fd6ad12bccb4470bdbdbf3df0f65389
d7tkf8nljm6s73bcojc0,completed,crn:v1:bluemix:public:quantum-computing:us-east:a/8fd6ad12bccb4470bdbdbf3df0f65389:3a1a1f3e-2262-4790-867a-fe146c2f7f2d::,us-east,job,2026-05-06T13:52:34.874Z,2026-05-06T13:54:56.966Z,ibm_fez,6,Javier Romero Álvarez,,8fd6ad12bccb4470bdbdbf3df0f65389
d7tk9hkf3ras73b9b8ag,completed,crn:v1:bluemix:public:quantum-computing:us-east:a/8fd6ad12bccb4470bdbdbf3df0f65389:3a1a1f3e-2262-4790-867a-fe146c2f7f2d::,us-east,job,2026-05-06T13:40:22.908Z,2026-05-06T13:41:03.124Z,ibm_fez,5,Javier Romero Álvarez,,8fd6ad12bccb4470bdbdbf3df0f65389
d7tjj94t738s73chv50g,completed,crn:v1:bluemix:public:quantum-computing:us-east:a/8fd6ad12bccb4470bdbdbf3df0f65389:3a1a1f3e-2262-4790-867a-fe146c2f7f2d::,us-east,job,2026-05-06T12:52:53.148Z,2026-05-06T13:31:48.723Z,ibm_fez,6,Javier Romero Álvarez,,8fd6ad12bccb4470bdbdbf3df0f65389
d7ti71st738s73chth4g,completed,crn:v1:bluemix:public:quantum-computing:us-east:a/8fd6ad12bccb4470bdbdbf3df0f65389:3a1a1f3e-2262-4790-867a-fe146c2f7f2d::,us-east,job,2026-05-06T11:18:31.575Z,2026-05-06T12:41:27.031Z,ibm_fez,6,Javier Romero Álvarez,,8fd6ad12bccb4470bdbdbf3df0f65389
d7thpv2udops73981440,completed,crn:v1:bluemix:public:quantum-computing:us-east:a/8fd6ad12bccb4470bdbdbf3df0f65389:3a1a1f3e-2262-4790-867a-fe146c2f7f2d::,us-east,job,2026-05-06T10:50:37.194Z,2026-05-06T11:09:58.647Z,ibm_fez,6,Javier Romero Álvarez,,8fd6ad12bccb4470bdbdbf3df0f65389
d7thk7st738s73chsn8g,completed,crn:v1:bluemix:public:quantum-computing:us-east:a/8fd6ad12bccb4470bdbdbf3df0f65389:3a1a1f3e-2262-4790-867a-fe146c2f7f2d::,us-east,job,2026-05-06T10:38:24.096Z,2026-05-06T10:39:05.293Z,ibm_fez,5,Javier Romero Álvarez,,8fd6ad12bccb4470bdbdbf3df0f65389
d7thfuvljm6s73bcktag,completed,crn:v1:bluemix:public:quantum-computing:us-east:a/8fd6ad12bccb4470bdbdbf3df0f65389:3a1a1f3e-2262-4790-867a-fe146c2f7f2d::,us-east,job,2026-05-06T10:29:15.855Z,2026-05-06T10:30:02.228Z,ibm_fez,6,Javier Romero Álvarez,,8fd6ad12bccb4470bdbdbf3df0f65389
d7tgebkt738s73chr18g,completed,crn:v1:bluemix:public:quantum-computing:us-east:a/8fd6ad12bccb4470bdbdbf3df0f65389:3a1a1f3e-2262-4790-867a-fe146c2f7f2d::,us-east,job,2026-05-06T09:17:35.108Z,2026-05-06T10:17:40.581Z,ibm_fez,5,Javier Romero Álvarez,,8fd6ad12bccb4470bdbdbf3df0f65389
d7tg9jcf3ras73b962kg,completed,crn:v1:bluemix:public:quantum-computing:us-east:a/8fd6ad12bccb4470bdbdbf3df0f65389:3a1a1f3e-2262-4790-867a-fe146c2f7f2d::,us-east,job,2026-05-06T09:07:26.031Z,2026-05-06T09:09:23.076Z,ibm_fez,6,Javier Romero Álvarez,,8fd6ad12bccb4470bdbdbf3df0f65389
d7terpiudops7397tc9g,completed,crn:v1:bluemix:public:quantum-computing:us-east:a/8fd6ad12bccb4470bdbdbf3df0f65389:3a1a1f3e-2262-4790-867a-fe146c2f7f2d::,us-east,job,2026-05-06T07:29:42.733Z,2026-05-06T08:55:18.953Z,ibm_fez,5,Javier Romero Álvarez,,8fd6ad12bccb4470bdbdbf3df0f65389
d7tenjiudops7397t7cg,completed,crn:v1:bluemix:public:quantum-computing:us-east:a/8fd6ad12bccb4470bdbdbf3df0f65389:3a1a1f3e-2262-4790-867a-fe146c2f7f2d::,us-east,job,2026-05-06T07:20:46.384Z,2026-05-06T07:21:36.260Z,ibm_fez,6,Javier Romero Álvarez,,8fd6ad12bccb4470bdbdbf3df0f65389
d7tegiaudops7397t010,completed,crn:v1:bluemix:public:quantum-computing:us-east:a/8fd6ad12bccb4470bdbdbf3df0f65389:3a1a1f3e-2262-4790-867a-fe146c2f7f2d::,us-east,job,2026-05-06T07:05:45.549Z,2026-05-06T07:07:01.043Z,ibm_fez,7,Javier Romero Álvarez,,8fd6ad12bccb4470bdbdbf3df0f65389
d7t1tpsf3ras73b8ljcg,completed,crn:v1:bluemix:public:quantum-computing:us-east:a/8fd6ad12bccb4470bdbdbf3df0f65389:3a1a1f3e-2262-4790-867a-fe146c2f7f2d::,us-east,job,2026-05-05T16:46:31.713Z,2026-05-05T16:47:28.186Z,ibm_fez,6,Javier Romero Álvarez,,8fd6ad12bccb4470bdbdbf3df0f65389
d7t1o5cf3ras73b8lcag,completed,crn:v1:bluemix:public:quantum-computing:us-east:a/8fd6ad12bccb4470bdbdbf3df0f65389:3a1a1f3e-2262-4790-867a-fe146c2f7f2d::,us-east,job,2026-05-05T16:34:30.238Z,2026-05-05T16:35:15.165Z,ibm_fez,9,Javier Romero Álvarez,,8fd6ad12bccb4470bdbdbf3df0f65389
d7t1jgaudops7397e8d0,completed,crn:v1:bluemix:public:quantum-computing:us-east:a/8fd6ad12bccb4470bdbdbf3df0f65389:3a1a1f3e-2262-4790-867a-fe146c2f7f2d::,us-east,job,2026-05-05T16:24:33.356Z,2026-05-05T16:25:19.867Z,ibm_fez,6,Javier Romero Álvarez,,8fd6ad12bccb4470bdbdbf3df0f65389
d7t1b9ct738s73ch9mn0,completed,crn:v1:bluemix:public:quantum-computing:us-east:a/8fd6ad12bccb4470bdbdbf3df0f65389:3a1a1f3e-2262-4790-867a-fe146c2f7f2d::,us-east,job,2026-05-05T16:07:01.187Z,2026-05-05T16:13:20.414Z,ibm_fez,5,Javier Romero Álvarez,,8fd6ad12bccb4470bdbdbf3df0f65389
d7t16n4t738s73ch9gv0,completed,crn:v1:bluemix:public:quantum-computing:us-east:a/8fd6ad12bccb4470bdbdbf3df0f65389:3a1a1f3e-2262-4790-867a-fe146c2f7f2d::,us-east,job,2026-05-05T15:57:16.798Z,2026-05-05T15:58:02.588Z,ibm_fez,6,Javier Romero Álvarez,,8fd6ad12bccb4470bdbdbf3df0f65389
d7t112audops7397diug,completed,crn:v1:bluemix:public:quantum-computing:us-east:a/8fd6ad12bccb4470bdbdbf3df0f65389:3a1a1f3e-2262-4790-867a-fe146c2f7f2d::,us-east,job,2026-05-05T15:45:13.932Z,2026-05-05T15:45:55.394Z,ibm_fez,6,Javier Romero Álvarez,,8fd6ad12bccb4470bdbdbf3df0f65389
d7t0nl7ljm6s73bc1e9g,completed,crn:v1:bluemix:public:quantum-computing:us-east:a/8fd6ad12bccb4470bdbdbf3df0f65389:3a1a1f3e-2262-4790-867a-fe146c2f7f2d::,us-east,job,2026-05-05T15:25:09.043Z,2026-05-05T15:36:06.205Z,ibm_fez,6,Javier Romero Álvarez,,8fd6ad12bccb4470bdbdbf3df0f65389
d7t04dst738s73ch88rg,completed,crn:v1:bluemix:public:quantum-computing:us-east:a/8fd6ad12bccb4470bdbdbf3df0f65389:3a1a1f3e-2262-4790-867a-fe146c2f7f2d::,us-east,job,2026-05-05T14:44:08.095Z,2026-05-05T15:13:55.879Z,ibm_fez,5,Javier Romero Álvarez,,8fd6ad12bccb4470bdbdbf3df0f65389
d7svvn2udops7397cbrg,completed,crn:v1:bluemix:public:quantum-computing:us-east:a/8fd6ad12bccb4470bdbdbf3df0f65389:3a1a1f3e-2262-4790-867a-fe146c2f7f2d::,us-east,job,2026-05-05T14:34:05.132Z,2026-05-05T14:35:01.244Z,ibm_fez,11,Javier Romero Álvarez,,8fd6ad12bccb4470bdbdbf3df0f65389
d7svq5ct738s73ch7rr0,completed,crn:v1:bluemix:public:quantum-computing:us-east:a/8fd6ad12bccb4470bdbdbf3df0f65389:3a1a1f3e-2262-4790-867a-fe146c2f7f2d::,us-east,job,2026-05-05T14:22:13.662Z,2026-05-05T14:22:52.532Z,ibm_fez,6,Javier Romero Álvarez,,8fd6ad12bccb4470bdbdbf3df0f65389
d7svlokt738s73ch7krg,completed,crn:v1:bluemix:public:quantum-computing:us-east:a/8fd6ad12bccb4470bdbdbf3df0f65389:3a1a1f3e-2262-4790-867a-fe146c2f7f2d::,us-east,job,2026-05-05T14:12:51.019Z,2026-05-05T14:13:55.103Z,ibm_fez,6,Javier Romero Álvarez,,8fd6ad12bccb4470bdbdbf3df0f65389
d7svef7ljm6s73bbvri0,completed,crn:v1:bluemix:public:quantum-computing:us-east:a/8fd6ad12bccb4470bdbdbf3df0f65389:3a1a1f3e-2262-4790-867a-fe146c2f7f2d::,us-east,job,2026-05-05T13:57:17.166Z,2026-05-05T14:01:08.082Z,ibm_fez,6,Javier Romero Álvarez,,8fd6ad12bccb4470bdbdbf3df0f65389
d7sv02kf3ras73b8i28g,completed,crn:v1:bluemix:public:quantum-computing:us-east:a/8fd6ad12bccb4470bdbdbf3df0f65389:3a1a1f3e-2262-4790-867a-fe146c2f7f2d::,us-east,job,2026-05-05T13:26:34.250Z,2026-05-05T13:48:53.459Z,ibm_fez,6,Javier Romero Álvarez,,8fd6ad12bccb4470bdbdbf3df0f65389
d7suq8audops7397at00,completed,crn:v1:bluemix:public:quantum-computing:us-east:a/8fd6ad12bccb4470bdbdbf3df0f65389:3a1a1f3e-2262-4790-867a-fe146c2f7f2d::,us-east,job,2026-05-05T13:14:09.719Z,2026-05-05T13:14:51.247Z,ibm_fez,6,Javier Romero Álvarez,,8fd6ad12bccb4470bdbdbf3df0f65389
d7sugbkf3ras73b8hfcg,completed,crn:v1:bluemix:public:quantum-computing:us-east:a/8fd6ad12bccb4470bdbdbf3df0f65389:3a1a1f3e-2262-4790-867a-fe146c2f7f2d::,us-east,job,2026-05-05T12:53:02.303Z,2026-05-05T13:05:49.162Z,ibm_fez,6,Javier Romero Álvarez,,8fd6ad12bccb4470bdbdbf3df0f65389
d7su882udops7397a7sg,completed,crn:v1:bluemix:public:quantum-computing:us-east:a/8fd6ad12bccb4470bdbdbf3df0f65389:3a1a1f3e-2262-4790-867a-fe146c2f7f2d::,us-east,job,2026-05-05T12:35:44.988Z,2026-05-05T12:41:26.034Z,ibm_fez,5,Javier Romero Álvarez,,8fd6ad12bccb4470bdbdbf3df0f65389
d7su40st738s73ch5qog,completed,crn:v1:bluemix:public:quantum-computing:us-east:a/8fd6ad12bccb4470bdbdbf3df0f65389:3a1a1f3e-2262-4790-867a-fe146c2f7f2d::,us-east,job,2026-05-05T12:26:44.159Z,2026-05-05T12:27:30.355Z,ibm_fez,6,Javier Romero Álvarez,,8fd6ad12bccb4470bdbdbf3df0f65389
d7sttu4t738s73ch5k10,completed,crn:v1:bluemix:public:quantum-computing:us-east:a/8fd6ad12bccb4470bdbdbf3df0f65389:3a1a1f3e-2262-4790-867a-fe146c2f7f2d::,us-east,job,2026-05-05T12:13:45.109Z,2026-05-05T12:15:00.647Z,ibm_fez,6,Javier Romero Álvarez,,8fd6ad12bccb4470bdbdbf3df0f65389
d7stpdvljm6s73bbtv0g,completed,crn:v1:bluemix:public:quantum-computing:us-east:a/8fd6ad12bccb4470bdbdbf3df0f65389:3a1a1f3e-2262-4790-867a-fe146c2f7f2d::,us-east,job,2026-05-05T12:04:07.994Z,2026-05-05T12:05:31.694Z,ibm_fez,6,Javier Romero Álvarez,,8fd6ad12bccb4470bdbdbf3df0f65389
d7stjgsf3ras73b8gfeg,completed,crn:v1:bluemix:public:quantum-computing:us-east:a/8fd6ad12bccb4470bdbdbf3df0f65389:3a1a1f3e-2262-4790-867a-fe146c2f7f2d::,us-east,job,2026-05-05T11:51:31.500Z,2026-05-05T11:52:28.834Z,ibm_fez,7,Javier Romero Álvarez,,8fd6ad12bccb4470bdbdbf3df0f65389
d7stebvljm6s73bbtib0,completed,crn:v1:bluemix:public:quantum-computing:us-east:a/8fd6ad12bccb4470bdbdbf3df0f65389:3a1a1f3e-2262-4790-867a-fe146c2f7f2d::,us-east,job,2026-05-05T11:40:31.733Z,2026-05-05T11:42:11.708Z,ibm_fez,10,Javier Romero Álvarez,,8fd6ad12bccb4470bdbdbf3df0f65389
d7sra5st738s73ch2omg,completed,crn:v1:bluemix:public:quantum-computing:us-east:a/8fd6ad12bccb4470bdbdbf3df0f65389:3a1a1f3e-2262-4790-867a-fe146c2f7f2d::,us-east,job,2026-05-05T09:15:04.147Z,2026-05-05T11:28:49.150Z,ibm_fez,6,Javier Romero Álvarez,,8fd6ad12bccb4470bdbdbf3df0f65389
d7sr50fljm6s73bbr1r0,completed,crn:v1:bluemix:public:quantum-computing:us-east:a/8fd6ad12bccb4470bdbdbf3df0f65389:3a1a1f3e-2262-4790-867a-fe146c2f7f2d::,us-east,job,2026-05-05T09:04:01.675Z,2026-05-05T09:07:10.922Z,ibm_fez,10,Javier Romero Álvarez,,8fd6ad12bccb4470bdbdbf3df0f65389
d7squuiudops73976lf0,completed,crn:v1:bluemix:public:quantum-computing:us-east:a/8fd6ad12bccb4470bdbdbf3df0f65389:3a1a1f3e-2262-4790-867a-fe146c2f7f2d::,us-east,job,2026-05-05T08:51:06.558Z,2026-05-05T08:51:48.019Z,ibm_fez,9,Javier Romero Álvarez,,8fd6ad12bccb4470bdbdbf3df0f65389
d7sqqnaudops73976h10,completed,crn:v1:bluemix:public:quantum-computing:us-east:a/8fd6ad12bccb4470bdbdbf3df0f65389:3a1a1f3e-2262-4790-867a-fe146c2f7f2d::,us-east,job,2026-05-05T08:42:05.372Z,2026-05-05T08:42:51.569Z,ibm_fez,6,Javier Romero Álvarez,,8fd6ad12bccb4470bdbdbf3df0f65389
d7sqkrct738s73ch20rg,completed,crn:v1:bluemix:public:quantum-computing:us-east:a/8fd6ad12bccb4470bdbdbf3df0f65389:3a1a1f3e-2262-4790-867a-fe146c2f7f2d::,us-east,job,2026-05-05T08:29:33.343Z,2026-05-05T08:30:11.023Z,ibm_fez,6,Javier Romero Álvarez,,8fd6ad12bccb4470bdbdbf3df0f65389
d7sqgg2udops739765o0,completed,crn:v1:bluemix:public:quantum-computing:us-east:a/8fd6ad12bccb4470bdbdbf3df0f65389:3a1a1f3e-2262-4790-867a-fe146c2f7f2d::,us-east,job,2026-05-05T08:20:16.931Z,2026-05-05T08:21:20.880Z,ibm_fez,7,Javier Romero Álvarez,,8fd6ad12bccb4470bdbdbf3df0f65389
d7sqaecf3ras73b8csug,completed,crn:v1:bluemix:public:quantum-computing:us-east:a/8fd6ad12bccb4470bdbdbf3df0f65389:3a1a1f3e-2262-4790-867a-fe146c2f7f2d::,us-east,job,2026-05-05T08:07:21.804Z,2026-05-05T08:08:12.601Z,ibm_fez,5,Javier Romero Álvarez,,8fd6ad12bccb4470bdbdbf3df0f65389
d7sq63cf3ras73b8co80,completed,crn:v1:bluemix:public:quantum-computing:us-east:a/8fd6ad12bccb4470bdbdbf3df0f65389:3a1a1f3e-2262-4790-867a-fe146c2f7f2d::,us-east,job,2026-05-05T07:58:05.873Z,2026-05-05T07:59:24.494Z,ibm_fez,12,Javier Romero Álvarez,,8fd6ad12bccb4470bdbdbf3df0f65389
d7spv9nljm6s73bbppkg,completed,crn:v1:bluemix:public:quantum-computing:us-east:a/8fd6ad12bccb4470bdbdbf3df0f65389:3a1a1f3e-2262-4790-867a-fe146c2f7f2d::,us-east,job,2026-05-05T07:43:40.917Z,2026-05-05T07:44:57.415Z,ibm_fez,8,Javier Romero Álvarez,,8fd6ad12bccb4470bdbdbf3df0f65389
d7sb9sct738s73cgg0n0,completed,crn:v1:bluemix:public:quantum-computing:us-east:a/8fd6ad12bccb4470bdbdbf3df0f65389:3a1a1f3e-2262-4790-867a-fe146c2f7f2d::,us-east,job,2026-05-04T15:02:09.651Z,2026-05-04T15:03:23.899Z,ibm_fez,11,Javier Romero Álvarez,,8fd6ad12bccb4470bdbdbf3df0f65389
d7sb3tnljm6s73bb88pg,completed,crn:v1:bluemix:public:quantum-computing:us-east:a/8fd6ad12bccb4470bdbdbf3df0f65389:3a1a1f3e-2262-4790-867a-fe146c2f7f2d::,us-east,job,2026-05-04T14:49:27.186Z,2026-05-04T14:52:35.135Z,ibm_fez,11,Javier Romero Álvarez,,8fd6ad12bccb4470bdbdbf3df0f65389
d7sas8nljm6s73bb7va0,completed,crn:v1:bluemix:public:quantum-computing:us-east:a/8fd6ad12bccb4470bdbdbf3df0f65389:3a1a1f3e-2262-4790-867a-fe146c2f7f2d::,us-east,job,2026-05-04T14:33:06.245Z,2026-05-04T14:40:11.171Z,ibm_fez,9,Javier Romero Álvarez,,8fd6ad12bccb4470bdbdbf3df0f65389
d7sancsf3ras73b7qhu0,completed,crn:v1:bluemix:public:quantum-computing:us-east:a/8fd6ad12bccb4470bdbdbf3df0f65389:3a1a1f3e-2262-4790-867a-fe146c2f7f2d::,us-east,job,2026-05-04T14:22:43.856Z,2026-05-04T14:23:52.104Z,ibm_fez,10,Javier Romero Álvarez,,8fd6ad12bccb4470bdbdbf3df0f65389
d7sahh4t738s73cgf1dg,completed,crn:v1:bluemix:public:quantum-computing:us-east:a/8fd6ad12bccb4470bdbdbf3df0f65389:3a1a1f3e-2262-4790-867a-fe146c2f7f2d::,us-east,job,2026-05-04T14:10:12.256Z,2026-05-04T14:13:26.520Z,ibm_fez,10,Javier Romero Álvarez,,8fd6ad12bccb4470bdbdbf3df0f65389
d7saco2udops7396j5k0,completed,crn:v1:bluemix:public:quantum-computing:us-east:a/8fd6ad12bccb4470bdbdbf3df0f65389:3a1a1f3e-2262-4790-867a-fe146c2f7f2d::,us-east,job,2026-05-04T14:00:00.359Z,2026-05-04T14:00:58.693Z,ibm_fez,10,Javier Romero Álvarez,,8fd6ad12bccb4470bdbdbf3df0f65389
d7sa7l7ljm6s73bb7590,completed,crn:v1:bluemix:public:quantum-computing:us-east:a/8fd6ad12bccb4470bdbdbf3df0f65389:3a1a1f3e-2262-4790-867a-fe146c2f7f2d::,us-east,job,2026-05-04T13:49:08.420Z,2026-05-04T13:50:45.292Z,ibm_fez,6,Javier Romero Álvarez,,8fd6ad12bccb4470bdbdbf3df0f65389
d7sa2ist738s73cgedv0,completed,crn:v1:bluemix:public:quantum-computing:us-east:a/8fd6ad12bccb4470bdbdbf3df0f65389:3a1a1f3e-2262-4790-867a-fe146c2f7f2d::,us-east,job,2026-05-04T13:38:19.884Z,2026-05-04T13:39:56.612Z,ibm_fez,9,Javier Romero Álvarez,,8fd6ad12bccb4470bdbdbf3df0f65389
d7s9tr7ljm6s73bb6nig,completed,crn:v1:bluemix:public:quantum-computing:us-east:a/8fd6ad12bccb4470bdbdbf3df0f65389:3a1a1f3e-2262-4790-867a-fe146c2f7f2d::,us-east,job,2026-05-04T13:28:13.579Z,2026-05-04T13:29:02.093Z,ibm_fez,5,Javier Romero Álvarez,,8fd6ad12bccb4470bdbdbf3df0f65389
d7s9oqnljm6s73bb6heg,completed,crn:v1:bluemix:public:quantum-computing:us-east:a/8fd6ad12bccb4470bdbdbf3df0f65389:3a1a1f3e-2262-4790-867a-fe146c2f7f2d::,us-east,job,2026-05-04T13:17:32.142Z,2026-05-04T13:18:54.165Z,ibm_fez,7,Javier Romero Álvarez,,8fd6ad12bccb4470bdbdbf3df0f65389
d7s9jv2udops7396i6l0,completed,crn:v1:bluemix:public:quantum-computing:us-east:a/8fd6ad12bccb4470bdbdbf3df0f65389:3a1a1f3e-2262-4790-867a-fe146c2f7f2d::,us-east,job,2026-05-04T13:07:08.574Z,2026-05-04T13:08:12.714Z,ibm_fez,6,Javier Romero Álvarez,,8fd6ad12bccb4470bdbdbf3df0f65389
d7s9emqudops7396i0n0,completed,crn:v1:bluemix:public:quantum-computing:us-east:a/8fd6ad12bccb4470bdbdbf3df0f65389:3a1a1f3e-2262-4790-867a-fe146c2f7f2d::,us-east,job,2026-05-04T12:55:56.158Z,2026-05-04T12:57:56.853Z,ibm_fez,6,Javier Romero Álvarez,,8fd6ad12bccb4470bdbdbf3df0f65389
d7s99r2udops7396hrag,completed,crn:v1:bluemix:public:quantum-computing:us-east:a/8fd6ad12bccb4470bdbdbf3df0f65389:3a1a1f3e-2262-4790-867a-fe146c2f7f2d::,us-east,job,2026-05-04T12:45:32.742Z,2026-05-04T12:46:48.539Z,ibm_fez,6,Javier Romero Álvarez,,8fd6ad12bccb4470bdbdbf3df0f65389
d7s956vljm6s73bb5s5g,completed,crn:v1:bluemix:public:quantum-computing:us-east:a/8fd6ad12bccb4470bdbdbf3df0f65389:3a1a1f3e-2262-4790-867a-fe146c2f7f2d::,us-east,job,2026-05-04T12:35:40.060Z,2026-05-04T12:36:24.555Z,ibm_fez,6,Javier Romero Álvarez,,8fd6ad12bccb4470bdbdbf3df0f65389
d7s90ekf3ras73b7oeh0,completed,crn:v1:bluemix:public:quantum-computing:us-east:a/8fd6ad12bccb4470bdbdbf3df0f65389:3a1a1f3e-2262-4790-867a-fe146c2f7f2d::,us-east,job,2026-05-04T12:25:30.579Z,2026-05-04T12:26:33.010Z,ibm_fez,6,Javier Romero Álvarez,,8fd6ad12bccb4470bdbdbf3df0f65389
d7s8rbiudops7396haq0,completed,crn:v1:bluemix:public:quantum-computing:us-east:a/8fd6ad12bccb4470bdbdbf3df0f65389:3a1a1f3e-2262-4790-867a-fe146c2f7f2d::,us-east,job,2026-05-04T12:14:39.011Z,2026-05-04T12:16:17.409Z,ibm_fez,6,Javier Romero Álvarez,,8fd6ad12bccb4470bdbdbf3df0f65389
d7s8m7ct738s73cgcqkg,completed,crn:v1:bluemix:public:quantum-computing:us-east:a/8fd6ad12bccb4470bdbdbf3df0f65389:3a1a1f3e-2262-4790-867a-fe146c2f7f2d::,us-east,job,2026-05-04T12:03:41.567Z,2026-05-04T12:05:22.199Z,ibm_fez,6,Javier Romero Álvarez,,8fd6ad12bccb4470bdbdbf3df0f65389
d7s8h5cf3ras73b7nsu0,completed,crn:v1:bluemix:public:quantum-computing:us-east:a/8fd6ad12bccb4470bdbdbf3df0f65389:3a1a1f3e-2262-4790-867a-fe146c2f7f2d::,us-east,job,2026-05-04T11:52:53.434Z,2026-05-04T11:54:28.886Z,ibm_fez,13,Javier Romero Álvarez,,8fd6ad12bccb4470bdbdbf3df0f65389
d7s8c8kt738s73cgcem0,completed,crn:v1:bluemix:public:quantum-computing:us-east:a/8fd6ad12bccb4470bdbdbf3df0f65389:3a1a1f3e-2262-4790-867a-fe146c2f7f2d::,us-east,job,2026-05-04T11:42:26.975Z,2026-05-04T11:43:43.118Z,ibm_fez,6,Javier Romero Álvarez,,8fd6ad12bccb4470bdbdbf3df0f65389
d7s817kt738s73cgc1j0,completed,crn:v1:bluemix:public:quantum-computing:us-east:a/8fd6ad12bccb4470bdbdbf3df0f65389:3a1a1f3e-2262-4790-867a-fe146c2f7f2d::,us-east,job,2026-05-04T11:18:54.150Z,2026-05-04T11:33:15.146Z,ibm_fez,6,Javier Romero Álvarez,,8fd6ad12bccb4470bdbdbf3df0f65389
d7s7s8kt738s73cgbs80,completed,crn:v1:bluemix:public:quantum-computing:us-east:a/8fd6ad12bccb4470bdbdbf3df0f65389:3a1a1f3e-2262-4790-867a-fe146c2f7f2d::,us-east,job,2026-05-04T11:08:18.208Z,2026-05-04T11:09:40.975Z,ibm_fez,6,Javier Romero Álvarez,,8fd6ad12bccb4470bdbdbf3df0f65389
d7s7n7sf3ras73b7mudg,completed,crn:v1:bluemix:public:quantum-computing:us-east:a/8fd6ad12bccb4470bdbdbf3df0f65389:3a1a1f3e-2262-4790-867a-fe146c2f7f2d::,us-east,job,2026-05-04T10:57:35.990Z,2026-05-04T10:59:04.530Z,ibm_fez,6,Javier Romero Álvarez,,8fd6ad12bccb4470bdbdbf3df0f65389
d7s7ijvljm6s73bb41eg,completed,crn:v1:bluemix:public:quantum-computing:us-east:a/8fd6ad12bccb4470bdbdbf3df0f65389:3a1a1f3e-2262-4790-867a-fe146c2f7f2d::,us-east,job,2026-05-04T10:47:43.469Z,2026-05-04T10:48:24.741Z,ibm_fez,6,Javier Romero Álvarez,,8fd6ad12bccb4470bdbdbf3df0f65389
d7s7e0fljm6s73bb3s10,completed,crn:v1:bluemix:public:quantum-computing:us-east:a/8fd6ad12bccb4470bdbdbf3df0f65389:3a1a1f3e-2262-4790-867a-fe146c2f7f2d::,us-east,job,2026-05-04T10:37:54.020Z,2026-05-04T10:38:33.351Z,ibm_fez,6,Javier Romero Álvarez,,8fd6ad12bccb4470bdbdbf3df0f65389
d7s7962udops7396ffug,completed,crn:v1:bluemix:public:quantum-computing:us-east:a/8fd6ad12bccb4470bdbdbf3df0f65389:3a1a1f3e-2262-4790-867a-fe146c2f7f2d::,us-east,job,2026-05-04T10:27:36.347Z,2026-05-04T10:28:49.534Z,ibm_fez,6,Javier Romero Álvarez,,8fd6ad12bccb4470bdbdbf3df0f65389
d7s74hiudops7396fat0,completed,crn:v1:bluemix:public:quantum-computing:us-east:a/8fd6ad12bccb4470bdbdbf3df0f65389:3a1a1f3e-2262-4790-867a-fe146c2f7f2d::,us-east,job,2026-05-04T10:17:42.558Z,2026-05-04T10:18:28.154Z,ibm_fez,6,Javier Romero Álvarez,,8fd6ad12bccb4470bdbdbf3df0f65389
d7s6vtkt738s73cgark0,completed,crn:v1:bluemix:public:quantum-computing:us-east:a/8fd6ad12bccb4470bdbdbf3df0f65389:3a1a1f3e-2262-4790-867a-fe146c2f7f2d::,us-east,job,2026-05-04T10:07:50.393Z,2026-05-04T10:08:34.761Z,ibm_fez,6,Javier Romero Álvarez,,8fd6ad12bccb4470bdbdbf3df0f65389
d7s6r7kt738s73cgam8g,completed,crn:v1:bluemix:public:quantum-computing:us-east:a/8fd6ad12bccb4470bdbdbf3df0f65389:3a1a1f3e-2262-4790-867a-fe146c2f7f2d::,us-east,job,2026-05-04T09:57:51.093Z,2026-05-04T09:58:41.614Z,ibm_fez,6,Javier Romero Álvarez,,8fd6ad12bccb4470bdbdbf3df0f65389
d7s6mi4f3ras73b7lpeg,completed,crn:v1:bluemix:public:quantum-computing:us-east:a/8fd6ad12bccb4470bdbdbf3df0f65389:3a1a1f3e-2262-4790-867a-fe146c2f7f2d::,us-east,job,2026-05-04T09:47:52.617Z,2026-05-04T09:48:43.649Z,ibm_fez,5,Javier Romero Álvarez,,8fd6ad12bccb4470bdbdbf3df0f65389
d7s6i0ct738s73cgabu0,completed,crn:v1:bluemix:public:quantum-computing:us-east:a/8fd6ad12bccb4470bdbdbf3df0f65389:3a1a1f3e-2262-4790-867a-fe146c2f7f2d::,us-east,job,2026-05-04T09:38:09.235Z,2026-05-04T09:38:48.118Z,ibm_fez,6,Javier Romero Álvarez,,8fd6ad12bccb4470bdbdbf3df0f65389
d7s6d3ct738s73cga6c0,completed,crn:v1:bluemix:public:quantum-computing:us-east:a/8fd6ad12bccb4470bdbdbf3df0f65389:3a1a1f3e-2262-4790-867a-fe146c2f7f2d::,us-east,job,2026-05-04T09:27:41.280Z,2026-05-04T09:29:04.811Z,ibm_fez,6,Javier Romero Álvarez,,8fd6ad12bccb4470bdbdbf3df0f65389
d7s67p4f3ras73b7l97g,completed,crn:v1:bluemix:public:quantum-computing:us-east:a/8fd6ad12bccb4470bdbdbf3df0f65389:3a1a1f3e-2262-4790-867a-fe146c2f7f2d::,us-east,job,2026-05-04T09:16:21.018Z,2026-05-04T09:18:36.359Z,ibm_fez,6,Javier Romero Álvarez,,8fd6ad12bccb4470bdbdbf3df0f65389
d7s6354f3ras73b7l4j0,completed,crn:v1:bluemix:public:quantum-computing:us-east:a/8fd6ad12bccb4470bdbdbf3df0f65389:3a1a1f3e-2262-4790-867a-fe146c2f7f2d::,us-east,job,2026-05-04T09:06:28.858Z,2026-05-04T09:07:09.063Z,ibm_fez,6,Javier Romero Álvarez,,8fd6ad12bccb4470bdbdbf3df0f65389
d7s5tknljm6s73bb26dg,completed,crn:v1:bluemix:public:quantum-computing:us-east:a/8fd6ad12bccb4470bdbdbf3df0f65389:3a1a1f3e-2262-4790-867a-fe146c2f7f2d::,us-east,job,2026-05-04T08:54:42.505Z,2026-05-04T08:57:22.415Z,ibm_fez,6,Javier Romero Álvarez,,8fd6ad12bccb4470bdbdbf3df0f65389
d7s5otaudops7396dq4g,completed,crn:v1:bluemix:public:quantum-computing:us-east:a/8fd6ad12bccb4470bdbdbf3df0f65389:3a1a1f3e-2262-4790-867a-fe146c2f7f2d::,us-east,job,2026-05-04T08:44:37.445Z,2026-05-04T08:45:35.603Z,ibm_fez,5,Javier Romero Álvarez,,8fd6ad12bccb4470bdbdbf3df0f65389
d7s5kb2udops7396dkg0,completed,crn:v1:bluemix:public:quantum-computing:us-east:a/8fd6ad12bccb4470bdbdbf3df0f65389:3a1a1f3e-2262-4790-867a-fe146c2f7f2d::,us-east,job,2026-05-04T08:34:54.424Z,2026-05-04T08:35:34.122Z,ibm_fez,6,Javier Romero Álvarez,,8fd6ad12bccb4470bdbdbf3df0f65389
d7s5fpst738s73cg93rg,completed,crn:v1:bluemix:public:quantum-computing:us-east:a/8fd6ad12bccb4470bdbdbf3df0f65389:3a1a1f3e-2262-4790-867a-fe146c2f7f2d::,us-east,job,2026-05-04T08:25:12.870Z,2026-05-04T08:25:51.837Z,ibm_fez,5,Javier Romero Álvarez,,8fd6ad12bccb4470bdbdbf3df0f65389
d7s5b7kt738s73cg8uc0,completed,crn:v1:bluemix:public:quantum-computing:us-east:a/8fd6ad12bccb4470bdbdbf3df0f65389:3a1a1f3e-2262-4790-867a-fe146c2f7f2d::,us-east,job,2026-05-04T08:15:26.241Z,2026-05-04T08:16:06.925Z,ibm_fez,6,Javier Romero Álvarez,,8fd6ad12bccb4470bdbdbf3df0f65389
d7s55nfljm6s73bb19n0,completed,crn:v1:bluemix:public:quantum-computing:us-east:a/8fd6ad12bccb4470bdbdbf3df0f65389:3a1a1f3e-2262-4790-867a-fe146c2f7f2d::,us-east,job,2026-05-04T08:03:41.169Z,2026-05-04T08:06:17.111Z,ibm_fez,6,Javier Romero Álvarez,,8fd6ad12bccb4470bdbdbf3df0f65389
d7s50pqudops7396cts0,completed,crn:v1:bluemix:public:quantum-computing:us-east:a/8fd6ad12bccb4470bdbdbf3df0f65389:3a1a1f3e-2262-4790-867a-fe146c2f7f2d::,us-east,job,2026-05-04T07:53:11.653Z,2026-05-04T07:54:35.329Z,ibm_fez,6,Javier Romero Álvarez,,8fd6ad12bccb4470bdbdbf3df0f65389
d7s4s6kf3ras73b7jm6g,completed,crn:v1:bluemix:public:quantum-computing:us-east:a/8fd6ad12bccb4470bdbdbf3df0f65389:3a1a1f3e-2262-4790-867a-fe146c2f7f2d::,us-east,job,2026-05-04T07:43:22.401Z,2026-05-04T07:44:01.529Z,ibm_fez,6,Javier Romero Álvarez,,8fd6ad12bccb4470bdbdbf3df0f65389
d7s4micf3ras73b7jg9g,completed,crn:v1:bluemix:public:quantum-computing:us-east:a/8fd6ad12bccb4470bdbdbf3df0f65389:3a1a1f3e-2262-4790-867a-fe146c2f7f2d::,us-east,job,2026-05-04T07:31:22.132Z,2026-05-04T07:34:14.714Z,ibm_fez,6,Javier Romero Álvarez,,8fd6ad12bccb4470bdbdbf3df0f65389
d7s4h3cf3ras73b7jahg,completed,crn:v1:bluemix:public:quantum-computing:us-east:a/8fd6ad12bccb4470bdbdbf3df0f65389:3a1a1f3e-2262-4790-867a-fe146c2f7f2d::,us-east,job,2026-05-04T07:19:42.102Z,2026-05-04T07:22:14.193Z,ibm_fez,5,Javier Romero Álvarez,,8fd6ad12bccb4470bdbdbf3df0f65389
d7s4btqudops7396c6cg,completed,crn:v1:bluemix:public:quantum-computing:us-east:a/8fd6ad12bccb4470bdbdbf3df0f65389:3a1a1f3e-2262-4790-867a-fe146c2f7f2d::,us-east,job,2026-05-04T07:08:39.908Z,2026-05-04T07:10:02.710Z,ibm_fez,6,Javier Romero Álvarez,,8fd6ad12bccb4470bdbdbf3df0f65389
d7phmae25ies7395ou40,completed,crn:v1:bluemix:public:quantum-computing:us-east:a/8fd6ad12bccb4470bdbdbf3df0f65389:3a1a1f3e-2262-4790-867a-fe146c2f7f2d::,us-east,job,2026-04-30T09:04:41.499Z,2026-04-30T12:42:47.306Z,ibm_fez,6,Javier Romero Álvarez,,8fd6ad12bccb4470bdbdbf3df0f65389
d7ou44gror3c73c0et1g,completed,crn:v1:bluemix:public:quantum-computing:us-east:a/8fd6ad12bccb4470bdbdbf3df0f65389:3a1a1f3e-2262-4790-867a-fe146c2f7f2d::,us-east,job,2026-04-29T10:48:50.525Z,2026-04-29T10:49:19.754Z,ibm_fez,5,Javier Romero Álvarez,,8fd6ad12bccb4470bdbdbf3df0f65389
d7ou0mu0b9ts73cisgh0,completed,crn:v1:bluemix:public:quantum-computing:us-east:a/8fd6ad12bccb4470bdbdbf3df0f65389:3a1a1f3e-2262-4790-867a-fe146c2f7f2d::,us-east,job,2026-04-29T10:41:31.467Z,2026-04-29T10:41:50.593Z,ibm_fez,4,Javier Romero Álvarez,,8fd6ad12bccb4470bdbdbf3df0f65389
d7otto0ror3c73c0emgg,completed,crn:v1:bluemix:public:quantum-computing:us-east:a/8fd6ad12bccb4470bdbdbf3df0f65389:3a1a1f3e-2262-4790-867a-fe146c2f7f2d::,us-east,job,2026-04-29T10:35:12.643Z,2026-04-29T10:35:59.377Z,ibm_fez,5,Javier Romero Álvarez,,8fd6ad12bccb4470bdbdbf3df0f65389
d7otqdoror3c73c0ej1g,completed,crn:v1:bluemix:public:quantum-computing:us-east:a/8fd6ad12bccb4470bdbdbf3df0f65389:3a1a1f3e-2262-4790-867a-fe146c2f7f2d::,us-east,job,2026-04-29T10:28:08.110Z,2026-04-29T10:28:26.956Z,ibm_fez,4,Javier Romero Álvarez,,8fd6ad12bccb4470bdbdbf3df0f65389
d7otno39ak2c739r10gg,completed,crn:v1:bluemix:public:quantum-computing:us-east:a/8fd6ad12bccb4470bdbdbf3df0f65389:3a1a1f3e-2262-4790-867a-fe146c2f7f2d::,us-east,job,2026-04-29T10:22:24.298Z,2026-04-29T10:22:35.380Z,ibm_fez,4,Javier Romero Álvarez,,8fd6ad12bccb4470bdbdbf3df0f65389
d7oter6dvl0c738o9q7g,completed,crn:v1:bluemix:public:quantum-computing:us-east:a/8fd6ad12bccb4470bdbdbf3df0f65389:3a1a1f3e-2262-4790-867a-fe146c2f7f2d::,us-east,job,2026-04-29T10:03:25.226Z,2026-04-29T10:19:01.197Z,ibm_fez,6,Javier Romero Álvarez,,8fd6ad12bccb4470bdbdbf3df0f65389
d7osrtmdvl0c738o95vg,completed,crn:v1:bluemix:public:quantum-computing:us-east:a/8fd6ad12bccb4470bdbdbf3df0f65389:3a1a1f3e-2262-4790-867a-fe146c2f7f2d::,us-east,job,2026-04-29T09:23:02.968Z,2026-04-29T09:24:46.836Z,ibm_fez,5,Javier Romero Álvarez,,8fd6ad12bccb4470bdbdbf3df0f65389
d7osmqoror3c73c0ddo0,completed,crn:v1:bluemix:public:quantum-computing:us-east:a/8fd6ad12bccb4470bdbdbf3df0f65389:3a1a1f3e-2262-4790-867a-fe146c2f7f2d::,us-east,job,2026-04-29T09:12:11.808Z,2026-04-29T09:14:58.285Z,ibm_fez,5,Javier Romero Álvarez,,8fd6ad12bccb4470bdbdbf3df0f65389
d7orr7j9ak2c739qurk0,completed,crn:v1:bluemix:public:quantum-computing:us-east:a/8fd6ad12bccb4470bdbdbf3df0f65389:3a1a1f3e-2262-4790-867a-fe146c2f7f2d::,us-east,job,2026-04-29T08:13:18.862Z,2026-04-29T09:05:19.144Z,ibm_fez,5,Javier Romero Álvarez,,8fd6ad12bccb4470bdbdbf3df0f65389
d7orlsudvl0c738o7n50,completed,crn:v1:bluemix:public:quantum-computing:us-east:a/8fd6ad12bccb4470bdbdbf3df0f65389:3a1a1f3e-2262-4790-867a-fe146c2f7f2d::,us-east,job,2026-04-29T08:01:55.824Z,2026-04-29T08:08:00.994Z,ibm_fez,5,Javier Romero Álvarez,,8fd6ad12bccb4470bdbdbf3df0f65389
d7ori5m0b9ts73cipp50,completed,crn:v1:bluemix:public:quantum-computing:us-east:a/8fd6ad12bccb4470bdbdbf3df0f65389:3a1a1f3e-2262-4790-867a-fe146c2f7f2d::,us-east,job,2026-04-29T07:53:59.058Z,2026-04-29T07:54:15.927Z,ibm_fez,4,Javier Romero Álvarez,,8fd6ad12bccb4470bdbdbf3df0f65389
d7orfoedvl0c738o7g5g,completed,crn:v1:bluemix:public:quantum-computing:us-east:a/8fd6ad12bccb4470bdbdbf3df0f65389:3a1a1f3e-2262-4790-867a-fe146c2f7f2d::,us-east,job,2026-04-29T07:48:50.076Z,2026-04-29T07:49:04.992Z,ibm_fez,4,Javier Romero Álvarez,,8fd6ad12bccb4470bdbdbf3df0f65389
d7orde60b9ts73cipjs0,completed,crn:v1:bluemix:public:quantum-computing:us-east:a/8fd6ad12bccb4470bdbdbf3df0f65389:3a1a1f3e-2262-4790-867a-fe146c2f7f2d::,us-east,job,2026-04-29T07:43:52.461Z,2026-04-29T07:45:09.280Z,ibm_fez,5,Javier Romero Álvarez,,8fd6ad12bccb4470bdbdbf3df0f65389
d7ngfaik4prs73ds90kg,canceled,crn:v1:bluemix:public:quantum-computing:us-east:a/8fd6ad12bccb4470bdbdbf3df0f65389:3a1a1f3e-2262-4790-867a-fe146c2f7f2d::,us-east,job,2026-04-27T06:52:27.032Z,2026-04-27T07:36:18.319Z,ibm_fez,0,Javier Romero Álvarez,,8fd6ad12bccb4470bdbdbf3df0f65389
d7ljdrs3g2mc7391dlrg,completed,crn:v1:bluemix:public:quantum-computing:us-east:a/8fd6ad12bccb4470bdbdbf3df0f65389:3a1a1f3e-2262-4790-867a-fe146c2f7f2d::,us-east,job,2026-04-24T09:25:03.879Z,2026-04-24T09:39:08.875Z,ibm_fez,6,Javier Romero Álvarez,,8fd6ad12bccb4470bdbdbf3df0f65389
d7kbp4i4lglc73fv8mog,completed,crn:v1:bluemix:public:quantum-computing:us-east:a/8fd6ad12bccb4470bdbdbf3df0f65389:3a1a1f3e-2262-4790-867a-fe146c2f7f2d::,us-east,job,2026-04-22T12:18:26.918Z,2026-04-22T12:21:15.178Z,ibm_fez,4,Javier Romero Álvarez,,8fd6ad12bccb4470bdbdbf3df0f65389
d7kbmjokj84c73cdmrhg,failed,crn:v1:bluemix:public:quantum-computing:us-east:a/8fd6ad12bccb4470bdbdbf3df0f65389:3a1a1f3e-2262-4790-867a-fe146c2f7f2d::,us-east,job,2026-04-22T12:13:03.212Z,2026-04-22T12:15:35.224Z,ibm_fez,0,Javier Romero Álvarez,,8fd6ad12bccb4470bdbdbf3df0f65389
d7kbir24lglc73fv8g10,completed,crn:v1:bluemix:public:quantum-computing:us-east:a/8fd6ad12bccb4470bdbdbf3df0f65389:3a1a1f3e-2262-4790-867a-fe146c2f7f2d::,us-east,job,2026-04-22T12:05:00.715Z,2026-04-22T12:05:56.316Z,ibm_fez,4,Javier Romero Álvarez,,8fd6ad12bccb4470bdbdbf3df0f65389
d7kb7n0e7usc73f4j2fg,completed,crn:v1:bluemix:public:quantum-computing:us-east:a/8fd6ad12bccb4470bdbdbf3df0f65389:3a1a1f3e-2262-4790-867a-fe146c2f7f2d::,us-east,job,2026-04-22T11:41:16.518Z,2026-04-22T12:01:26.103Z,ibm_fez,6,Javier Romero Álvarez,,8fd6ad12bccb4470bdbdbf3df0f65389
d7kb0n28ui0s73b518lg,completed,crn:v1:bluemix:public:quantum-computing:us-east:a/8fd6ad12bccb4470bdbdbf3df0f65389:3a1a1f3e-2262-4790-867a-fe146c2f7f2d::,us-east,job,2026-04-22T11:26:20.258Z,2026-04-22T11:34:16.542Z,ibm_fez,4,Javier Romero Álvarez,,8fd6ad12bccb4470bdbdbf3df0f65389
d7kathge7usc73f4inmg,completed,crn:v1:bluemix:public:quantum-computing:us-east:a/8fd6ad12bccb4470bdbdbf3df0f65389:3a1a1f3e-2262-4790-867a-fe146c2f7f2d::,us-east,job,2026-04-22T11:19:34.910Z,2026-04-22T11:22:46.891Z,ibm_fez,6,Javier Romero Álvarez,,8fd6ad12bccb4470bdbdbf3df0f65389
d7kap6a4lglc73fv7jk0,completed,crn:v1:bluemix:public:quantum-computing:us-east:a/8fd6ad12bccb4470bdbdbf3df0f65389:3a1a1f3e-2262-4790-867a-fe146c2f7f2d::,us-east,job,2026-04-22T11:10:17.944Z,2026-04-22T11:12:36.725Z,ibm_fez,4,Javier Romero Álvarez,,8fd6ad12bccb4470bdbdbf3df0f65389
d7kamn0e7usc73f4ieig,completed,crn:v1:bluemix:public:quantum-computing:us-east:a/8fd6ad12bccb4470bdbdbf3df0f65389:3a1a1f3e-2262-4790-867a-fe146c2f7f2d::,us-east,job,2026-04-22T11:05:00.513Z,2026-04-22T11:06:45.226Z,ibm_fez,6,Javier Romero Álvarez,,8fd6ad12bccb4470bdbdbf3df0f65389
d7kaiai4lglc73fv7bl0,completed,crn:v1:bluemix:public:quantum-computing:us-east:a/8fd6ad12bccb4470bdbdbf3df0f65389:3a1a1f3e-2262-4790-867a-fe146c2f7f2d::,us-east,job,2026-04-22T10:55:39.122Z,2026-04-22T10:58:01.237Z,ibm_fez,4,Javier Romero Álvarez,,8fd6ad12bccb4470bdbdbf3df0f65389
d7kaamokj84c73cdlasg,completed,crn:v1:bluemix:public:quantum-computing:us-east:a/8fd6ad12bccb4470bdbdbf3df0f65389:3a1a1f3e-2262-4790-867a-fe146c2f7f2d::,us-east,job,2026-04-22T10:39:23.784Z,2026-04-22T10:52:12.736Z,ibm_fez,6,Javier Romero Álvarez,,8fd6ad12bccb4470bdbdbf3df0f65389
d7k9vmge7usc73f4hj4g,completed,crn:v1:bluemix:public:quantum-computing:us-east:a/8fd6ad12bccb4470bdbdbf3df0f65389:3a1a1f3e-2262-4790-867a-fe146c2f7f2d::,us-east,job,2026-04-22T10:15:54.230Z,2026-04-22T10:32:13.440Z,ibm_fez,4,Javier Romero Álvarez,,8fd6ad12bccb4470bdbdbf3df0f65389
d7k9pa0e7usc73f4hc60,completed,crn:v1:bluemix:public:quantum-computing:us-east:a/8fd6ad12bccb4470bdbdbf3df0f65389:3a1a1f3e-2262-4790-867a-fe146c2f7f2d::,us-east,job,2026-04-22T10:02:16.980Z,2026-04-22T10:12:25.392Z,ibm_fez,6,Javier Romero Álvarez,,8fd6ad12bccb4470bdbdbf3df0f65389
d7k9kda8ui0s73b4vkl0,completed,crn:v1:bluemix:public:quantum-computing:us-east:a/8fd6ad12bccb4470bdbdbf3df0f65389:3a1a1f3e-2262-4790-867a-fe146c2f7f2d::,us-east,job,2026-04-22T09:51:49.496Z,2026-04-22T09:55:16.364Z,ibm_fez,4,Javier Romero Álvarez,,8fd6ad12bccb4470bdbdbf3df0f65389
d7k9if24lglc73fv66e0,completed,crn:v1:bluemix:public:quantum-computing:us-east:a/8fd6ad12bccb4470bdbdbf3df0f65389:3a1a1f3e-2262-4790-867a-fe146c2f7f2d::,us-east,job,2026-04-22T09:47:41.023Z,2026-04-22T09:48:21.000Z,ibm_fez,6,Javier Romero Álvarez,,8fd6ad12bccb4470bdbdbf3df0f65389
d7k9aa8kj84c73cdk5f0,completed,crn:v1:bluemix:public:quantum-computing:us-east:a/8fd6ad12bccb4470bdbdbf3df0f65389:3a1a1f3e-2262-4790-867a-fe146c2f7f2d::,us-east,job,2026-04-22T09:30:17.679Z,2026-04-22T09:40:24.364Z,ibm_fez,4,Javier Romero Álvarez,,8fd6ad12bccb4470bdbdbf3df0f65389
d7k9360kj84c73cdju4g,completed,crn:v1:bluemix:public:quantum-computing:us-east:a/8fd6ad12bccb4470bdbdbf3df0f65389:3a1a1f3e-2262-4790-867a-fe146c2f7f2d::,us-east,job,2026-04-22T09:15:05.068Z,2026-04-22T09:26:45.254Z,ibm_fez,6,Javier Romero Álvarez,,8fd6ad12bccb4470bdbdbf3df0f65389
d7k8vtoe7usc73f4gfi0,completed,crn:v1:bluemix:public:quantum-computing:us-east:a/8fd6ad12bccb4470bdbdbf3df0f65389:3a1a1f3e-2262-4790-867a-fe146c2f7f2d::,us-east,job,2026-04-22T09:08:07.863Z,2026-04-22T09:08:17.135Z,ibm_fez,4,Javier Romero Álvarez,,8fd6ad12bccb4470bdbdbf3df0f65389
d7k8tt24lglc73fv5ejg,completed,crn:v1:bluemix:public:quantum-computing:us-east:a/8fd6ad12bccb4470bdbdbf3df0f65389:3a1a1f3e-2262-4790-867a-fe146c2f7f2d::,us-east,job,2026-04-22T09:03:48.731Z,2026-04-22T09:04:35.382Z,ibm_fez,9,Javier Romero Álvarez,,8fd6ad12bccb4470bdbdbf3df0f65389
d7k8qfi4lglc73fv59h0,completed,crn:v1:bluemix:public:quantum-computing:us-east:a/8fd6ad12bccb4470bdbdbf3df0f65389:3a1a1f3e-2262-4790-867a-fe146c2f7f2d::,us-east,job,2026-04-22T08:56:30.101Z,2026-04-22T08:56:39.501Z,ibm_fez,4,Javier Romero Álvarez,,8fd6ad12bccb4470bdbdbf3df0f65389
d7k8ogq8ui0s73b4ujgg,completed,crn:v1:bluemix:public:quantum-computing:us-east:a/8fd6ad12bccb4470bdbdbf3df0f65389:3a1a1f3e-2262-4790-867a-fe146c2f7f2d::,us-east,job,2026-04-22T08:52:19.574Z,2026-04-22T08:52:58.851Z,ibm_fez,5,Javier Romero Álvarez,,8fd6ad12bccb4470bdbdbf3df0f65389
d7k8l4okj84c73cdjb9g,completed,crn:v1:bluemix:public:quantum-computing:us-east:a/8fd6ad12bccb4470bdbdbf3df0f65389:3a1a1f3e-2262-4790-867a-fe146c2f7f2d::,us-east,job,2026-04-22T08:45:07.573Z,2026-04-22T08:45:16.622Z,ibm_fez,4,Javier Romero Álvarez,,8fd6ad12bccb4470bdbdbf3df0f65389
d7k8j5ge7usc73f4fsug,completed,crn:v1:bluemix:public:quantum-computing:us-east:a/8fd6ad12bccb4470bdbdbf3df0f65389:3a1a1f3e-2262-4790-867a-fe146c2f7f2d::,us-east,job,2026-04-22T08:40:54.824Z,2026-04-22T08:41:34.116Z,ibm_fez,6,Javier Romero Álvarez,,8fd6ad12bccb4470bdbdbf3df0f65389
d7k8fo8kj84c73cdj4q0,completed,crn:v1:bluemix:public:quantum-computing:us-east:a/8fd6ad12bccb4470bdbdbf3df0f65389:3a1a1f3e-2262-4790-867a-fe146c2f7f2d::,us-east,job,2026-04-22T08:33:37.749Z,2026-04-22T08:33:47.689Z,ibm_fez,4,Javier Romero Álvarez,,8fd6ad12bccb4470bdbdbf3df0f65389
d7k8dqi8ui0s73b4u5eg,completed,crn:v1:bluemix:public:quantum-computing:us-east:a/8fd6ad12bccb4470bdbdbf3df0f65389:3a1a1f3e-2262-4790-867a-fe146c2f7f2d::,us-east,job,2026-04-22T08:29:31.085Z,2026-04-22T08:30:10.072Z,ibm_fez,6,Javier Romero Álvarez,,8fd6ad12bccb4470bdbdbf3df0f65389
d7k8ae0e7usc73f4fimg,completed,crn:v1:bluemix:public:quantum-computing:us-east:a/8fd6ad12bccb4470bdbdbf3df0f65389:3a1a1f3e-2262-4790-867a-fe146c2f7f2d::,us-east,job,2026-04-22T08:22:17.005Z,2026-04-22T08:22:27.014Z,ibm_fez,4,Javier Romero Álvarez,,8fd6ad12bccb4470bdbdbf3df0f65389
d7k88fq8ui0s73b4tveg,completed,crn:v1:bluemix:public:quantum-computing:us-east:a/8fd6ad12bccb4470bdbdbf3df0f65389:3a1a1f3e-2262-4790-867a-fe146c2f7f2d::,us-east,job,2026-04-22T08:18:08.026Z,2026-04-22T08:18:45.284Z,ibm_fez,5,Javier Romero Álvarez,,8fd6ad12bccb4470bdbdbf3df0f65389
d7k7o60kj84c73cdibt0,completed,crn:v1:bluemix:public:quantum-computing:us-east:a/8fd6ad12bccb4470bdbdbf3df0f65389:3a1a1f3e-2262-4790-867a-fe146c2f7f2d::,us-east,job,2026-04-22T07:43:20.537Z,2026-04-22T08:10:54.441Z,ibm_fez,4,Javier Romero Álvarez,,8fd6ad12bccb4470bdbdbf3df0f65389
d7k7m08kj84c73cdi9h0,completed,crn:v1:bluemix:public:quantum-computing:us-east:a/8fd6ad12bccb4470bdbdbf3df0f65389:3a1a1f3e-2262-4790-867a-fe146c2f7f2d::,us-east,job,2026-04-22T07:38:42.014Z,2026-04-22T07:39:14.922Z,ibm_fez,5,Javier Romero Álvarez,,8fd6ad12bccb4470bdbdbf3df0f65389
d7k7ioi8ui0s73b4t980,completed,crn:v1:bluemix:public:quantum-computing:us-east:a/8fd6ad12bccb4470bdbdbf3df0f65389:3a1a1f3e-2262-4790-867a-fe146c2f7f2d::,us-east,job,2026-04-22T07:31:46.262Z,2026-04-22T07:32:03.526Z,ibm_fez,4,Javier Romero Álvarez,,8fd6ad12bccb4470bdbdbf3df0f65389
d7k7gkq8ui0s73b4t71g,completed,crn:v1:bluemix:public:quantum-computing:us-east:a/8fd6ad12bccb4470bdbdbf3df0f65389:3a1a1f3e-2262-4790-867a-fe146c2f7f2d::,us-east,job,2026-04-22T07:27:15.814Z,2026-04-22T07:27:49.015Z,ibm_fez,5,Javier Romero Álvarez,,8fd6ad12bccb4470bdbdbf3df0f65389
d7k7cpokj84c73cdhvv0,completed,crn:v1:bluemix:public:quantum-computing:us-east:a/8fd6ad12bccb4470bdbdbf3df0f65389:3a1a1f3e-2262-4790-867a-fe146c2f7f2d::,us-east,job,2026-04-22T07:19:03.401Z,2026-04-22T07:19:52.437Z,ibm_fez,6,Javier Romero Álvarez,,8fd6ad12bccb4470bdbdbf3df0f65389
d7jjtfa3fd4c73de580g,completed,crn:v1:bluemix:public:quantum-computing:us-east:a/8fd6ad12bccb4470bdbdbf3df0f65389:3a1a1f3e-2262-4790-867a-fe146c2f7f2d::,us-east,job,2026-04-21T09:09:17.345Z,2026-04-21T09:09:47.936Z,ibm_fez,5,Javier Romero Álvarez,,8fd6ad12bccb4470bdbdbf3df0f65389
d7jj4k1s7cos73ejvk50,completed,crn:v1:bluemix:public:quantum-computing:us-east:a/8fd6ad12bccb4470bdbdbf3df0f65389:3a1a1f3e-2262-4790-867a-fe146c2f7f2d::,us-east,job,2026-04-21T08:16:16.779Z,2026-04-21T08:16:34.848Z,ibm_fez,4,Javier Romero Álvarez,,8fd6ad12bccb4470bdbdbf3df0f65389
d7jiven16ugs73eutdog,completed,crn:v1:bluemix:public:quantum-computing:us-east:a/8fd6ad12bccb4470bdbdbf3df0f65389:3a1a1f3e-2262-4790-867a-fe146c2f7f2d::,us-east,job,2026-04-21T08:05:14.652Z,2026-04-21T08:10:01.658Z,ibm_fez,5,Javier Romero Álvarez,,8fd6ad12bccb4470bdbdbf3df0f65389
d7jisev16ugs73eutamg,completed,crn:v1:bluemix:public:quantum-computing:us-east:a/8fd6ad12bccb4470bdbdbf3df0f65389:3a1a1f3e-2262-4790-867a-fe146c2f7f2d::,us-east,job,2026-04-21T07:58:51.980Z,2026-04-21T07:59:16.770Z,ibm_fez,5,Javier Romero Álvarez,,8fd6ad12bccb4470bdbdbf3df0f65389
d7jioma3fd4c73de3v90,completed,crn:v1:bluemix:public:quantum-computing:us-east:a/8fd6ad12bccb4470bdbdbf3df0f65389:3a1a1f3e-2262-4790-867a-fe146c2f7f2d::,us-east,job,2026-04-21T07:50:49.387Z,2026-04-21T07:51:30.801Z,ibm_fez,6,Javier Romero Álvarez,,8fd6ad12bccb4470bdbdbf3df0f65389
d7jignhs7cos73ejuti0,completed,crn:v1:bluemix:public:quantum-computing:us-east:a/8fd6ad12bccb4470bdbdbf3df0f65389:3a1a1f3e-2262-4790-867a-fe146c2f7f2d::,us-east,job,2026-04-21T07:33:50.570Z,2026-04-21T07:34:25.427Z,ibm_fez,4,Javier Romero Álvarez,,8fd6ad12bccb4470bdbdbf3df0f65389
d7jie5n16ugs73eusqi0,completed,crn:v1:bluemix:public:quantum-computing:us-east:a/8fd6ad12bccb4470bdbdbf3df0f65389:3a1a1f3e-2262-4790-867a-fe146c2f7f2d::,us-east,job,2026-04-21T07:28:22.694Z,2026-04-21T07:28:49.741Z,ibm_fez,5,Javier Romero Álvarez,,8fd6ad12bccb4470bdbdbf3df0f65389
d7ji9q23fd4c73de3f3g,completed,crn:v1:bluemix:public:quantum-computing:us-east:a/8fd6ad12bccb4470bdbdbf3df0f65389:3a1a1f3e-2262-4790-867a-fe146c2f7f2d::,us-east,job,2026-04-21T07:19:05.077Z,2026-04-21T07:19:49.769Z,ibm_fez,6,Javier Romero Álvarez,,8fd6ad12bccb4470bdbdbf3df0f65389
d7j0sf4olufs73et1ctg,completed,crn:v1:bluemix:public:quantum-computing:us-east:a/8fd6ad12bccb4470bdbdbf3df0f65389:3a1a1f3e-2262-4790-867a-fe146c2f7f2d::,us-east,job,2026-04-20T11:30:04.753Z,2026-04-20T11:30:42.417Z,ibm_fez,4,Javier Romero Álvarez,,8fd6ad12bccb4470bdbdbf3df0f65389
d7j0ojkolufs73et1990,completed,crn:v1:bluemix:public:quantum-computing:us-east:a/8fd6ad12bccb4470bdbdbf3df0f65389:3a1a1f3e-2262-4790-867a-fe146c2f7f2d::,us-east,job,2026-04-20T11:21:50.440Z,2026-04-20T11:25:15.992Z,ibm_fez,6,Javier Romero Álvarez,,8fd6ad12bccb4470bdbdbf3df0f65389
d7j0j5f16ugs73eu8ifg,completed,crn:v1:bluemix:public:quantum-computing:us-east:a/8fd6ad12bccb4470bdbdbf3df0f65389:3a1a1f3e-2262-4790-867a-fe146c2f7f2d::,us-east,job,2026-04-20T11:10:13.647Z,2026-04-20T11:10:28.362Z,ibm_fez,4,Javier Romero Álvarez,,8fd6ad12bccb4470bdbdbf3df0f65389
d7j0h2v16ugs73eu8gcg,completed,crn:v1:bluemix:public:quantum-computing:us-east:a/8fd6ad12bccb4470bdbdbf3df0f65389:3a1a1f3e-2262-4790-867a-fe146c2f7f2d::,us-east,job,2026-04-20T11:05:47.688Z,2026-04-20T11:05:56.568Z,ibm_fez,4,Javier Romero Álvarez,,8fd6ad12bccb4470bdbdbf3df0f65389
d7j0f6n16ugs73eu8ehg,completed,crn:v1:bluemix:public:quantum-computing:us-east:a/8fd6ad12bccb4470bdbdbf3df0f65389:3a1a1f3e-2262-4790-867a-fe146c2f7f2d::,us-east,job,2026-04-20T11:01:46.864Z,2026-04-20T11:02:23.780Z,ibm_fez,5,Javier Romero Álvarez,,8fd6ad12bccb4470bdbdbf3df0f65389
d7j096f16ugs73eu88fg,completed,crn:v1:bluemix:public:quantum-computing:us-east:a/8fd6ad12bccb4470bdbdbf3df0f65389:3a1a1f3e-2262-4790-867a-fe146c2f7f2d::,us-east,job,2026-04-20T10:48:57.697Z,2026-04-20T10:49:08.244Z,ibm_fez,4,Javier Romero Álvarez,,8fd6ad12bccb4470bdbdbf3df0f65389
d7j05rf16ugs73eu8500,completed,crn:v1:bluemix:public:quantum-computing:us-east:a/8fd6ad12bccb4470bdbdbf3df0f65389:3a1a1f3e-2262-4790-867a-fe146c2f7f2d::,us-east,job,2026-04-20T10:41:49.485Z,2026-04-20T10:44:53.591Z,ibm_fez,6,Javier Romero Álvarez,,8fd6ad12bccb4470bdbdbf3df0f65389
d7ivvehs7cos73ej9sd0,completed,crn:v1:bluemix:public:quantum-computing:us-east:a/8fd6ad12bccb4470bdbdbf3df0f65389:3a1a1f3e-2262-4790-867a-fe146c2f7f2d::,us-east,job,2026-04-20T10:28:10.947Z,2026-04-20T10:28:23.644Z,ibm_fez,4,Javier Romero Álvarez,,8fd6ad12bccb4470bdbdbf3df0f65389
d7ivtdn16ugs73eu7rg0,completed,crn:v1:bluemix:public:quantum-computing:us-east:a/8fd6ad12bccb4470bdbdbf3df0f65389:3a1a1f3e-2262-4790-867a-fe146c2f7f2d::,us-east,job,2026-04-20T10:23:50.836Z,2026-04-20T10:24:20.854Z,ibm_fez,5,Javier Romero Álvarez,,8fd6ad12bccb4470bdbdbf3df0f65389
d7ivq8kolufs73et08ng,completed,crn:v1:bluemix:public:quantum-computing:us-east:a/8fd6ad12bccb4470bdbdbf3df0f65389:3a1a1f3e-2262-4790-867a-fe146c2f7f2d::,us-east,job,2026-04-20T10:17:06.714Z,2026-04-20T10:17:26.666Z,ibm_fez,5,Javier Romero Álvarez,,8fd6ad12bccb4470bdbdbf3df0f65389
d7ivn3f16ugs73eu7k6g,completed,crn:v1:bluemix:public:quantum-computing:us-east:a/8fd6ad12bccb4470bdbdbf3df0f65389:3a1a1f3e-2262-4790-867a-fe146c2f7f2d::,us-east,job,2026-04-20T10:10:21.905Z,2026-04-20T10:10:50.005Z,ibm_fez,5,Javier Romero Álvarez,,8fd6ad12bccb4470bdbdbf3df0f65389
d7ivk3a3fd4c73ddeb9g,completed,crn:v1:bluemix:public:quantum-computing:us-east:a/8fd6ad12bccb4470bdbdbf3df0f65389:3a1a1f3e-2262-4790-867a-fe146c2f7f2d::,us-east,job,2026-04-20T10:03:57.641Z,2026-04-20T10:04:20.503Z,ibm_fez,5,Javier Romero Álvarez,,8fd6ad12bccb4470bdbdbf3df0f65389
d7ivgdf16ugs73eu7d00,completed,crn:v1:bluemix:public:quantum-computing:us-east:a/8fd6ad12bccb4470bdbdbf3df0f65389:3a1a1f3e-2262-4790-867a-fe146c2f7f2d::,us-east,job,2026-04-20T09:56:06.094Z,2026-04-20T09:57:07.534Z,ibm_fez,10,Javier Romero Álvarez,,8fd6ad12bccb4470bdbdbf3df0f65389
d7iva94olufs73esvnm0,completed,crn:v1:bluemix:public:quantum-computing:us-east:a/8fd6ad12bccb4470bdbdbf3df0f65389:3a1a1f3e-2262-4790-867a-fe146c2f7f2d::,us-east,job,2026-04-20T09:43:00.315Z,2026-04-20T09:43:37.745Z,ibm_fez,7,Javier Romero Álvarez,,8fd6ad12bccb4470bdbdbf3df0f65389
d7iv831s7cos73ej92og,completed,crn:v1:bluemix:public:quantum-computing:us-east:a/8fd6ad12bccb4470bdbdbf3df0f65389:3a1a1f3e-2262-4790-867a-fe146c2f7f2d::,us-east,job,2026-04-20T09:38:20.621Z,2026-04-20T09:39:01.656Z,ibm_fez,9,Javier Romero Álvarez,,8fd6ad12bccb4470bdbdbf3df0f65389
d7iv42f16ugs73eu6vr0,completed,crn:v1:bluemix:public:quantum-computing:us-east:a/8fd6ad12bccb4470bdbdbf3df0f65389:3a1a1f3e-2262-4790-867a-fe146c2f7f2d::,us-east,job,2026-04-20T09:29:45.594Z,2026-04-20T09:29:59.784Z,ibm_fez,4,Javier Romero Álvarez,,8fd6ad12bccb4470bdbdbf3df0f65389
d7iv1hps7cos73ej8rqg,completed,crn:v1:bluemix:public:quantum-computing:us-east:a/8fd6ad12bccb4470bdbdbf3df0f65389:3a1a1f3e-2262-4790-867a-fe146c2f7f2d::,us-east,job,2026-04-20T09:24:23.231Z,2026-04-20T09:25:06.082Z,ibm_fez,6,Javier Romero Álvarez,,8fd6ad12bccb4470bdbdbf3df0f65389
d71rig6qdfbc73d1b730,completed,crn:v1:bluemix:public:quantum-computing:us-east:a/8fd6ad12bccb4470bdbdbf3df0f65389:3a1a1f3e-2262-4790-867a-fe146c2f7f2d::,us-east,job,2026-03-25T10:30:24.882Z,2026-03-25T10:54:27.193Z,ibm_fez,4,Javier Romero Álvarez,,8fd6ad12bccb4470bdbdbf3df0f65389
d71riduv3u3c73ehpqlg,completed,crn:v1:bluemix:public:quantum-computing:us-east:a/8fd6ad12bccb4470bdbdbf3df0f65389:3a1a1f3e-2262-4790-867a-fe146c2f7f2d::,us-east,job,2026-03-25T10:30:15.712Z,2026-03-25T10:54:23.207Z,ibm_fez,4,Javier Romero Álvarez,,8fd6ad12bccb4470bdbdbf3df0f65389
d71rib1amkec73a0daf0,completed,crn:v1:bluemix:public:quantum-computing:us-east:a/8fd6ad12bccb4470bdbdbf3df0f65389:3a1a1f3e-2262-4790-867a-fe146c2f7f2d::,us-east,job,2026-03-25T10:30:04.524Z,2026-03-25T10:54:19.289Z,ibm_fez,5,Javier Romero Álvarez,,8fd6ad12bccb4470bdbdbf3df0f65389
d71ra29amkec73a0d0kg,completed,crn:v1:bluemix:public:quantum-computing:us-east:a/8fd6ad12bccb4470bdbdbf3df0f65389:3a1a1f3e-2262-4790-867a-fe146c2f7f2d::,us-east,job,2026-03-25T10:12:25.384Z,2026-03-25T10:18:13.760Z,ibm_fez,4,Javier Romero Álvarez,,8fd6ad12bccb4470bdbdbf3df0f65389
d71r6qcscmvs73ab3n00,completed,crn:v1:bluemix:public:quantum-computing:us-east:a/8fd6ad12bccb4470bdbdbf3df0f65389:3a1a1f3e-2262-4790-867a-fe146c2f7f2d::,us-east,job,2026-03-25T10:05:29.641Z,2026-03-25T10:12:07.109Z,ibm_fez,6,Javier Romero Álvarez,,8fd6ad12bccb4470bdbdbf3df0f65389
d71q006qdfbc73d19gqg,completed,crn:v1:bluemix:public:quantum-computing:us-east:a/8fd6ad12bccb4470bdbdbf3df0f65389:3a1a1f3e-2262-4790-867a-fe146c2f7f2d::,us-east,job,2026-03-25T08:42:40.049Z,2026-03-25T10:05:11.926Z,ibm_fez,4,Javier Romero Álvarez,,8fd6ad12bccb4470bdbdbf3df0f65389
d71dre2tnsts73ev8uv0,completed,crn:v1:bluemix:public:quantum-computing:us-east:a/8fd6ad12bccb4470bdbdbf3df0f65389:3a1a1f3e-2262-4790-867a-fe146c2f7f2d::,us-east,job,2026-03-24T18:53:44.359Z,2026-03-24T18:56:25.287Z,ibm_torino,52,Javier Romero Álvarez,,8fd6ad12bccb4470bdbdbf3df0f65389
d7188taf84ks73dh5rqg,canceled,crn:v1:bluemix:public:quantum-computing:us-east:a/8fd6ad12bccb4470bdbdbf3df0f65389:3a1a1f3e-2262-4790-867a-fe146c2f7f2d::,us-east,job,2026-03-24T12:32:53.875Z,2026-03-24T12:37:49.737Z,ibm_fez,0,Javier Romero Álvarez,,8fd6ad12bccb4470bdbdbf3df0f65389
d7186aov5rlc73f6rqeg,canceled,crn:v1:bluemix:public:quantum-computing:us-east:a/8fd6ad12bccb4470bdbdbf3df0f65389:3a1a1f3e-2262-4790-867a-fe146c2f7f2d::,us-east,job,2026-03-24T12:27:23.452Z,2026-03-24T12:28:23.863Z,ibm_fez,0,Javier Romero Álvarez,,8fd6ad12bccb4470bdbdbf3df0f65389
d7185ratnsts73ev2k30,completed,crn:v1:bluemix:public:quantum-computing:us-east:a/8fd6ad12bccb4470bdbdbf3df0f65389:3a1a1f3e-2262-4790-867a-fe146c2f7f2d::,us-east,job,2026-03-24T12:26:21.991Z,2026-03-24T12:27:06.529Z,ibm_fez,6,Javier Romero Álvarez,,8fd6ad12bccb4470bdbdbf3df0f65389
d71834469uic73cl541g,completed,crn:v1:bluemix:public:quantum-computing:us-east:a/8fd6ad12bccb4470bdbdbf3df0f65389:3a1a1f3e-2262-4790-867a-fe146c2f7f2d::,us-east,job,2026-03-24T12:20:32.480Z,2026-03-24T12:22:43.530Z,ibm_fez,4,Javier Romero Álvarez,,8fd6ad12bccb4470bdbdbf3df0f65389
d7182latnsts73ev2gb0,completed,crn:v1:bluemix:public:quantum-computing:us-east:a/8fd6ad12bccb4470bdbdbf3df0f65389:3a1a1f3e-2262-4790-867a-fe146c2f7f2d::,us-east,job,2026-03-24T12:19:33.661Z,2026-03-24T12:22:27.707Z,ibm_fez,4,Javier Romero Álvarez,,8fd6ad12bccb4470bdbdbf3df0f65389
d7182l0v5rlc73f6rm30,completed,crn:v1:bluemix:public:quantum-computing:us-east:a/8fd6ad12bccb4470bdbdbf3df0f65389:3a1a1f3e-2262-4790-867a-fe146c2f7f2d::,us-east,job,2026-03-24T12:19:32.635Z,2026-03-24T12:20:34.571Z,ibm_fez,4,Javier Romero Álvarez,,8fd6ad12bccb4470bdbdbf3df0f65389
d7182kov5rlc73f6rm20,completed,crn:v1:bluemix:public:quantum-computing:us-east:a/8fd6ad12bccb4470bdbdbf3df0f65389:3a1a1f3e-2262-4790-867a-fe146c2f7f2d::,us-east,job,2026-03-24T12:19:31.378Z,2026-03-24T12:20:30.648Z,ibm_fez,4,Javier Romero Álvarez,,8fd6ad12bccb4470bdbdbf3df0f65389
d717uv2f84ks73dh5g9g,completed,crn:v1:bluemix:public:quantum-computing:us-east:a/8fd6ad12bccb4470bdbdbf3df0f65389:3a1a1f3e-2262-4790-867a-fe146c2f7f2d::,us-east,job,2026-03-24T12:11:40.375Z,2026-03-24T12:17:45.135Z,ibm_fez,4,Javier Romero Álvarez,,8fd6ad12bccb4470bdbdbf3df0f65389
d717h3qtnsts73ev1t9g,completed,crn:v1:bluemix:public:quantum-computing:us-east:a/8fd6ad12bccb4470bdbdbf3df0f65389:3a1a1f3e-2262-4790-867a-fe146c2f7f2d::,us-east,job,2026-03-24T11:42:07.901Z,2026-03-24T12:10:38.024Z,ibm_fez,4,Javier Romero Álvarez,,8fd6ad12bccb4470bdbdbf3df0f65389
d717gaov5rlc73f6r1hg,completed,crn:v1:bluemix:public:quantum-computing:us-east:a/8fd6ad12bccb4470bdbdbf3df0f65389:3a1a1f3e-2262-4790-867a-fe146c2f7f2d::,us-east,job,2026-03-24T11:40:27.759Z,2026-03-24T11:41:41.357Z,ibm_fez,4,Javier Romero Álvarez,,8fd6ad12bccb4470bdbdbf3df0f65389
d717ffgv5rlc73f6r0l0,completed,crn:v1:bluemix:public:quantum-computing:us-east:a/8fd6ad12bccb4470bdbdbf3df0f65389:3a1a1f3e-2262-4790-867a-fe146c2f7f2d::,us-east,job,2026-03-24T11:38:38.577Z,2026-03-24T11:39:48.505Z,ibm_fez,4,Javier Romero Álvarez,,8fd6ad12bccb4470bdbdbf3df0f65389
d717ecif84ks73dh4ub0,completed,crn:v1:bluemix:public:quantum-computing:us-east:a/8fd6ad12bccb4470bdbdbf3df0f65389:3a1a1f3e-2262-4790-867a-fe146c2f7f2d::,us-east,job,2026-03-24T11:36:18.346Z,2026-03-24T11:37:27.430Z,ibm_fez,4,Javier Romero Álvarez,,8fd6ad12bccb4470bdbdbf3df0f65389
d717dbs69uic73cl4ceg,completed,crn:v1:bluemix:public:quantum-computing:us-east:a/8fd6ad12bccb4470bdbdbf3df0f65389:3a1a1f3e-2262-4790-867a-fe146c2f7f2d::,us-east,job,2026-03-24T11:34:07.975Z,2026-03-24T11:34:55.261Z,ibm_fez,4,Javier Romero Álvarez,,8fd6ad12bccb4470bdbdbf3df0f65389
d717apk69uic73cl49dg,completed,crn:v1:bluemix:public:quantum-computing:us-east:a/8fd6ad12bccb4470bdbdbf3df0f65389:3a1a1f3e-2262-4790-867a-fe146c2f7f2d::,us-east,job,2026-03-24T11:28:38.145Z,2026-03-24T11:30:46.527Z,ibm_fez,4,Javier Romero Álvarez,,8fd6ad12bccb4470bdbdbf3df0f65389
d7178jaf84ks73dh4nfg,completed,crn:v1:bluemix:public:quantum-computing:us-east:a/8fd6ad12bccb4470bdbdbf3df0f65389:3a1a1f3e-2262-4790-867a-fe146c2f7f2d::,us-east,job,2026-03-24T11:23:57.288Z,2026-03-24T11:25:32.292Z,ibm_fez,4,Javier Romero Álvarez,,8fd6ad12bccb4470bdbdbf3df0f65389
d7177g8v5rlc73f6qn90,completed,crn:v1:bluemix:public:quantum-computing:us-east:a/8fd6ad12bccb4470bdbdbf3df0f65389:3a1a1f3e-2262-4790-867a-fe146c2f7f2d::,us-east,job,2026-03-24T11:21:37.572Z,2026-03-24T11:23:16.710Z,ibm_fez,4,Javier Romero Álvarez,,8fd6ad12bccb4470bdbdbf3df0f65389
d7176sk69uic73cl4450,completed,crn:v1:bluemix:public:quantum-computing:us-east:a/8fd6ad12bccb4470bdbdbf3df0f65389:3a1a1f3e-2262-4790-867a-fe146c2f7f2d::,us-east,job,2026-03-24T11:20:18.194Z,2026-03-24T11:20:55.025Z,ibm_fez,4,Javier Romero Álvarez,,8fd6ad12bccb4470bdbdbf3df0f65389
d716qcatnsts73ev14i0,completed,crn:v1:bluemix:public:quantum-computing:us-east:a/8fd6ad12bccb4470bdbdbf3df0f65389:3a1a1f3e-2262-4790-867a-fe146c2f7f2d::,us-east,job,2026-03-24T10:53:37.238Z,2026-03-24T11:11:43.138Z,ibm_fez,4,Javier Romero Álvarez,,8fd6ad12bccb4470bdbdbf3df0f65389
d71682itnsts73ev0e30,completed,crn:v1:bluemix:public:quantum-computing:us-east:a/8fd6ad12bccb4470bdbdbf3df0f65389:3a1a1f3e-2262-4790-867a-fe146c2f7f2d::,us-east,job,2026-03-24T10:14:34.110Z,2026-03-24T10:19:05.712Z,ibm_fez,8,Javier Romero Álvarez,,8fd6ad12bccb4470bdbdbf3df0f65389
d715u4itnsts73ev02ig,completed,crn:v1:bluemix:public:quantum-computing:us-east:a/8fd6ad12bccb4470bdbdbf3df0f65389:3a1a1f3e-2262-4790-867a-fe146c2f7f2d::,us-east,job,2026-03-24T09:53:22.804Z,2026-03-24T10:13:18.337Z,ibm_fez,4,Javier Romero Álvarez,,8fd6ad12bccb4470bdbdbf3df0f65389
d715sdk69uic73cl2j3g,completed,crn:v1:bluemix:public:quantum-computing:us-east:a/8fd6ad12bccb4470bdbdbf3df0f65389:3a1a1f3e-2262-4790-867a-fe146c2f7f2d::,us-east,job,2026-03-24T09:49:42.216Z,2026-03-24T11:26:16.228Z,ibm_torino,4,Javier Romero Álvarez,,8fd6ad12bccb4470bdbdbf3df0f65389
d715rpgv5rlc73f6p4n0,completed,crn:v1:bluemix:public:quantum-computing:us-east:a/8fd6ad12bccb4470bdbdbf3df0f65389:3a1a1f3e-2262-4790-867a-fe146c2f7f2d::,us-east,job,2026-03-24T09:48:22.314Z,2026-03-24T09:51:59.772Z,ibm_fez,4,Javier Romero Álvarez,,8fd6ad12bccb4470bdbdbf3df0f65389
d70jbas69uic73ckdq80,completed,crn:v1:bluemix:public:quantum-computing:us-east:a/8fd6ad12bccb4470bdbdbf3df0f65389:3a1a1f3e-2262-4790-867a-fe146c2f7f2d::,us-east,job,2026-03-23T12:44:27.543Z,2026-03-23T12:44:35.085Z,ibm_torino,2,Javier Romero Álvarez,,8fd6ad12bccb4470bdbdbf3df0f65389
d70iph469uic73ckd8g0,completed,crn:v1:bluemix:public:quantum-computing:us-east:a/8fd6ad12bccb4470bdbdbf3df0f65389:3a1a1f3e-2262-4790-867a-fe146c2f7f2d::,us-east,job,2026-03-23T12:06:28.198Z,2026-03-23T12:06:37.080Z,ibm_torino,2,Javier Romero Álvarez,,8fd6ad12bccb4470bdbdbf3df0f65389
d70icn0v5rlc73f63800,completed,crn:v1:bluemix:public:quantum-computing:us-east:a/8fd6ad12bccb4470bdbdbf3df0f65389:3a1a1f3e-2262-4790-867a-fe146c2f7f2d::,us-east,job,2026-03-23T11:39:08.597Z,2026-03-23T11:39:37.554Z,ibm_torino,25,Javier Romero Álvarez,,8fd6ad12bccb4470bdbdbf3df0f65389
d70hpe0v5rlc73f62hjg,completed,crn:v1:bluemix:public:quantum-computing:us-east:a/8fd6ad12bccb4470bdbdbf3df0f65389:3a1a1f3e-2262-4790-867a-fe146c2f7f2d::,us-east,job,2026-03-23T10:58:00.601Z,2026-03-23T10:58:31.114Z,ibm_torino,24,Javier Romero Álvarez,,8fd6ad12bccb4470bdbdbf3df0f65389
d70hn3s69uic73ckc3fg,canceled,crn:v1:bluemix:public:quantum-computing:us-east:a/8fd6ad12bccb4470bdbdbf3df0f65389:3a1a1f3e-2262-4790-867a-fe146c2f7f2d::,us-east,job,2026-03-23T10:53:03.717Z,2026-03-23T10:53:11.039Z,ibm_torino,0,Javier Romero Álvarez,,8fd6ad12bccb4470bdbdbf3df0f65389
d70hi7c69uic73ckbu8g,canceled,crn:v1:bluemix:public:quantum-computing:us-east:a/8fd6ad12bccb4470bdbdbf3df0f65389:3a1a1f3e-2262-4790-867a-fe146c2f7f2d::,us-east,job,2026-03-23T10:42:37.826Z,2026-03-23T10:42:44.036Z,ibm_torino,0,Javier Romero Álvarez,,8fd6ad12bccb4470bdbdbf3df0f65389
d70hfugv5rlc73f627fg,completed,crn:v1:bluemix:public:quantum-computing:us-east:a/8fd6ad12bccb4470bdbdbf3df0f65389:3a1a1f3e-2262-4790-867a-fe146c2f7f2d::,us-east,job,2026-03-23T10:37:46.810Z,2026-03-23T10:38:13.660Z,ibm_torino,23,Javier Romero Álvarez,,8fd6ad12bccb4470bdbdbf3df0f65389
d70hcrqtnsts73eu99jg,canceled,crn:v1:bluemix:public:quantum-computing:us-east:a/8fd6ad12bccb4470bdbdbf3df0f65389:3a1a1f3e-2262-4790-867a-fe146c2f7f2d::,us-east,job,2026-03-23T10:31:11.898Z,2026-03-23T10:31:30.475Z,ibm_torino,0,Javier Romero Álvarez,,8fd6ad12bccb4470bdbdbf3df0f65389
d70gstk69uic73ckb5g0,canceled,crn:v1:bluemix:public:quantum-computing:us-east:a/8fd6ad12bccb4470bdbdbf3df0f65389:3a1a1f3e-2262-4790-867a-fe146c2f7f2d::,us-east,job,2026-03-23T09:57:10.072Z,2026-03-23T09:57:15.992Z,ibm_torino,0,Javier Romero Álvarez,,8fd6ad12bccb4470bdbdbf3df0f65389
d70gnd469uic73ckav0g,completed,crn:v1:bluemix:public:quantum-computing:us-east:a/8fd6ad12bccb4470bdbdbf3df0f65389:3a1a1f3e-2262-4790-867a-fe146c2f7f2d::,us-east,job,2026-03-23T09:45:24.473Z,2026-03-23T09:45:52.671Z,ibm_torino,25,Javier Romero Álvarez,,8fd6ad12bccb4470bdbdbf3df0f65389
d70gn9itnsts73eu8gf0,completed,crn:v1:bluemix:public:quantum-computing:us-east:a/8fd6ad12bccb4470bdbdbf3df0f65389:3a1a1f3e-2262-4790-867a-fe146c2f7f2d::,us-east,job,2026-03-23T09:45:10.661Z,2026-03-23T10:01:13.432Z,ibm_fez,4,Javier Romero Álvarez,,8fd6ad12bccb4470bdbdbf3df0f65389
d70gl8atnsts73eu8e10,canceled,crn:v1:bluemix:public:quantum-computing:us-east:a/8fd6ad12bccb4470bdbdbf3df0f65389:3a1a1f3e-2262-4790-867a-fe146c2f7f2d::,us-east,job,2026-03-23T09:40:49.834Z,2026-03-23T09:40:56.131Z,ibm_fez,0,Javier Romero Álvarez,,8fd6ad12bccb4470bdbdbf3df0f65389
d70gj78v5rlc73f615q0,completed,crn:v1:bluemix:public:quantum-computing:us-east:a/8fd6ad12bccb4470bdbdbf3df0f65389:3a1a1f3e-2262-4790-867a-fe146c2f7f2d::,us-east,job,2026-03-23T09:36:29.109Z,2026-03-23T09:36:44.212Z,ibm_fez,4,Javier Romero Álvarez,,8fd6ad12bccb4470bdbdbf3df0f65389
d70gg7qtnsts73eu87v0,completed,crn:v1:bluemix:public:quantum-computing:us-east:a/8fd6ad12bccb4470bdbdbf3df0f65389:3a1a1f3e-2262-4790-867a-fe146c2f7f2d::,us-east,job,2026-03-23T09:30:08.086Z,2026-03-23T09:30:15.511Z,ibm_fez,4,Javier Romero Álvarez,,8fd6ad12bccb4470bdbdbf3df0f65389
d70gfsov5rlc73f611u0,completed,crn:v1:bluemix:public:quantum-computing:us-east:a/8fd6ad12bccb4470bdbdbf3df0f65389:3a1a1f3e-2262-4790-867a-fe146c2f7f2d::,us-east,job,2026-03-23T09:29:23.503Z,2026-03-23T09:29:31.815Z,ibm_fez,4,Javier Romero Álvarez,,8fd6ad12bccb4470bdbdbf3df0f65389
d70ge3c69uic73ckak2g,canceled,crn:v1:bluemix:public:quantum-computing:us-east:a/8fd6ad12bccb4470bdbdbf3df0f65389:3a1a1f3e-2262-4790-867a-fe146c2f7f2d::,us-east,job,2026-03-23T09:25:34.020Z,2026-03-23T09:25:43.542Z,ibm_torino,0,Javier Romero Álvarez,,8fd6ad12bccb4470bdbdbf3df0f65389
d70gdf0v5rlc73f60utg,completed,crn:v1:bluemix:public:quantum-computing:us-east:a/8fd6ad12bccb4470bdbdbf3df0f65389:3a1a1f3e-2262-4790-867a-fe146c2f7f2d::,us-east,job,2026-03-23T09:24:12.293Z,2026-03-23T09:24:31.714Z,ibm_fez,10,Javier Romero Álvarez,,8fd6ad12bccb4470bdbdbf3df0f65389
d6ttctitnsts73erh0ig,completed,crn:v1:bluemix:public:quantum-computing:us-east:a/8fd6ad12bccb4470bdbdbf3df0f65389:3a1a1f3e-2262-4790-867a-fe146c2f7f2d::,us-east,job,2026-03-19T10:56:54.923Z,2026-03-19T11:31:44.909Z,ibm_torino,25,Javier Romero Álvarez,,8fd6ad12bccb4470bdbdbf3df0f65389
d6step3bjfas73fotdp0,completed,crn:v1:bluemix:public:quantum-computing:us-east:a/8fd6ad12bccb4470bdbdbf3df0f65389:3a1a1f3e-2262-4790-867a-fe146c2f7f2d::,us-east,job,2026-03-17T22:36:21.272Z,2026-03-17T22:46:48.113Z,ibm_fez,415,Javier Romero Álvarez,,8fd6ad12bccb4470bdbdbf3df0f65389
d6sj8tf90okc73esce30,completed,crn:v1:bluemix:public:quantum-computing:us-east:a/8fd6ad12bccb4470bdbdbf3df0f65389:3a1a1f3e-2262-4790-867a-fe146c2f7f2d::,us-east,job,2026-03-17T11:01:09.299Z,2026-03-17T11:03:01.617Z,ibm_fez,24,Javier Romero Álvarez,,8fd6ad12bccb4470bdbdbf3df0f65389
d6puahjopkic73fhacr0,completed,crn:v1:bluemix:public:quantum-computing:us-east:a/8fd6ad12bccb4470bdbdbf3df0f65389:3a1a1f3e-2262-4790-867a-fe146c2f7f2d::,us-east,job,2026-03-13T10:21:58.908Z,2026-03-13T10:37:25.976Z,ibm_fez,2,Javier Romero Álvarez,,8fd6ad12bccb4470bdbdbf3df0f65389
d6pu5vi0q0ls73crjjb0,completed,crn:v1:bluemix:public:quantum-computing:us-east:a/8fd6ad12bccb4470bdbdbf3df0f65389:3a1a1f3e-2262-4790-867a-fe146c2f7f2d::,us-east,job,2026-03-13T10:12:14.983Z,2026-03-13T10:14:58.193Z,ibm_fez,2,Javier Romero Álvarez,,8fd6ad12bccb4470bdbdbf3df0f65389
d6ptum3opkic73fh9u5g,completed,crn:v1:bluemix:public:quantum-computing:us-east:a/8fd6ad12bccb4470bdbdbf3df0f65389:3a1a1f3e-2262-4790-867a-fe146c2f7f2d::,us-east,job,2026-03-13T09:56:40.380Z,2026-03-13T10:00:00.996Z,ibm_fez,2,Javier Romero Álvarez,,8fd6ad12bccb4470bdbdbf3df0f65389
d6peebu9td6c73aqe7eg,completed,crn:v1:bluemix:public:quantum-computing:us-east:a/8fd6ad12bccb4470bdbdbf3df0f65389:3a1a1f3e-2262-4790-867a-fe146c2f7f2d::,us-east,job,2026-03-12T16:17:51.387Z,2026-03-12T16:18:02.556Z,ibm_torino,4,Javier Romero Álvarez,,8fd6ad12bccb4470bdbdbf3df0f65389
d6peeb8bfi7c73a6vtlg,completed,crn:v1:bluemix:public:quantum-computing:us-east:a/8fd6ad12bccb4470bdbdbf3df0f65389:3a1a1f3e-2262-4790-867a-fe146c2f7f2d::,us-east,job,2026-03-12T16:17:49.890Z,2026-03-12T16:17:58.403Z,ibm_torino,4,Javier Romero Álvarez,,8fd6ad12bccb4470bdbdbf3df0f65389
d6ntnl8bfi7c73a57510,canceled,crn:v1:bluemix:public:quantum-computing:us-east:a/8fd6ad12bccb4470bdbdbf3df0f65389:3a1a1f3e-2262-4790-867a-fe146c2f7f2d::,us-east,job,2026-03-10T08:52:37.639Z,2026-03-10T08:52:41.978Z,ibm_fez,0,Javier Romero Álvarez,,8fd6ad12bccb4470bdbdbf3df0f65389
d6ntmq0bfi7c73a573t0,completed,crn:v1:bluemix:public:quantum-computing:us-east:a/8fd6ad12bccb4470bdbdbf3df0f65389:3a1a1f3e-2262-4790-867a-fe146c2f7f2d::,us-east,job,2026-03-10T08:50:48.490Z,2026-03-10T08:50:56.576Z,ibm_fez,4,Javier Romero Álvarez,,8fd6ad12bccb4470bdbdbf3df0f65389
d6ntj8ofh9oc73epl4p0,completed,crn:v1:bluemix:public:quantum-computing:us-east:a/8fd6ad12bccb4470bdbdbf3df0f65389:3a1a1f3e-2262-4790-867a-fe146c2f7f2d::,us-east,job,2026-03-10T08:43:15.709Z,2026-03-10T08:43:28.974Z,ibm_fez,4,Javier Romero Álvarez,,8fd6ad12bccb4470bdbdbf3df0f65389
d6ntd8u9td6c73aol5u0,completed,crn:v1:bluemix:public:quantum-computing:us-east:a/8fd6ad12bccb4470bdbdbf3df0f65389:3a1a1f3e-2262-4790-867a-fe146c2f7f2d::,us-east,job,2026-03-10T08:30:28.175Z,2026-03-10T08:30:36.280Z,ibm_fez,4,Javier Romero Álvarez,,8fd6ad12bccb4470bdbdbf3df0f65389
d6nt6fk3pels73a239j0,completed,crn:v1:bluemix:public:quantum-computing:us-east:a/8fd6ad12bccb4470bdbdbf3df0f65389:3a1a1f3e-2262-4790-867a-fe146c2f7f2d::,us-east,job,2026-03-10T08:15:58.521Z,2026-03-10T08:16:08.102Z,ibm_fez,6,Javier Romero Álvarez,,8fd6ad12bccb4470bdbdbf3df0f65389
d6nt4843pels73a236og,completed,crn:v1:bluemix:public:quantum-computing:us-east:a/8fd6ad12bccb4470bdbdbf3df0f65389:3a1a1f3e-2262-4790-867a-fe146c2f7f2d::,us-east,job,2026-03-10T08:11:12.848Z,2026-03-10T08:11:21.173Z,ibm_fez,4,Javier Romero Álvarez,,8fd6ad12bccb4470bdbdbf3df0f65389
d6nt2h69td6c73aokn10,completed,crn:v1:bluemix:public:quantum-computing:us-east:a/8fd6ad12bccb4470bdbdbf3df0f65389:3a1a1f3e-2262-4790-867a-fe146c2f7f2d::,us-east,job,2026-03-10T08:07:32.279Z,2026-03-10T08:07:39.772Z,ibm_fez,4,Javier Romero Álvarez,,8fd6ad12bccb4470bdbdbf3df0f65389
d6nsvek3pels73a230bg,completed,crn:v1:bluemix:public:quantum-computing:us-east:a/8fd6ad12bccb4470bdbdbf3df0f65389:3a1a1f3e-2262-4790-867a-fe146c2f7f2d::,us-east,job,2026-03-10T08:00:58.321Z,2026-03-10T08:01:10.900Z,ibm_fez,4,Javier Romero Álvarez,,8fd6ad12bccb4470bdbdbf3df0f65389
d6nsuu0fh9oc73epkas0,completed,crn:v1:bluemix:public:quantum-computing:us-east:a/8fd6ad12bccb4470bdbdbf3df0f65389:3a1a1f3e-2262-4790-867a-fe146c2f7f2d::,us-east,job,2026-03-10T07:59:52.723Z,2026-03-10T08:00:00.704Z,ibm_fez,4,Javier Romero Álvarez,,8fd6ad12bccb4470bdbdbf3df0f65389
d6nsl9c3pels73a22l4g,completed,crn:v1:bluemix:public:quantum-computing:us-east:a/8fd6ad12bccb4470bdbdbf3df0f65389:3a1a1f3e-2262-4790-867a-fe146c2f7f2d::,us-east,job,2026-03-10T07:39:17.471Z,2026-03-10T07:39:26.602Z,ibm_fez,4,Javier Romero Álvarez,,8fd6ad12bccb4470bdbdbf3df0f65389
d6nsjo0fh9oc73epjv30,completed,crn:v1:bluemix:public:quantum-computing:us-east:a/8fd6ad12bccb4470bdbdbf3df0f65389:3a1a1f3e-2262-4790-867a-fe146c2f7f2d::,us-east,job,2026-03-10T07:36:00.845Z,2026-03-10T07:38:59.163Z,ibm_fez,4,Javier Romero Álvarez,,8fd6ad12bccb4470bdbdbf3df0f65389
d6nsj88fh9oc73epjuhg,completed,crn:v1:bluemix:public:quantum-computing:us-east:a/8fd6ad12bccb4470bdbdbf3df0f65389:3a1a1f3e-2262-4790-867a-fe146c2f7f2d::,us-east,job,2026-03-10T07:34:57.640Z,2026-03-10T07:35:43.125Z,ibm_fez,4,Javier Romero Álvarez,,8fd6ad12bccb4470bdbdbf3df0f65389
d6na33e9td6c73antjo0,completed,crn:v1:bluemix:public:quantum-computing:us-east:a/8fd6ad12bccb4470bdbdbf3df0f65389:3a1a1f3e-2262-4790-867a-fe146c2f7f2d::,us-east,job,2026-03-09T10:31:41.826Z,2026-03-09T10:31:57.623Z,ibm_fez,4,Javier Romero Álvarez,,8fd6ad12bccb4470bdbdbf3df0f65389
d6na2s0fh9oc73eotfrg,completed,crn:v1:bluemix:public:quantum-computing:us-east:a/8fd6ad12bccb4470bdbdbf3df0f65389:3a1a1f3e-2262-4790-867a-fe146c2f7f2d::,us-east,job,2026-03-09T10:31:12.681Z,2026-03-09T10:31:24.325Z,ibm_fez,4,Javier Romero Álvarez,,8fd6ad12bccb4470bdbdbf3df0f65389
d6na2is3pels73a1bqh0,completed,crn:v1:bluemix:public:quantum-computing:us-east:a/8fd6ad12bccb4470bdbdbf3df0f65389:3a1a1f3e-2262-4790-867a-fe146c2f7f2d::,us-east,job,2026-03-09T10:30:35.092Z,2026-03-09T10:30:54.506Z,ibm_fez,4,Javier Romero Álvarez,,8fd6ad12bccb4470bdbdbf3df0f65389
d6n9n643pels73a1bcf0,completed,crn:v1:bluemix:public:quantum-computing:us-east:a/8fd6ad12bccb4470bdbdbf3df0f65389:3a1a1f3e-2262-4790-867a-fe146c2f7f2d::,us-east,job,2026-03-09T10:06:16.291Z,2026-03-09T10:06:44.963Z,ibm_fez,24,Javier Romero Álvarez,,8fd6ad12bccb4470bdbdbf3df0f65389
d6n9iqu9td6c73ansvb0,canceled,crn:v1:bluemix:public:quantum-computing:us-east:a/8fd6ad12bccb4470bdbdbf3df0f65389:3a1a1f3e-2262-4790-867a-fe146c2f7f2d::,us-east,job,2026-03-09T09:56:59.878Z,2026-03-09T09:57:06.929Z,ibm_fez,0,Javier Romero Álvarez,,8fd6ad12bccb4470bdbdbf3df0f65389
d6n9ghc3pels73a1b3rg,completed,crn:v1:bluemix:public:quantum-computing:us-east:a/8fd6ad12bccb4470bdbdbf3df0f65389:3a1a1f3e-2262-4790-867a-fe146c2f7f2d::,us-east,job,2026-03-09T09:52:05.836Z,2026-03-09T09:52:14.688Z,ibm_fez,4,Javier Romero Álvarez,,8fd6ad12bccb4470bdbdbf3df0f65389
d6n9gegbfi7c73a4effg,completed,crn:v1:bluemix:public:quantum-computing:us-east:a/8fd6ad12bccb4470bdbdbf3df0f65389:3a1a1f3e-2262-4790-867a-fe146c2f7f2d::,us-east,job,2026-03-09T09:51:54.655Z,2026-03-09T09:52:03.548Z,ibm_fez,5,Javier Romero Álvarez,,8fd6ad12bccb4470bdbdbf3df0f65389
d6n9gc43pels73a1b3kg,completed,crn:v1:bluemix:public:quantum-computing:us-east:a/8fd6ad12bccb4470bdbdbf3df0f65389:3a1a1f3e-2262-4790-867a-fe146c2f7f2d::,us-east,job,2026-03-09T09:51:44.488Z,2026-03-09T09:51:52.912Z,ibm_fez,4,Javier Romero Álvarez,,8fd6ad12bccb4470bdbdbf3df0f65389
d6n94kk3pels73a1al60,completed,crn:v1:bluemix:public:quantum-computing:us-east:a/8fd6ad12bccb4470bdbdbf3df0f65389:3a1a1f3e-2262-4790-867a-fe146c2f7f2d::,us-east,job,2026-03-09T09:26:42.306Z,2026-03-09T09:26:50.848Z,ibm_fez,4,Javier Romero Álvarez,,8fd6ad12bccb4470bdbdbf3df0f65389
d6n94ie9td6c73ansdqg,completed,crn:v1:bluemix:public:quantum-computing:us-east:a/8fd6ad12bccb4470bdbdbf3df0f65389:3a1a1f3e-2262-4790-867a-fe146c2f7f2d::,us-east,job,2026-03-09T09:26:33.328Z,2026-03-09T09:26:43.085Z,ibm_fez,5,Javier Romero Álvarez,,8fd6ad12bccb4470bdbdbf3df0f65389
d6n94fofh9oc73eosaf0,completed,crn:v1:bluemix:public:quantum-computing:us-east:a/8fd6ad12bccb4470bdbdbf3df0f65389:3a1a1f3e-2262-4790-867a-fe146c2f7f2d::,us-east,job,2026-03-09T09:26:23.611Z,2026-03-09T09:26:32.836Z,ibm_fez,5,Javier Romero Álvarez,,8fd6ad12bccb4470bdbdbf3df0f65389
d6n8si43pels73a1a9ig,canceled,crn:v1:bluemix:public:quantum-computing:us-east:a/8fd6ad12bccb4470bdbdbf3df0f65389:3a1a1f3e-2262-4790-867a-fe146c2f7f2d::,us-east,job,2026-03-09T09:09:28.692Z,2026-03-09T09:09:33.164Z,ibm_fez,0,Javier Romero Álvarez,,8fd6ad12bccb4470bdbdbf3df0f65389
d6lc1q43pels739v4beg,canceled,crn:v1:bluemix:public:quantum-computing:us-east:a/8fd6ad12bccb4470bdbdbf3df0f65389:3a1a1f3e-2262-4790-867a-fe146c2f7f2d::,us-east,job,2026-03-06T11:56:24.804Z,2026-03-06T11:56:29.487Z,ibm_fez,0,Javier Romero Álvarez,,8fd6ad12bccb4470bdbdbf3df0f65389
d6lbo2ofh9oc73emo0vg,canceled,crn:v1:bluemix:public:quantum-computing:us-east:a/8fd6ad12bccb4470bdbdbf3df0f65389:3a1a1f3e-2262-4790-867a-fe146c2f7f2d::,us-east,job,2026-03-06T11:35:39.853Z,2026-03-06T11:35:44.506Z,ibm_fez,0,Javier Romero Álvarez,,8fd6ad12bccb4470bdbdbf3df0f65389
d6lbhcs3pels739v3omg,canceled,crn:v1:bluemix:public:quantum-computing:us-east:a/8fd6ad12bccb4470bdbdbf3df0f65389:3a1a1f3e-2262-4790-867a-fe146c2f7f2d::,us-east,job,2026-03-06T11:21:23.238Z,2026-03-06T11:21:28.631Z,ibm_fez,0,Javier Romero Álvarez,,8fd6ad12bccb4470bdbdbf3df0f65389
d6lbarobfi7c73a28bk0,canceled,crn:v1:bluemix:public:quantum-computing:us-east:a/8fd6ad12bccb4470bdbdbf3df0f65389:3a1a1f3e-2262-4790-867a-fe146c2f7f2d::,us-east,job,2026-03-06T11:07:27.304Z,2026-03-06T11:07:31.782Z,ibm_fez,0,Javier Romero Álvarez,,8fd6ad12bccb4470bdbdbf3df0f65389
d6l9j2m9td6c73alkm70,canceled,crn:v1:bluemix:public:quantum-computing:us-east:a/8fd6ad12bccb4470bdbdbf3df0f65389:3a1a1f3e-2262-4790-867a-fe146c2f7f2d::,us-east,job,2026-03-06T09:08:26.349Z,2026-03-06T09:08:33.932Z,ibm_fez,0,Javier Romero Álvarez,,8fd6ad12bccb4470bdbdbf3df0f65389
d6knl80bfi7c73a1inb0,canceled,crn:v1:bluemix:public:quantum-computing:us-east:a/8fd6ad12bccb4470bdbdbf3df0f65389:3a1a1f3e-2262-4790-867a-fe146c2f7f2d::,us-east,job,2026-03-05T12:44:16.051Z,2026-03-05T12:44:23.923Z,ibm_fez,0,Javier Romero Álvarez,,8fd6ad12bccb4470bdbdbf3df0f65389
d6knjlu9td6c73al0v70,canceled,crn:v1:bluemix:public:quantum-computing:us-east:a/8fd6ad12bccb4470bdbdbf3df0f65389:3a1a1f3e-2262-4790-867a-fe146c2f7f2d::,us-east,job,2026-03-05T12:40:55.609Z,2026-03-05T12:41:15.783Z,ibm_fez,0,Javier Romero Álvarez,,8fd6ad12bccb4470bdbdbf3df0f65389
d6kncg8bfi7c73a1idig,completed,crn:v1:bluemix:public:quantum-computing:us-east:a/8fd6ad12bccb4470bdbdbf3df0f65389:3a1a1f3e-2262-4790-867a-fe146c2f7f2d::,us-east,job,2026-03-05T12:25:37.458Z,2026-03-05T12:26:09.266Z,ibm_fez,21,Javier Romero Álvarez,,8fd6ad12bccb4470bdbdbf3df0f65389
d6kncdu9td6c73al0nbg,canceled,crn:v1:bluemix:public:quantum-computing:us-east:a/8fd6ad12bccb4470bdbdbf3df0f65389:3a1a1f3e-2262-4790-867a-fe146c2f7f2d::,us-east,job,2026-03-05T12:25:27.168Z,2026-03-05T12:25:33.629Z,ibm_fez,0,Javier Romero Álvarez,,8fd6ad12bccb4470bdbdbf3df0f65389
d6kn8hobfi7c73a1i8h0,canceled,crn:v1:bluemix:public:quantum-computing:us-east:a/8fd6ad12bccb4470bdbdbf3df0f65389:3a1a1f3e-2262-4790-867a-fe146c2f7f2d::,us-east,job,2026-03-05T12:17:12.037Z,2026-03-05T12:17:19.273Z,ibm_fez,0,Javier Romero Álvarez,,8fd6ad12bccb4470bdbdbf3df0f65389
d6kmggei7f4c73b9qhg0,canceled,crn:v1:bluemix:public:quantum-computing:us-east:a/8fd6ad12bccb4470bdbdbf3df0f65389:3a1a1f3e-2262-4790-867a-fe146c2f7f2d::,us-east,job,2026-03-05T11:25:53.183Z,2026-03-05T11:26:00.040Z,ibm_fez,0,Javier Romero Álvarez,,8fd6ad12bccb4470bdbdbf3df0f65389
d6km9ofvhegs73ekpnj0,canceled,crn:v1:bluemix:public:quantum-computing:us-east:a/8fd6ad12bccb4470bdbdbf3df0f65389:3a1a1f3e-2262-4790-867a-fe146c2f7f2d::,us-east,job,2026-03-05T11:11:29.816Z,2026-03-05T11:11:42.194Z,ibm_fez,0,Javier Romero Álvarez,,8fd6ad12bccb4470bdbdbf3df0f65389
d6klp4hv66hs738ajocg,canceled,crn:v1:bluemix:public:quantum-computing:us-east:a/8fd6ad12bccb4470bdbdbf3df0f65389:3a1a1f3e-2262-4790-867a-fe146c2f7f2d::,us-east,job,2026-03-05T10:36:02.979Z,2026-03-05T10:36:14.443Z,ibm_fez,0,Javier Romero Álvarez,,8fd6ad12bccb4470bdbdbf3df0f65389
d6klnfhfopvc73f3sne0,completed,crn:v1:bluemix:public:quantum-computing:us-east:a/8fd6ad12bccb4470bdbdbf3df0f65389:3a1a1f3e-2262-4790-867a-fe146c2f7f2d::,us-east,job,2026-03-05T10:32:30.947Z,2026-03-05T10:33:29.824Z,ibm_fez,22,Javier Romero Álvarez,,8fd6ad12bccb4470bdbdbf3df0f65389
d6klkehv66hs738ajig0,canceled,crn:v1:bluemix:public:quantum-computing:us-east:a/8fd6ad12bccb4470bdbdbf3df0f65389:3a1a1f3e-2262-4790-867a-fe146c2f7f2d::,us-east,job,2026-03-05T10:26:02.776Z,2026-03-05T10:26:10.698Z,ibm_fez,0,Javier Romero Álvarez,,8fd6ad12bccb4470bdbdbf3df0f65389
d6klfd9fopvc73f3sc3g,canceled,crn:v1:bluemix:public:quantum-computing:us-east:a/8fd6ad12bccb4470bdbdbf3df0f65389:3a1a1f3e-2262-4790-867a-fe146c2f7f2d::,us-east,job,2026-03-05T10:15:17.562Z,2026-03-05T10:15:22.491Z,ibm_fez,0,Javier Romero Álvarez,,8fd6ad12bccb4470bdbdbf3df0f65389
d6k2cc860irc739577t0,canceled,crn:v1:bluemix:public:quantum-computing:us-east:a/8fd6ad12bccb4470bdbdbf3df0f65389:3a1a1f3e-2262-4790-867a-fe146c2f7f2d::,us-east,job,2026-03-04T12:31:45.754Z,2026-03-04T12:31:57.063Z,ibm_fez,0,Javier Romero Álvarez,,8fd6ad12bccb4470bdbdbf3df0f65389
d6gn32v3o3rs73ca19eg,completed,crn:v1:bluemix:public:quantum-computing:us-east:a/8fd6ad12bccb4470bdbdbf3df0f65389:3a1a1f3e-2262-4790-867a-fe146c2f7f2d::,us-east,job,2026-02-27T10:27:23.241Z,2026-02-27T10:27:49.436Z,ibm_fez,22,Javier Romero Álvarez,,8fd6ad12bccb4470bdbdbf3df0f65389
d6gma0n3o3rs73ca0bc0,canceled,crn:v1:bluemix:public:quantum-computing:us-east:a/8fd6ad12bccb4470bdbdbf3df0f65389:3a1a1f3e-2262-4790-867a-fe146c2f7f2d::,us-east,job,2026-02-27T09:33:54.159Z,2026-02-27T09:39:53.134Z,ibm_fez,0,Javier Romero Álvarez,,8fd6ad12bccb4470bdbdbf3df0f65389
d6g3cagj9bds73cnnfp0,completed,crn:v1:bluemix:public:quantum-computing:us-east:a/8fd6ad12bccb4470bdbdbf3df0f65389:3a1a1f3e-2262-4790-867a-fe146c2f7f2d::,us-east,job,2026-02-26T12:01:46.623Z,2026-02-26T12:02:14.466Z,ibm_fez,22,Javier Romero Álvarez,,8fd6ad12bccb4470bdbdbf3df0f65389
d6fbof154hss73bbv5i0,completed,crn:v1:bluemix:public:quantum-computing:us-east:a/8fd6ad12bccb4470bdbdbf3df0f65389:3a1a1f3e-2262-4790-867a-fe146c2f7f2d::,us-east,job,2026-02-25T09:09:16.358Z,2026-02-25T09:09:29.096Z,ibm_fez,4,Javier Romero Álvarez,,8fd6ad12bccb4470bdbdbf3df0f65389
d6fboch7ce2c73fjt1hg,completed,crn:v1:bluemix:public:quantum-computing:us-east:a/8fd6ad12bccb4470bdbdbf3df0f65389:3a1a1f3e-2262-4790-867a-fe146c2f7f2d::,us-east,job,2026-02-25T09:09:06.226Z,2026-02-25T09:09:24.746Z,ibm_fez,4,Javier Romero Álvarez,,8fd6ad12bccb4470bdbdbf3df0f65389
d6fboafg4t5c7388rnt0,completed,crn:v1:bluemix:public:quantum-computing:us-east:a/8fd6ad12bccb4470bdbdbf3df0f65389:3a1a1f3e-2262-4790-867a-fe146c2f7f2d::,us-east,job,2026-02-25T09:08:57.250Z,2026-02-25T09:09:10.509Z,ibm_fez,4,Javier Romero Álvarez,,8fd6ad12bccb4470bdbdbf3df0f65389
d6fbhpp7ce2c73fjso90,completed,crn:v1:bluemix:public:quantum-computing:us-east:a/8fd6ad12bccb4470bdbdbf3df0f65389:3a1a1f3e-2262-4790-867a-fe146c2f7f2d::,us-east,job,2026-02-25T08:55:03.706Z,2026-02-25T08:55:11.436Z,ibm_fez,4,Javier Romero Álvarez,,8fd6ad12bccb4470bdbdbf3df0f65389
d6fbhisnsg9c739di85g,completed,crn:v1:bluemix:public:quantum-computing:us-east:a/8fd6ad12bccb4470bdbdbf3df0f65389:3a1a1f3e-2262-4790-867a-fe146c2f7f2d::,us-east,job,2026-02-25T08:54:35.793Z,2026-02-25T08:54:44.156Z,ibm_fez,4,Javier Romero Álvarez,,8fd6ad12bccb4470bdbdbf3df0f65389
d6fbfnvg4t5c7388rce0,completed,crn:v1:bluemix:public:quantum-computing:us-east:a/8fd6ad12bccb4470bdbdbf3df0f65389:3a1a1f3e-2262-4790-867a-fe146c2f7f2d::,us-east,job,2026-02-25T08:50:39.939Z,2026-02-25T08:50:48.992Z,ibm_fez,4,Javier Romero Álvarez,,8fd6ad12bccb4470bdbdbf3df0f65389
d6fbfg17ce2c73fjsl1g,completed,crn:v1:bluemix:public:quantum-computing:us-east:a/8fd6ad12bccb4470bdbdbf3df0f65389:3a1a1f3e-2262-4790-867a-fe146c2f7f2d::,us-east,job,2026-02-25T08:50:08.605Z,2026-02-25T08:50:17.495Z,ibm_fez,4,Javier Romero Álvarez,,8fd6ad12bccb4470bdbdbf3df0f65389
d6fbdmng4t5c7388r9sg,completed,crn:v1:bluemix:public:quantum-computing:us-east:a/8fd6ad12bccb4470bdbdbf3df0f65389:3a1a1f3e-2262-4790-867a-fe146c2f7f2d::,us-east,job,2026-02-25T08:46:18.613Z,2026-02-25T08:46:31.860Z,ibm_fez,4,Javier Romero Álvarez,,8fd6ad12bccb4470bdbdbf3df0f65389
d6fbdhknsg9c739di2v0,failed,crn:v1:bluemix:public:quantum-computing:us-east:a/8fd6ad12bccb4470bdbdbf3df0f65389:3a1a1f3e-2262-4790-867a-fe146c2f7f2d::,us-east,job,2026-02-25T08:45:58.528Z,2026-02-25T08:46:02.488Z,ibm_fez,0,Javier Romero Álvarez,,8fd6ad12bccb4470bdbdbf3df0f65389
d6fbai97ce2c73fjser0,completed,crn:v1:bluemix:public:quantum-computing:us-east:a/8fd6ad12bccb4470bdbdbf3df0f65389:3a1a1f3e-2262-4790-867a-fe146c2f7f2d::,us-east,job,2026-02-25T08:39:37.864Z,2026-02-25T08:39:45.470Z,ibm_fez,4,Javier Romero Álvarez,,8fd6ad12bccb4470bdbdbf3df0f65389
d6fba8h7ce2c73fjsee0,completed,crn:v1:bluemix:public:quantum-computing:us-east:a/8fd6ad12bccb4470bdbdbf3df0f65389:3a1a1f3e-2262-4790-867a-fe146c2f7f2d::,us-east,job,2026-02-25T08:38:58.089Z,2026-02-25T08:39:15.990Z,ibm_fez,4,Javier Romero Álvarez,,8fd6ad12bccb4470bdbdbf3df0f65389
d6fb81p7ce2c73fjsbm0,completed,crn:v1:bluemix:public:quantum-computing:us-east:a/8fd6ad12bccb4470bdbdbf3df0f65389:3a1a1f3e-2262-4790-867a-fe146c2f7f2d::,us-east,job,2026-02-25T08:34:15.807Z,2026-02-25T08:34:24.349Z,ibm_fez,4,Javier Romero Álvarez,,8fd6ad12bccb4470bdbdbf3df0f65389
d6fb7p17ce2c73fjsba0,completed,crn:v1:bluemix:public:quantum-computing:us-east:a/8fd6ad12bccb4470bdbdbf3df0f65389:3a1a1f3e-2262-4790-867a-fe146c2f7f2d::,us-east,job,2026-02-25T08:33:40.674Z,2026-02-25T08:34:00.133Z,ibm_fez,4,Javier Romero Álvarez,,8fd6ad12bccb4470bdbdbf3df0f65389
d6fb5sh54hss73bbudh0,completed,crn:v1:bluemix:public:quantum-computing:us-east:a/8fd6ad12bccb4470bdbdbf3df0f65389:3a1a1f3e-2262-4790-867a-fe146c2f7f2d::,us-east,job,2026-02-25T08:29:38.612Z,2026-02-25T08:29:48.025Z,ibm_fez,4,Javier Romero Álvarez,,8fd6ad12bccb4470bdbdbf3df0f65389
d6fb5lsnsg9c739dhol0,completed,crn:v1:bluemix:public:quantum-computing:us-east:a/8fd6ad12bccb4470bdbdbf3df0f65389:3a1a1f3e-2262-4790-867a-fe146c2f7f2d::,us-east,job,2026-02-25T08:29:11.568Z,2026-02-25T08:29:22.193Z,ibm_fez,4,Javier Romero Álvarez,,8fd6ad12bccb4470bdbdbf3df0f65389
d6eol7p7ce2c73fj6ba0,canceled,crn:v1:bluemix:public:quantum-computing:us-east:a/8fd6ad12bccb4470bdbdbf3df0f65389:3a1a1f3e-2262-4790-867a-fe146c2f7f2d::,us-east,job,2026-02-24T11:25:19.959Z,2026-02-24T11:36:48.765Z,ibm_marrakesh,0,Javier Romero Álvarez,,8fd6ad12bccb4470bdbdbf3df0f65389
d6enho17ce2c73fj4nog,canceled,crn:v1:bluemix:public:quantum-computing:us-east:a/8fd6ad12bccb4470bdbdbf3df0f65389:3a1a1f3e-2262-4790-867a-fe146c2f7f2d::,us-east,job,2026-02-24T10:09:36.556Z,2026-02-24T11:15:43.929Z,ibm_marrakesh,0,Javier Romero Álvarez,,8fd6ad12bccb4470bdbdbf3df0f65389
d6en9e4nsg9c739cpoo0,canceled,crn:v1:bluemix:public:quantum-computing:us-east:a/8fd6ad12bccb4470bdbdbf3df0f65389:3a1a1f3e-2262-4790-867a-fe146c2f7f2d::,us-east,job,2026-02-24T09:51:52.602Z,2026-02-24T09:56:38.948Z,ibm_marrakesh,0,Javier Romero Álvarez,,8fd6ad12bccb4470bdbdbf3df0f65389
d6en5pp7ce2c73fj48lg,canceled,crn:v1:bluemix:public:quantum-computing:us-east:a/8fd6ad12bccb4470bdbdbf3df0f65389:3a1a1f3e-2262-4790-867a-fe146c2f7f2d::,us-east,job,2026-02-24T09:44:08.055Z,2026-02-24T09:50:32.772Z,ibm_marrakesh,0,Javier Romero Álvarez,,8fd6ad12bccb4470bdbdbf3df0f65389
d6en2r154hss73bb60cg,canceled,crn:v1:bluemix:public:quantum-computing:us-east:a/8fd6ad12bccb4470bdbdbf3df0f65389:3a1a1f3e-2262-4790-867a-fe146c2f7f2d::,us-east,job,2026-02-24T09:37:48.720Z,2026-02-24T09:38:46.505Z,ibm_marrakesh,0,Javier Romero Álvarez,,8fd6ad12bccb4470bdbdbf3df0f65389
d6emujh54hss73bb5qd0,canceled,crn:v1:bluemix:public:quantum-computing:us-east:a/8fd6ad12bccb4470bdbdbf3df0f65389:3a1a1f3e-2262-4790-867a-fe146c2f7f2d::,us-east,job,2026-02-24T09:28:46.388Z,2026-02-24T09:29:16.396Z,ibm_marrakesh,0,Javier Romero Álvarez,,8fd6ad12bccb4470bdbdbf3df0f65389
d6emla17ce2c73fj3ggg,canceled,crn:v1:bluemix:public:quantum-computing:us-east:a/8fd6ad12bccb4470bdbdbf3df0f65389:3a1a1f3e-2262-4790-867a-fe146c2f7f2d::,us-east,job,2026-02-24T09:08:56.392Z,2026-02-24T09:18:30.154Z,ibm_marrakesh,0,Javier Romero Álvarez,,8fd6ad12bccb4470bdbdbf3df0f65389
d6emg417ce2c73fj38rg,canceled,crn:v1:bluemix:public:quantum-computing:us-east:a/8fd6ad12bccb4470bdbdbf3df0f65389:3a1a1f3e-2262-4790-867a-fe146c2f7f2d::,us-east,job,2026-02-24T08:57:52.973Z,2026-02-24T09:07:09.296Z,ibm_marrakesh,0,Javier Romero Álvarez,,8fd6ad12bccb4470bdbdbf3df0f65389
d6c4au954hss73b83h1g,canceled,crn:v1:bluemix:public:quantum-computing:us-east:a/8fd6ad12bccb4470bdbdbf3df0f65389:3a1a1f3e-2262-4790-867a-fe146c2f7f2d::,us-east,job,2026-02-20T11:28:57.677Z,2026-02-20T11:29:41.228Z,ibm_marrakesh,0,Javier Romero Álvarez,,8fd6ad12bccb4470bdbdbf3df0f65389
d6c4114nsg9c7399nqeg,canceled,crn:v1:bluemix:public:quantum-computing:us-east:a/8fd6ad12bccb4470bdbdbf3df0f65389:3a1a1f3e-2262-4790-867a-fe146c2f7f2d::,us-east,job,2026-02-20T11:07:48.899Z,2026-02-20T11:19:38.239Z,ibm_marrakesh,0,Javier Romero Álvarez,,8fd6ad12bccb4470bdbdbf3df0f65389
d6c3ik954hss73b82gp0,canceled,crn:v1:bluemix:public:quantum-computing:us-east:a/8fd6ad12bccb4470bdbdbf3df0f65389:3a1a1f3e-2262-4790-867a-fe146c2f7f2d::,us-east,job,2026-02-20T10:37:05.920Z,2026-02-20T10:52:47.435Z,ibm_marrakesh,0,Javier Romero Álvarez,,8fd6ad12bccb4470bdbdbf3df0f65389
d6c32ah7ce2c73fg30m0,completed,crn:v1:bluemix:public:quantum-computing:us-east:a/8fd6ad12bccb4470bdbdbf3df0f65389:3a1a1f3e-2262-4790-867a-fe146c2f7f2d::,us-east,job,2026-02-20T10:02:18.804Z,2026-02-20T10:02:51.490Z,ibm_marrakesh,22,Javier Romero Álvarez,,8fd6ad12bccb4470bdbdbf3df0f65389
d6c258h7ce2c73fg1e10,canceled,crn:v1:bluemix:public:quantum-computing:us-east:a/8fd6ad12bccb4470bdbdbf3df0f65389:3a1a1f3e-2262-4790-867a-fe146c2f7f2d::,us-east,job,2026-02-20T09:00:18.176Z,2026-02-20T09:59:53.829Z,ibm_fez,0,Javier Romero Álvarez,,8fd6ad12bccb4470bdbdbf3df0f65389
d6anvrknsg9c73983tf0,canceled,crn:v1:bluemix:public:quantum-computing:us-east:a/8fd6ad12bccb4470bdbdbf3df0f65389:3a1a1f3e-2262-4790-867a-fe146c2f7f2d::,us-east,job,2026-02-18T09:01:34.877Z,2026-02-18T09:50:47.178Z,ibm_fez,0,Javier Romero Álvarez,,8fd6ad12bccb4470bdbdbf3df0f65389
d69g22dbujdc73d25lj0,canceled,crn:v1:bluemix:public:quantum-computing:us-east:a/8fd6ad12bccb4470bdbdbf3df0f65389:3a1a1f3e-2262-4790-867a-fe146c2f7f2d::,us-east,job,2026-02-16T11:35:37.998Z,2026-02-16T12:26:20.122Z,ibm_fez,0,Javier Romero Álvarez,,8fd6ad12bccb4470bdbdbf3df0f65389
d69fvi9eloac73952lt0,completed,crn:v1:bluemix:public:quantum-computing:us-east:a/8fd6ad12bccb4470bdbdbf3df0f65389:3a1a1f3e-2262-4790-867a-fe146c2f7f2d::,us-east,job,2026-02-16T11:30:17.443Z,2026-02-16T11:30:42.544Z,ibm_fez,4,Javier Romero Álvarez,,8fd6ad12bccb4470bdbdbf3df0f65389
d69ftehv6o8c73d7qo50,completed,crn:v1:bluemix:public:quantum-computing:us-east:a/8fd6ad12bccb4470bdbdbf3df0f65389:3a1a1f3e-2262-4790-867a-fe146c2f7f2d::,us-east,job,2026-02-16T11:25:46.367Z,2026-02-16T11:26:12.259Z,ibm_fez,8,Javier Romero Álvarez,,8fd6ad12bccb4470bdbdbf3df0f65389
d69fqehv6o8c73d7qkug,completed,crn:v1:bluemix:public:quantum-computing:us-east:a/8fd6ad12bccb4470bdbdbf3df0f65389:3a1a1f3e-2262-4790-867a-fe146c2f7f2d::,us-east,job,2026-02-16T11:19:23.040Z,2026-02-16T11:19:43.689Z,ibm_fez,5,Javier Romero Álvarez,,8fd6ad12bccb4470bdbdbf3df0f65389
d69fn80qbmes739hj7eg,completed,crn:v1:bluemix:public:quantum-computing:us-east:a/8fd6ad12bccb4470bdbdbf3df0f65389:3a1a1f3e-2262-4790-867a-fe146c2f7f2d::,us-east,job,2026-02-16T11:12:32.433Z,2026-02-16T11:12:47.940Z,ibm_fez,4,Javier Romero Álvarez,,8fd6ad12bccb4470bdbdbf3df0f65389
d69flk3e4kfs73d45qn0,completed,crn:v1:bluemix:public:quantum-computing:us-east:a/8fd6ad12bccb4470bdbdbf3df0f65389:3a1a1f3e-2262-4790-867a-fe146c2f7f2d::,us-east,job,2026-02-16T11:09:05.353Z,2026-02-16T11:09:22.081Z,ibm_fez,4,Javier Romero Álvarez,,8fd6ad12bccb4470bdbdbf3df0f65389
d69fiaje4kfs73d45msg,completed,crn:v1:bluemix:public:quantum-computing:us-east:a/8fd6ad12bccb4470bdbdbf3df0f65389:3a1a1f3e-2262-4790-867a-fe146c2f7f2d::,us-east,job,2026-02-16T11:02:02.650Z,2026-02-16T11:03:25.443Z,ibm_fez,5,Javier Romero Álvarez,,8fd6ad12bccb4470bdbdbf3df0f65389
d69fevtbujdc73d24vpg,completed,crn:v1:bluemix:public:quantum-computing:us-east:a/8fd6ad12bccb4470bdbdbf3df0f65389:3a1a1f3e-2262-4790-867a-fe146c2f7f2d::,us-east,job,2026-02-16T10:54:55.762Z,2026-02-16T10:55:15.550Z,ibm_fez,5,Javier Romero Álvarez,,8fd6ad12bccb4470bdbdbf3df0f65389
d69fbtre4kfs73d45eig,completed,crn:v1:bluemix:public:quantum-computing:us-east:a/8fd6ad12bccb4470bdbdbf3df0f65389:3a1a1f3e-2262-4790-867a-fe146c2f7f2d::,us-east,job,2026-02-16T10:48:23.953Z,2026-02-16T10:48:35.851Z,ibm_fez,4,Javier Romero Álvarez,,8fd6ad12bccb4470bdbdbf3df0f65389
d69fa2re4kfs73d45c3g,completed,crn:v1:bluemix:public:quantum-computing:us-east:a/8fd6ad12bccb4470bdbdbf3df0f65389:3a1a1f3e-2262-4790-867a-fe146c2f7f2d::,us-east,job,2026-02-16T10:44:27.605Z,2026-02-16T10:44:48.837Z,ibm_fez,9,Javier Romero Álvarez,,8fd6ad12bccb4470bdbdbf3df0f65389
d69f6mje4kfs73d457eg,completed,crn:v1:bluemix:public:quantum-computing:us-east:a/8fd6ad12bccb4470bdbdbf3df0f65389:3a1a1f3e-2262-4790-867a-fe146c2f7f2d::,us-east,job,2026-02-16T10:37:14.667Z,2026-02-16T10:38:15.093Z,ibm_fez,9,Javier Romero Álvarez,,8fd6ad12bccb4470bdbdbf3df0f65389
d69f38be4kfs73d45290,completed,crn:v1:bluemix:public:quantum-computing:us-east:a/8fd6ad12bccb4470bdbdbf3df0f65389:3a1a1f3e-2262-4790-867a-fe146c2f7f2d::,us-east,job,2026-02-16T10:29:53.227Z,2026-02-16T10:30:31.688Z,ibm_fez,4,Javier Romero Álvarez,,8fd6ad12bccb4470bdbdbf3df0f65389
d69f169v6o8c73d7phjg,completed,crn:v1:bluemix:public:quantum-computing:us-east:a/8fd6ad12bccb4470bdbdbf3df0f65389:3a1a1f3e-2262-4790-867a-fe146c2f7f2d::,us-east,job,2026-02-16T10:25:29.488Z,2026-02-16T10:26:24.323Z,ibm_fez,8,Javier Romero Álvarez,,8fd6ad12bccb4470bdbdbf3df0f65389
d69euibe4kfs73d44rp0,completed,crn:v1:bluemix:public:quantum-computing:us-east:a/8fd6ad12bccb4470bdbdbf3df0f65389:3a1a1f3e-2262-4790-867a-fe146c2f7f2d::,us-east,job,2026-02-16T10:19:53.316Z,2026-02-16T10:20:16.358Z,ibm_fez,8,Javier Romero Álvarez,,8fd6ad12bccb4470bdbdbf3df0f65389
d69es41v6o8c73d7pas0,completed,crn:v1:bluemix:public:quantum-computing:us-east:a/8fd6ad12bccb4470bdbdbf3df0f65389:3a1a1f3e-2262-4790-867a-fe146c2f7f2d::,us-east,job,2026-02-16T10:14:40.934Z,2026-02-16T10:15:45.194Z,ibm_fez,4,Javier Romero Álvarez,,8fd6ad12bccb4470bdbdbf3df0f65389
d69eovtbujdc73d241lg,completed,crn:v1:bluemix:public:quantum-computing:us-east:a/8fd6ad12bccb4470bdbdbf3df0f65389:3a1a1f3e-2262-4790-867a-fe146c2f7f2d::,us-east,job,2026-02-16T10:07:59.404Z,2026-02-16T10:08:23.668Z,ibm_fez,8,Javier Romero Álvarez,,8fd6ad12bccb4470bdbdbf3df0f65389
d69ebc8qbmes739hhfbg,completed,crn:v1:bluemix:public:quantum-computing:us-east:a/8fd6ad12bccb4470bdbdbf3df0f65389:3a1a1f3e-2262-4790-867a-fe146c2f7f2d::,us-east,job,2026-02-16T09:38:57.702Z,2026-02-16T09:47:55.926Z,ibm_fez,4,Javier Romero Álvarez,,8fd6ad12bccb4470bdbdbf3df0f65389
d69e42gqbmes739hh6mg,completed,crn:v1:bluemix:public:quantum-computing:us-east:a/8fd6ad12bccb4470bdbdbf3df0f65389:3a1a1f3e-2262-4790-867a-fe146c2f7f2d::,us-east,job,2026-02-16T09:23:22.138Z,2026-02-16T09:35:40.369Z,ibm_fez,8,Javier Romero Álvarez,,8fd6ad12bccb4470bdbdbf3df0f65389
d69dr13e4kfs73d43d20,completed,crn:v1:bluemix:public:quantum-computing:us-east:a/8fd6ad12bccb4470bdbdbf3df0f65389:3a1a1f3e-2262-4790-867a-fe146c2f7f2d::,us-east,job,2026-02-16T09:04:04.295Z,2026-02-16T09:17:35.006Z,ibm_fez,7,Javier Romero Álvarez,,8fd6ad12bccb4470bdbdbf3df0f65389
d69ddo3e4kfs73d42sv0,completed,crn:v1:bluemix:public:quantum-computing:us-east:a/8fd6ad12bccb4470bdbdbf3df0f65389:3a1a1f3e-2262-4790-867a-fe146c2f7f2d::,us-east,job,2026-02-16T08:35:44.770Z,2026-02-16T08:49:50.711Z,ibm_fez,8,Javier Romero Álvarez,,8fd6ad12bccb4470bdbdbf3df0f65389
d67e8q3e4kfs73d1r00g,canceled,crn:v1:bluemix:public:quantum-computing:us-east:a/8fd6ad12bccb4470bdbdbf3df0f65389:3a1a1f3e-2262-4790-867a-fe146c2f7f2d::,us-east,job,2026-02-13T08:44:24.669Z,2026-02-13T11:42:05.126Z,ibm_fez,0,Javier Romero Álvarez,,8fd6ad12bccb4470bdbdbf3df0f65389
d64t1sjc4tus73fga9og,completed,crn:v1:bluemix:public:quantum-computing:us-east:a/8fd6ad12bccb4470bdbdbf3df0f65389:3a1a1f3e-2262-4790-867a-fe146c2f7f2d::,us-east,job,2026-02-09T12:20:02.569Z,2026-02-09T12:27:33.715Z,ibm_fez,9,Javier Romero Álvarez,,8fd6ad12bccb4470bdbdbf3df0f65389
d64squbtraac73bitlf0,completed,crn:v1:bluemix:public:quantum-computing:us-east:a/8fd6ad12bccb4470bdbdbf3df0f65389:3a1a1f3e-2262-4790-867a-fe146c2f7f2d::,us-east,job,2026-02-09T12:05:14.265Z,2026-02-09T12:10:04.654Z,ibm_fez,8,Javier Romero Álvarez,,8fd6ad12bccb4470bdbdbf3df0f65389
d64s34rtraac73bisq20,completed,crn:v1:bluemix:public:quantum-computing:us-east:a/8fd6ad12bccb4470bdbdbf3df0f65389:3a1a1f3e-2262-4790-867a-fe146c2f7f2d::,us-east,job,2026-02-09T11:14:27.701Z,2026-02-09T11:19:19.193Z,ibm_fez,6,Javier Romero Álvarez,,8fd6ad12bccb4470bdbdbf3df0f65389
d64rrbns6ggc73fjhoo0,completed,crn:v1:bluemix:public:quantum-computing:us-east:a/8fd6ad12bccb4470bdbdbf3df0f65389:3a1a1f3e-2262-4790-867a-fe146c2f7f2d::,us-east,job,2026-02-09T10:57:50.335Z,2026-02-09T10:59:34.791Z,ibm_fez,2,Javier Romero Álvarez,,8fd6ad12bccb4470bdbdbf3df0f65389
d64rgsio8gvs73f4u4jg,completed,crn:v1:bluemix:public:quantum-computing:us-east:a/8fd6ad12bccb4470bdbdbf3df0f65389:3a1a1f3e-2262-4790-867a-fe146c2f7f2d::,us-east,job,2026-02-09T10:35:30.770Z,2026-02-09T10:39:15.773Z,ibm_fez,3,Javier Romero Álvarez,,8fd6ad12bccb4470bdbdbf3df0f65389
d64r46btraac73birkc0,canceled,crn:v1:bluemix:public:quantum-computing:us-east:a/8fd6ad12bccb4470bdbdbf3df0f65389:3a1a1f3e-2262-4790-867a-fe146c2f7f2d::,us-east,job,2026-02-09T10:08:25.388Z,2026-02-09T10:08:42.272Z,ibm_fez,0,Javier Romero Álvarez,,8fd6ad12bccb4470bdbdbf3df0f65389
d64r467s6ggc73fjgrlg,canceled,crn:v1:bluemix:public:quantum-computing:us-east:a/8fd6ad12bccb4470bdbdbf3df0f65389:3a1a1f3e-2262-4790-867a-fe146c2f7f2d::,us-east,job,2026-02-09T10:08:24.317Z,2026-02-09T10:08:54.128Z,ibm_fez,0,Javier Romero Álvarez,,8fd6ad12bccb4470bdbdbf3df0f65389
d64r44io8gvs73f4tm10,canceled,crn:v1:bluemix:public:quantum-computing:us-east:a/8fd6ad12bccb4470bdbdbf3df0f65389:3a1a1f3e-2262-4790-867a-fe146c2f7f2d::,us-east,job,2026-02-09T10:08:19.010Z,2026-02-09T10:08:57.231Z,ibm_fez,0,Javier Romero Álvarez,,8fd6ad12bccb4470bdbdbf3df0f65389
d60s459mvbjc73ae1h20,completed,crn:v1:bluemix:public:quantum-computing:us-east:a/8fd6ad12bccb4470bdbdbf3df0f65389:3a1a1f3e-2262-4790-867a-fe146c2f7f2d::,us-east,job,2026-02-03T09:38:29.444Z,2026-02-03T09:38:44.869Z,ibm_fez,11,Javier Romero Álvarez,,8fd6ad12bccb4470bdbdbf3df0f65389
d60s41d7fc0s73avihsg,completed,crn:v1:bluemix:public:quantum-computing:us-east:a/8fd6ad12bccb4470bdbdbf3df0f65389:3a1a1f3e-2262-4790-867a-fe146c2f7f2d::,us-east,job,2026-02-03T09:38:13.146Z,2026-02-03T09:38:27.979Z,ibm_fez,11,Javier Romero Álvarez,,8fd6ad12bccb4470bdbdbf3df0f65389
d60s3t1mvbjc73ae1gp0,completed,crn:v1:bluemix:public:quantum-computing:us-east:a/8fd6ad12bccb4470bdbdbf3df0f65389:3a1a1f3e-2262-4790-867a-fe146c2f7f2d::,us-east,job,2026-02-03T09:37:56.335Z,2026-02-03T09:38:11.406Z,ibm_fez,11,Javier Romero Álvarez,,8fd6ad12bccb4470bdbdbf3df0f65389
d60s3p1mvbjc73ae1gjg,completed,crn:v1:bluemix:public:quantum-computing:us-east:a/8fd6ad12bccb4470bdbdbf3df0f65389:3a1a1f3e-2262-4790-867a-fe146c2f7f2d::,us-east,job,2026-02-03T09:37:40.145Z,2026-02-03T09:37:55.115Z,ibm_fez,11,Javier Romero Álvarez,,8fd6ad12bccb4470bdbdbf3df0f65389
d60s3kqbju6s73bddo3g,completed,crn:v1:bluemix:public:quantum-computing:us-east:a/8fd6ad12bccb4470bdbdbf3df0f65389:3a1a1f3e-2262-4790-867a-fe146c2f7f2d::,us-east,job,2026-02-03T09:37:23.448Z,2026-02-03T09:37:38.753Z,ibm_fez,11,Javier Romero Álvarez,,8fd6ad12bccb4470bdbdbf3df0f65389
d60s3gqbju6s73bddnsg,completed,crn:v1:bluemix:public:quantum-computing:us-east:a/8fd6ad12bccb4470bdbdbf3df0f65389:3a1a1f3e-2262-4790-867a-fe146c2f7f2d::,us-east,job,2026-02-03T09:37:07.225Z,2026-02-03T09:37:22.224Z,ibm_fez,11,Javier Romero Álvarez,,8fd6ad12bccb4470bdbdbf3df0f65389
d60s3chmvbjc73ae1g70,completed,crn:v1:bluemix:public:quantum-computing:us-east:a/8fd6ad12bccb4470bdbdbf3df0f65389:3a1a1f3e-2262-4790-867a-fe146c2f7f2d::,us-east,job,2026-02-03T09:36:50.251Z,2026-02-03T09:37:05.555Z,ibm_fez,11,Javier Romero Álvarez,,8fd6ad12bccb4470bdbdbf3df0f65389
d60s389mvbjc73ae1g2g,completed,crn:v1:bluemix:public:quantum-computing:us-east:a/8fd6ad12bccb4470bdbdbf3df0f65389:3a1a1f3e-2262-4790-867a-fe146c2f7f2d::,us-east,job,2026-02-03T09:36:33.745Z,2026-02-03T09:36:49.041Z,ibm_fez,11,Javier Romero Álvarez,,8fd6ad12bccb4470bdbdbf3df0f65389
d60s3457fc0s73avigr0,completed,crn:v1:bluemix:public:quantum-computing:us-east:a/8fd6ad12bccb4470bdbdbf3df0f65389:3a1a1f3e-2262-4790-867a-fe146c2f7f2d::,us-east,job,2026-02-03T09:36:17.182Z,2026-02-03T09:36:32.468Z,ibm_fez,11,Javier Romero Álvarez,,8fd6ad12bccb4470bdbdbf3df0f65389
d60s1f1mvbjc73ae1e70,completed,crn:v1:bluemix:public:quantum-computing:us-east:a/8fd6ad12bccb4470bdbdbf3df0f65389:3a1a1f3e-2262-4790-867a-fe146c2f7f2d::,us-east,job,2026-02-03T09:32:44.409Z,2026-02-03T09:36:15.572Z,ibm_fez,12,Javier Romero Álvarez,,8fd6ad12bccb4470bdbdbf3df0f65389
d5l1tskjt3vs73dt2v40,completed,crn:v1:bluemix:public:quantum-computing:us-east:a/8fd6ad12bccb4470bdbdbf3df0f65389:3a1a1f3e-2262-4790-867a-fe146c2f7f2d::,us-east,job,2026-01-16T11:20:18.947Z,2026-01-16T11:36:43.118Z,ibm_fez,2,Javier Romero Álvarez,,8fd6ad12bccb4470bdbdbf3df0f65389
d5l1g2n853es738efua0,completed,crn:v1:bluemix:public:quantum-computing:us-east:a/8fd6ad12bccb4470bdbdbf3df0f65389:3a1a1f3e-2262-4790-867a-fe146c2f7f2d::,us-east,job,2026-01-16T10:50:50.950Z,2026-01-16T10:52:19.447Z,ibm_fez,2,Javier Romero Álvarez,,8fd6ad12bccb4470bdbdbf3df0f65389
d5gcsef67pic73841ktg,completed,crn:v1:bluemix:public:quantum-computing:us-east:a/8fd6ad12bccb4470bdbdbf3df0f65389:3a1a1f3e-2262-4790-867a-fe146c2f7f2d::,us-east,job,2026-01-09T09:45:29.942Z,2026-01-09T09:45:55.542Z,ibm_fez,4,Javier Romero Álvarez,,8fd6ad12bccb4470bdbdbf3df0f65389
d5gcddcpe0pc73akv11g,completed,crn:v1:bluemix:public:quantum-computing:us-east:a/8fd6ad12bccb4470bdbdbf3df0f65389:3a1a1f3e-2262-4790-867a-fe146c2f7f2d::,us-east,job,2026-01-09T09:13:25.119Z,2026-01-09T09:33:13.688Z,ibm_fez,4,Javier Romero Álvarez,,8fd6ad12bccb4470bdbdbf3df0f65389
d5gcbtigim5s73agiof0,completed,crn:v1:bluemix:public:quantum-computing:us-east:a/8fd6ad12bccb4470bdbdbf3df0f65389:3a1a1f3e-2262-4790-867a-fe146c2f7f2d::,us-east,job,2026-01-09T09:10:14.367Z,2026-01-09T09:10:27.772Z,ibm_fez,5,Javier Romero Álvarez,,8fd6ad12bccb4470bdbdbf3df0f65389
d50kh3uaec6c738thveg,completed,crn:v1:bluemix:public:quantum-computing:us-east:a/8fd6ad12bccb4470bdbdbf3df0f65389:3a1a1f3e-2262-4790-867a-fe146c2f7f2d::,us-east,job,2025-12-16T11:54:55.469Z,2025-12-16T11:55:01.247Z,ibm_torino,2,Javier Romero Álvarez,,8fd6ad12bccb4470bdbdbf3df0f65389
d50kfb5eastc73cjcr4g,completed,crn:v1:bluemix:public:quantum-computing:us-east:a/8fd6ad12bccb4470bdbdbf3df0f65389:3a1a1f3e-2262-4790-867a-fe146c2f7f2d::,us-east,job,2025-12-16T11:51:09.023Z,2025-12-16T11:51:13.098Z,ibm_torino,2,Javier Romero Álvarez,,8fd6ad12bccb4470bdbdbf3df0f65389
d50kfasgk3fc73b051m0,completed,crn:v1:bluemix:public:quantum-computing:us-east:a/8fd6ad12bccb4470bdbdbf3df0f65389:3a1a1f3e-2262-4790-867a-fe146c2f7f2d::,us-east,job,2025-12-16T11:51:07.634Z,2025-12-16T11:51:11.802Z,ibm_torino,2,Javier Romero Álvarez,,8fd6ad12bccb4470bdbdbf3df0f65389
d50kf9uaec6c738thtm0,completed,crn:v1:bluemix:public:quantum-computing:us-east:a/8fd6ad12bccb4470bdbdbf3df0f65389:3a1a1f3e-2262-4790-867a-fe146c2f7f2d::,us-east,job,2025-12-16T11:51:03.699Z,2025-12-16T11:51:09.557Z,ibm_torino,2,Javier Romero Álvarez,,8fd6ad12bccb4470bdbdbf3df0f65389
d50kf9maec6c738thtlg,completed,crn:v1:bluemix:public:quantum-computing:us-east:a/8fd6ad12bccb4470bdbdbf3df0f65389:3a1a1f3e-2262-4790-867a-fe146c2f7f2d::,us-east,job,2025-12-16T11:51:03.027Z,2025-12-16T11:51:08.116Z,ibm_torino,2,Javier Romero Álvarez,,8fd6ad12bccb4470bdbdbf3df0f65389
d50kf9leastc73cjcr2g,completed,crn:v1:bluemix:public:quantum-computing:us-east:a/8fd6ad12bccb4470bdbdbf3df0f65389:3a1a1f3e-2262-4790-867a-fe146c2f7f2d::,us-east,job,2025-12-16T11:51:02.291Z,2025-12-16T11:51:06.480Z,ibm_torino,2,Javier Romero Álvarez,,8fd6ad12bccb4470bdbdbf3df0f65389
d50kcpkgk3fc73b04v10,completed,crn:v1:bluemix:public:quantum-computing:us-east:a/8fd6ad12bccb4470bdbdbf3df0f65389:3a1a1f3e-2262-4790-867a-fe146c2f7f2d::,us-east,job,2025-12-16T11:45:42.345Z,2025-12-16T11:45:46.686Z,ibm_torino,2,Javier Romero Álvarez,,8fd6ad12bccb4470bdbdbf3df0f65389
d50kcieaec6c738thqqg,completed,crn:v1:bluemix:public:quantum-computing:us-east:a/8fd6ad12bccb4470bdbdbf3df0f65389:3a1a1f3e-2262-4790-867a-fe146c2f7f2d::,us-east,job,2025-12-16T11:45:13.660Z,2025-12-16T11:45:18.014Z,ibm_torino,2,Javier Romero Álvarez,,8fd6ad12bccb4470bdbdbf3df0f65389
d50kci5eastc73cjco80,completed,crn:v1:bluemix:public:quantum-computing:us-east:a/8fd6ad12bccb4470bdbdbf3df0f65389:3a1a1f3e-2262-4790-867a-fe146c2f7f2d::,us-east,job,2025-12-16T11:45:12.351Z,2025-12-16T11:45:16.502Z,ibm_torino,2,Javier Romero Álvarez,,8fd6ad12bccb4470bdbdbf3df0f65389
d50kchmaec6c738thqp0,completed,crn:v1:bluemix:public:quantum-computing:us-east:a/8fd6ad12bccb4470bdbdbf3df0f65389:3a1a1f3e-2262-4790-867a-fe146c2f7f2d::,us-east,job,2025-12-16T11:45:11.006Z,2025-12-16T11:45:14.806Z,ibm_torino,2,Javier Romero Álvarez,,8fd6ad12bccb4470bdbdbf3df0f65389
d50kcgng0u6s73dbukfg,completed,crn:v1:bluemix:public:quantum-computing:us-east:a/8fd6ad12bccb4470bdbdbf3df0f65389:3a1a1f3e-2262-4790-867a-fe146c2f7f2d::,us-east,job,2025-12-16T11:45:06.869Z,2025-12-16T11:45:12.843Z,ibm_torino,2,Javier Romero Álvarez,,8fd6ad12bccb4470bdbdbf3df0f65389
d50kcgleastc73cjco6g,completed,crn:v1:bluemix:public:quantum-computing:us-east:a/8fd6ad12bccb4470bdbdbf3df0f65389:3a1a1f3e-2262-4790-867a-fe146c2f7f2d::,us-east,job,2025-12-16T11:45:06.257Z,2025-12-16T11:45:11.438Z,ibm_torino,2,Javier Romero Álvarez,,8fd6ad12bccb4470bdbdbf3df0f65389
d50kcgfg0u6s73dbukeg,completed,crn:v1:bluemix:public:quantum-computing:us-east:a/8fd6ad12bccb4470bdbdbf3df0f65389:3a1a1f3e-2262-4790-867a-fe146c2f7f2d::,us-east,job,2025-12-16T11:45:05.496Z,2025-12-16T11:45:09.957Z,ibm_torino,2,Javier Romero Álvarez,,8fd6ad12bccb4470bdbdbf3df0f65389
d4pcqf45fjns73cv7s0g,completed,crn:v1:bluemix:public:quantum-computing:us-east:a/8fd6ad12bccb4470bdbdbf3df0f65389:3a1a1f3e-2262-4790-867a-fe146c2f7f2d::,us-east,job,2025-12-05T12:17:00.149Z,2025-12-05T12:18:37.609Z,ibm_fez,4,Javier Romero Álvarez,,8fd6ad12bccb4470bdbdbf3df0f65389
d4pcqbrher1c73ba3s1g,completed,crn:v1:bluemix:public:quantum-computing:us-east:a/8fd6ad12bccb4470bdbdbf3df0f65389:3a1a1f3e-2262-4790-867a-fe146c2f7f2d::,us-east,job,2025-12-05T12:16:47.833Z,2025-12-05T12:18:33.984Z,ibm_fez,4,Javier Romero Álvarez,,8fd6ad12bccb4470bdbdbf3df0f65389
d4pcq8jher1c73ba3ru0,completed,crn:v1:bluemix:public:quantum-computing:us-east:a/8fd6ad12bccb4470bdbdbf3df0f65389:3a1a1f3e-2262-4790-867a-fe146c2f7f2d::,us-east,job,2025-12-05T12:16:34.671Z,2025-12-05T12:18:30.249Z,ibm_fez,4,Javier Romero Álvarez,,8fd6ad12bccb4470bdbdbf3df0f65389
d4pcobkfitbs739frm5g,completed,crn:v1:bluemix:public:quantum-computing:us-east:a/8fd6ad12bccb4470bdbdbf3df0f65389:3a1a1f3e-2262-4790-867a-fe146c2f7f2d::,us-east,job,2025-12-05T12:12:30.452Z,2025-12-05T12:12:48.480Z,ibm_fez,4,Javier Romero Álvarez,,8fd6ad12bccb4470bdbdbf3df0f65389
d4pco8cfitbs739frm20,completed,crn:v1:bluemix:public:quantum-computing:us-east:a/8fd6ad12bccb4470bdbdbf3df0f65389:3a1a1f3e-2262-4790-867a-fe146c2f7f2d::,us-east,job,2025-12-05T12:12:17.918Z,2025-12-05T12:12:43.557Z,ibm_fez,4,Javier Romero Álvarez,,8fd6ad12bccb4470bdbdbf3df0f65389
d4pco53her1c73ba3pmg,completed,crn:v1:bluemix:public:quantum-computing:us-east:a/8fd6ad12bccb4470bdbdbf3df0f65389:3a1a1f3e-2262-4790-867a-fe146c2f7f2d::,us-east,job,2025-12-05T12:12:04.953Z,2025-12-05T12:12:39.387Z,ibm_fez,4,Javier Romero Álvarez,,8fd6ad12bccb4470bdbdbf3df0f65389
d4pci3k5fjns73cv7jq0,completed,crn:v1:bluemix:public:quantum-computing:us-east:a/8fd6ad12bccb4470bdbdbf3df0f65389:3a1a1f3e-2262-4790-867a-fe146c2f7f2d::,us-east,job,2025-12-05T11:59:10.701Z,2025-12-05T12:05:41.592Z,ibm_fez,4,Javier Romero Álvarez,,8fd6ad12bccb4470bdbdbf3df0f65389
d4pci0nt3pms739624t0,completed,crn:v1:bluemix:public:quantum-computing:us-east:a/8fd6ad12bccb4470bdbdbf3df0f65389:3a1a1f3e-2262-4790-867a-fe146c2f7f2d::,us-east,job,2025-12-05T11:58:58.429Z,2025-12-05T12:05:38.007Z,ibm_fez,4,Javier Romero Álvarez,,8fd6ad12bccb4470bdbdbf3df0f65389
d4pcht3her1c73ba3j90,completed,crn:v1:bluemix:public:quantum-computing:us-east:a/8fd6ad12bccb4470bdbdbf3df0f65389:3a1a1f3e-2262-4790-867a-fe146c2f7f2d::,us-east,job,2025-12-05T11:58:44.819Z,2025-12-05T12:05:34.736Z,ibm_fez,4,Javier Romero Álvarez,,8fd6ad12bccb4470bdbdbf3df0f65389
d4paq7rher1c73ba1png,completed,crn:v1:bluemix:public:quantum-computing:us-east:a/8fd6ad12bccb4470bdbdbf3df0f65389:3a1a1f3e-2262-4790-867a-fe146c2f7f2d::,us-east,job,2025-12-05T09:59:59.534Z,2025-12-05T10:00:07.471Z,ibm_fez,4,Javier Romero Álvarez,,8fd6ad12bccb4470bdbdbf3df0f65389
d4paq4s5fjns73cv5r0g,completed,crn:v1:bluemix:public:quantum-computing:us-east:a/8fd6ad12bccb4470bdbdbf3df0f65389:3a1a1f3e-2262-4790-867a-fe146c2f7f2d::,us-east,job,2025-12-05T09:59:47.246Z,2025-12-05T09:59:54.566Z,ibm_fez,4,Javier Romero Álvarez,,8fd6ad12bccb4470bdbdbf3df0f65389
d4pao3cfitbs739fpmgg,completed,crn:v1:bluemix:public:quantum-computing:us-east:a/8fd6ad12bccb4470bdbdbf3df0f65389:3a1a1f3e-2262-4790-867a-fe146c2f7f2d::,us-east,job,2025-12-05T09:55:25.432Z,2025-12-05T09:55:47.431Z,ibm_fez,4,Javier Romero Álvarez,,8fd6ad12bccb4470bdbdbf3df0f65389
d4pao0bher1c73ba1nh0,completed,crn:v1:bluemix:public:quantum-computing:us-east:a/8fd6ad12bccb4470bdbdbf3df0f65389:3a1a1f3e-2262-4790-867a-fe146c2f7f2d::,us-east,job,2025-12-05T09:55:13.109Z,2025-12-05T09:55:43.689Z,ibm_fez,5,Javier Romero Álvarez,,8fd6ad12bccb4470bdbdbf3df0f65389
d4pamo3her1c73ba1ma0,completed,crn:v1:bluemix:public:quantum-computing:us-east:a/8fd6ad12bccb4470bdbdbf3df0f65389:3a1a1f3e-2262-4790-867a-fe146c2f7f2d::,us-east,job,2025-12-05T09:52:32.381Z,2025-12-05T09:52:39.416Z,ibm_fez,4,Javier Romero Álvarez,,8fd6ad12bccb4470bdbdbf3df0f65389
d4pamksfitbs739fpl60,completed,crn:v1:bluemix:public:quantum-computing:us-east:a/8fd6ad12bccb4470bdbdbf3df0f65389:3a1a1f3e-2262-4790-867a-fe146c2f7f2d::,us-east,job,2025-12-05T09:52:19.545Z,2025-12-05T09:52:26.377Z,ibm_fez,4,Javier Romero Álvarez,,8fd6ad12bccb4470bdbdbf3df0f65389
d4pamhjher1c73ba1m40,completed,crn:v1:bluemix:public:quantum-computing:us-east:a/8fd6ad12bccb4470bdbdbf3df0f65389:3a1a1f3e-2262-4790-867a-fe146c2f7f2d::,us-east,job,2025-12-05T09:52:06.633Z,2025-12-05T09:52:13.890Z,ibm_fez,4,Javier Romero Álvarez,,8fd6ad12bccb4470bdbdbf3df0f65389
d4pal845fjns73cv5ma0,completed,crn:v1:bluemix:public:quantum-computing:us-east:a/8fd6ad12bccb4470bdbdbf3df0f65389:3a1a1f3e-2262-4790-867a-fe146c2f7f2d::,us-east,job,2025-12-05T09:49:20.740Z,2025-12-05T09:49:27.813Z,ibm_fez,4,Javier Romero Álvarez,,8fd6ad12bccb4470bdbdbf3df0f65389
d4pal53her1c73ba1km0,completed,crn:v1:bluemix:public:quantum-computing:us-east:a/8fd6ad12bccb4470bdbdbf3df0f65389:3a1a1f3e-2262-4790-867a-fe146c2f7f2d::,us-east,job,2025-12-05T09:49:08.455Z,2025-12-05T09:49:15.594Z,ibm_fez,4,Javier Romero Álvarez,,8fd6ad12bccb4470bdbdbf3df0f65389
d4pal1vt3pms73960ang,completed,crn:v1:bluemix:public:quantum-computing:us-east:a/8fd6ad12bccb4470bdbdbf3df0f65389:3a1a1f3e-2262-4790-867a-fe146c2f7f2d::,us-east,job,2025-12-05T09:48:55.960Z,2025-12-05T09:49:03.030Z,ibm_fez,4,Javier Romero Álvarez,,8fd6ad12bccb4470bdbdbf3df0f65389
d4pakukfitbs739fpjhg,completed,crn:v1:bluemix:public:quantum-computing:us-east:a/8fd6ad12bccb4470bdbdbf3df0f65389:3a1a1f3e-2262-4790-867a-fe146c2f7f2d::,us-east,job,2025-12-05T09:48:42.781Z,2025-12-05T09:48:49.736Z,ibm_fez,4,Javier Romero Álvarez,,8fd6ad12bccb4470bdbdbf3df0f65389
d4pabh3her1c73ba1b70,completed,crn:v1:bluemix:public:quantum-computing:us-east:a/8fd6ad12bccb4470bdbdbf3df0f65389:3a1a1f3e-2262-4790-867a-fe146c2f7f2d::,us-east,job,2025-12-05T09:28:36.114Z,2025-12-05T09:28:44.991Z,ibm_torino,4,Javier Romero Álvarez,,8fd6ad12bccb4470bdbdbf3df0f65389
d4pabdrher1c73ba1b30,completed,crn:v1:bluemix:public:quantum-computing:us-east:a/8fd6ad12bccb4470bdbdbf3df0f65389:3a1a1f3e-2262-4790-867a-fe146c2f7f2d::,us-east,job,2025-12-05T09:28:23.928Z,2025-12-05T09:28:32.375Z,ibm_torino,4,Javier Romero Álvarez,,8fd6ad12bccb4470bdbdbf3df0f65389
d4pabarher1c73ba1b00,completed,crn:v1:bluemix:public:quantum-computing:us-east:a/8fd6ad12bccb4470bdbdbf3df0f65389:3a1a1f3e-2262-4790-867a-fe146c2f7f2d::,us-east,job,2025-12-05T09:28:11.034Z,2025-12-05T09:28:19.872Z,ibm_torino,4,Javier Romero Álvarez,,8fd6ad12bccb4470bdbdbf3df0f65389
d4pa9k7t3pms7396006g,completed,crn:v1:bluemix:public:quantum-computing:us-east:a/8fd6ad12bccb4470bdbdbf3df0f65389:3a1a1f3e-2262-4790-867a-fe146c2f7f2d::,us-east,job,2025-12-05T09:24:32.940Z,2025-12-05T09:24:39.603Z,ibm_torino,4,Javier Romero Álvarez,,8fd6ad12bccb4470bdbdbf3df0f65389
d4pa9h3her1c73ba1940,completed,crn:v1:bluemix:public:quantum-computing:us-east:a/8fd6ad12bccb4470bdbdbf3df0f65389:3a1a1f3e-2262-4790-867a-fe146c2f7f2d::,us-east,job,2025-12-05T09:24:20.685Z,2025-12-05T09:24:27.175Z,ibm_torino,4,Javier Romero Álvarez,,8fd6ad12bccb4470bdbdbf3df0f65389
d4pa9ds5fjns73cv5b70,completed,crn:v1:bluemix:public:quantum-computing:us-east:a/8fd6ad12bccb4470bdbdbf3df0f65389:3a1a1f3e-2262-4790-867a-fe146c2f7f2d::,us-east,job,2025-12-05T09:24:07.662Z,2025-12-05T09:24:14.194Z,ibm_torino,4,Javier Romero Álvarez,,8fd6ad12bccb4470bdbdbf3df0f65389
d4pa7u4fitbs739fp7i0,completed,crn:v1:bluemix:public:quantum-computing:us-east:a/8fd6ad12bccb4470bdbdbf3df0f65389:3a1a1f3e-2262-4790-867a-fe146c2f7f2d::,us-east,job,2025-12-05T09:20:57.015Z,2025-12-05T09:21:04.363Z,ibm_torino,4,Javier Romero Álvarez,,8fd6ad12bccb4470bdbdbf3df0f65389
d4pa653her1c73ba15s0,canceled,crn:v1:bluemix:public:quantum-computing:us-east:a/8fd6ad12bccb4470bdbdbf3df0f65389:3a1a1f3e-2262-4790-867a-fe146c2f7f2d::,us-east,job,2025-12-05T09:17:08.647Z,2025-12-05T09:18:38.116Z,ibm_fez,0,Javier Romero Álvarez,,8fd6ad12bccb4470bdbdbf3df0f65389
d4pa627t3pms7395vt00,canceled,crn:v1:bluemix:public:quantum-computing:us-east:a/8fd6ad12bccb4470bdbdbf3df0f65389:3a1a1f3e-2262-4790-867a-fe146c2f7f2d::,us-east,job,2025-12-05T09:16:56.393Z,2025-12-05T09:18:40.513Z,ibm_fez,0,Javier Romero Álvarez,,8fd6ad12bccb4470bdbdbf3df0f65389
d4pa5us5fjns73cv580g,canceled,crn:v1:bluemix:public:quantum-computing:us-east:a/8fd6ad12bccb4470bdbdbf3df0f65389:3a1a1f3e-2262-4790-867a-fe146c2f7f2d::,us-east,job,2025-12-05T09:16:43.769Z,2025-12-05T09:18:43.576Z,ibm_fez,0,Javier Romero Álvarez,,8fd6ad12bccb4470bdbdbf3df0f65389
d4p9nd45fjns73cv4r00,completed,crn:v1:bluemix:public:quantum-computing:us-east:a/8fd6ad12bccb4470bdbdbf3df0f65389:3a1a1f3e-2262-4790-867a-fe146c2f7f2d::,us-east,job,2025-12-05T08:45:40.189Z,2025-12-05T08:52:48.627Z,ibm_fez,4,Javier Romero Álvarez,,8fd6ad12bccb4470bdbdbf3df0f65389
d4p9n9rher1c73ba0odg,completed,crn:v1:bluemix:public:quantum-computing:us-east:a/8fd6ad12bccb4470bdbdbf3df0f65389:3a1a1f3e-2262-4790-867a-fe146c2f7f2d::,us-east,job,2025-12-05T08:45:27.117Z,2025-12-05T08:52:44.845Z,ibm_fez,4,Javier Romero Álvarez,,8fd6ad12bccb4470bdbdbf3df0f65389
d4p9n6nt3pms7395vfng,completed,crn:v1:bluemix:public:quantum-computing:us-east:a/8fd6ad12bccb4470bdbdbf3df0f65389:3a1a1f3e-2262-4790-867a-fe146c2f7f2d::,us-east,job,2025-12-05T08:45:14.411Z,2025-12-05T08:52:41.262Z,ibm_fez,4,Javier Romero Álvarez,,8fd6ad12bccb4470bdbdbf3df0f65389
d4onkekfitbs739f67i0,completed,crn:v1:bluemix:public:quantum-computing:us-east:a/8fd6ad12bccb4470bdbdbf3df0f65389:3a1a1f3e-2262-4790-867a-fe146c2f7f2d::,us-east,job,2025-12-04T12:10:34.791Z,2025-12-04T19:25:38.023Z,ibm_torino,4,Javier Romero Álvarez,,8fd6ad12bccb4470bdbdbf3df0f65389
d4onkbjher1c73b9dcm0,completed,crn:v1:bluemix:public:quantum-computing:us-east:a/8fd6ad12bccb4470bdbdbf3df0f65389:3a1a1f3e-2262-4790-867a-fe146c2f7f2d::,us-east,job,2025-12-04T12:10:22.719Z,2025-12-04T19:25:35.682Z,ibm_torino,4,Javier Romero Álvarez,,8fd6ad12bccb4470bdbdbf3df0f65389
d4on47rher1c73b9creg,completed,crn:v1:bluemix:public:quantum-computing:us-east:a/8fd6ad12bccb4470bdbdbf3df0f65389:3a1a1f3e-2262-4790-867a-fe146c2f7f2d::,us-east,job,2025-12-04T11:35:59.216Z,2025-12-04T11:36:25.457Z,ibm_fez,4,Javier Romero Álvarez,,8fd6ad12bccb4470bdbdbf3df0f65389
d4on44nt3pms7395csf0,completed,crn:v1:bluemix:public:quantum-computing:us-east:a/8fd6ad12bccb4470bdbdbf3df0f65389:3a1a1f3e-2262-4790-867a-fe146c2f7f2d::,us-east,job,2025-12-04T11:35:46.877Z,2025-12-04T11:36:05.380Z,ibm_fez,5,Javier Romero Álvarez,,8fd6ad12bccb4470bdbdbf3df0f65389
d4on41rher1c73b9cr70,completed,crn:v1:bluemix:public:quantum-computing:us-east:a/8fd6ad12bccb4470bdbdbf3df0f65389:3a1a1f3e-2262-4790-867a-fe146c2f7f2d::,us-east,job,2025-12-04T11:35:35.045Z,2025-12-04T11:35:46.827Z,ibm_fez,4,Javier Romero Álvarez,,8fd6ad12bccb4470bdbdbf3df0f65389
d4on2frher1c73b9cpng,completed,crn:v1:bluemix:public:quantum-computing:us-east:a/8fd6ad12bccb4470bdbdbf3df0f65389:3a1a1f3e-2262-4790-867a-fe146c2f7f2d::,us-east,job,2025-12-04T11:32:15.926Z,2025-12-04T11:32:26.465Z,ibm_fez,4,Javier Romero Álvarez,,8fd6ad12bccb4470bdbdbf3df0f65389
d4on2crher1c73b9cpjg,completed,crn:v1:bluemix:public:quantum-computing:us-east:a/8fd6ad12bccb4470bdbdbf3df0f65389:3a1a1f3e-2262-4790-867a-fe146c2f7f2d::,us-east,job,2025-12-04T11:32:03.881Z,2025-12-04T11:32:22.990Z,ibm_fez,4,Javier Romero Álvarez,,8fd6ad12bccb4470bdbdbf3df0f65389
d4on29s5fjns73cuh9l0,completed,crn:v1:bluemix:public:quantum-computing:us-east:a/8fd6ad12bccb4470bdbdbf3df0f65389:3a1a1f3e-2262-4790-867a-fe146c2f7f2d::,us-east,job,2025-12-04T11:31:51.359Z,2025-12-04T11:32:09.761Z,ibm_fez,4,Javier Romero Álvarez,,8fd6ad12bccb4470bdbdbf3df0f65389
d4on26jher1c73b9cpbg,completed,crn:v1:bluemix:public:quantum-computing:us-east:a/8fd6ad12bccb4470bdbdbf3df0f65389:3a1a1f3e-2262-4790-867a-fe146c2f7f2d::,us-east,job,2025-12-04T11:31:38.767Z,2025-12-04T11:31:52.439Z,ibm_fez,4,Javier Romero Álvarez,,8fd6ad12bccb4470bdbdbf3df0f65389
d4omn545fjns73cugv5g,completed,crn:v1:bluemix:public:quantum-computing:us-east:a/8fd6ad12bccb4470bdbdbf3df0f65389:3a1a1f3e-2262-4790-867a-fe146c2f7f2d::,us-east,job,2025-12-04T11:08:04.410Z,2025-12-04T11:28:07.824Z,ibm_fez,5,Javier Romero Álvarez,,8fd6ad12bccb4470bdbdbf3df0f65389
d4omn1rher1c73b9ce6g,completed,crn:v1:bluemix:public:quantum-computing:us-east:a/8fd6ad12bccb4470bdbdbf3df0f65389:3a1a1f3e-2262-4790-867a-fe146c2f7f2d::,us-east,job,2025-12-04T11:07:51.781Z,2025-12-04T11:28:02.003Z,ibm_fez,8,Javier Romero Álvarez,,8fd6ad12bccb4470bdbdbf3df0f65389
d4omi57t3pms7395caqg,completed,crn:v1:bluemix:public:quantum-computing:us-east:a/8fd6ad12bccb4470bdbdbf3df0f65389:3a1a1f3e-2262-4790-867a-fe146c2f7f2d::,us-east,job,2025-12-04T10:57:24.263Z,2025-12-04T10:57:58.780Z,ibm_fez,4,Javier Romero Álvarez,,8fd6ad12bccb4470bdbdbf3df0f65389
d4jedeiv0j9c73e38ge0,completed,crn:v1:bluemix:public:quantum-computing:us-east:a/8fd6ad12bccb4470bdbdbf3df0f65389:3a1a1f3e-2262-4790-867a-fe146c2f7f2d::,us-east,job,2025-11-26T11:38:34.527Z,2025-11-26T11:38:38.862Z,ibm_fez,2,Javier Romero Álvarez,,8fd6ad12bccb4470bdbdbf3df0f65389
d4jedas3tdfc73dnd0vg,completed,crn:v1:bluemix:public:quantum-computing:us-east:a/8fd6ad12bccb4470bdbdbf3df0f65389:3a1a1f3e-2262-4790-867a-fe146c2f7f2d::,us-east,job,2025-11-26T11:38:19.630Z,2025-11-26T11:38:24.269Z,ibm_fez,2,Javier Romero Álvarez,,8fd6ad12bccb4470bdbdbf3df0f65389
d4jebhh0i6jc73ddncb0,completed,crn:v1:bluemix:public:quantum-computing:us-east:a/8fd6ad12bccb4470bdbdbf3df0f65389:3a1a1f3e-2262-4790-867a-fe146c2f7f2d::,us-east,job,2025-11-26T11:34:30.579Z,2025-11-26T11:37:17.329Z,ibm_fez,2,Javier Romero Álvarez,,8fd6ad12bccb4470bdbdbf3df0f65389
d4jebds3tdfc73dncv30,completed,crn:v1:bluemix:public:quantum-computing:us-east:a/8fd6ad12bccb4470bdbdbf3df0f65389:3a1a1f3e-2262-4790-867a-fe146c2f7f2d::,us-east,job,2025-11-26T11:34:15.740Z,2025-11-26T11:37:15.849Z,ibm_fez,2,Javier Romero Álvarez,,8fd6ad12bccb4470bdbdbf3df0f65389
d4je8us3tdfc73dncsng,completed,crn:v1:bluemix:public:quantum-computing:us-east:a/8fd6ad12bccb4470bdbdbf3df0f65389:3a1a1f3e-2262-4790-867a-fe146c2f7f2d::,us-east,job,2025-11-26T11:28:59.438Z,2025-11-26T11:36:59.686Z,ibm_fez,2,Javier Romero Álvarez,,8fd6ad12bccb4470bdbdbf3df0f65389
d4je8qqv0j9c73e38c50,completed,crn:v1:bluemix:public:quantum-computing:us-east:a/8fd6ad12bccb4470bdbdbf3df0f65389:3a1a1f3e-2262-4790-867a-fe146c2f7f2d::,us-east,job,2025-11-26T11:28:43.660Z,2025-11-26T11:36:56.171Z,ibm_fez,2,Javier Romero Álvarez,,8fd6ad12bccb4470bdbdbf3df0f65389
d4je64h0i6jc73ddn7ag,completed,crn:v1:bluemix:public:quantum-computing:us-east:a/8fd6ad12bccb4470bdbdbf3df0f65389:3a1a1f3e-2262-4790-867a-fe146c2f7f2d::,us-east,job,2025-11-26T11:22:58.802Z,2025-11-26T11:36:55.462Z,ibm_fez,2,Javier Romero Álvarez,,8fd6ad12bccb4470bdbdbf3df0f65389
d4je60s3tdfc73dncq00,completed,crn:v1:bluemix:public:quantum-computing:us-east:a/8fd6ad12bccb4470bdbdbf3df0f65389:3a1a1f3e-2262-4790-867a-fe146c2f7f2d::,us-east,job,2025-11-26T11:22:43.915Z,2025-11-26T11:36:54.307Z,ibm_fez,2,Javier Romero Álvarez,,8fd6ad12bccb4470bdbdbf3df0f65389
d3p0gbjld2is73ffe0m0,completed,crn:v1:bluemix:public:quantum-computing:us-east:a/8fd6ad12bccb4470bdbdbf3df0f65389:3a1a1f3e-2262-4790-867a-fe146c2f7f2d::,us-east,job,2025-10-17T09:11:11.313Z,2025-10-17T09:13:23.862Z,ibm_torino,58,Javier Romero Álvarez,,8fd6ad12bccb4470bdbdbf3df0f65389
d3odb5rnquss73e4eh30,completed,crn:v1:bluemix:public:quantum-computing:us-east:a/8fd6ad12bccb4470bdbdbf3df0f65389:3a1a1f3e-2262-4790-867a-fe146c2f7f2d::,us-east,job,2025-10-16T11:23:03.937Z,2025-10-16T11:23:08.337Z,ibm_torino,2,Javier Romero Álvarez,,8fd6ad12bccb4470bdbdbf3df0f65389
d3nnn903qtks738eji5g,completed,crn:v1:bluemix:public:quantum-computing:us-east:a/8fd6ad12bccb4470bdbdbf3df0f65389:3a1a1f3e-2262-4790-867a-fe146c2f7f2d::,us-east,job,2025-10-15T10:47:00.312Z,2025-10-15T10:50:06.105Z,ibm_torino,32,Javier Romero Álvarez,,8fd6ad12bccb4470bdbdbf3df0f65389
d3nnd3hfk6qs73e95crg,completed,crn:v1:bluemix:public:quantum-computing:us-east:a/8fd6ad12bccb4470bdbdbf3df0f65389:3a1a1f3e-2262-4790-867a-fe146c2f7f2d::,us-east,job,2025-10-15T10:25:18.465Z,2025-10-15T10:25:48.310Z,ibm_torino,13,Javier Romero Álvarez,,8fd6ad12bccb4470bdbdbf3df0f65389
d3nn818dd19c73996md0,completed,crn:v1:bluemix:public:quantum-computing:us-east:a/8fd6ad12bccb4470bdbdbf3df0f65389:3a1a1f3e-2262-4790-867a-fe146c2f7f2d::,us-east,job,2025-10-15T10:14:29.100Z,2025-10-15T10:16:26.800Z,ibm_torino,6,Javier Romero Álvarez,,8fd6ad12bccb4470bdbdbf3df0f65389
d3nn63hfk6qs73e955ug,completed,crn:v1:bluemix:public:quantum-computing:us-east:a/8fd6ad12bccb4470bdbdbf3df0f65389:3a1a1f3e-2262-4790-867a-fe146c2f7f2d::,us-east,job,2025-10-15T10:10:22.790Z,2025-10-15T10:10:37.700Z,ibm_torino,4,Javier Romero Álvarez,,8fd6ad12bccb4470bdbdbf3df0f65389
d3nmuf1fk6qs73e94uf0,completed,crn:v1:bluemix:public:quantum-computing:us-east:a/8fd6ad12bccb4470bdbdbf3df0f65389:3a1a1f3e-2262-4790-867a-fe146c2f7f2d::,us-east,job,2025-10-15T09:54:04.528Z,2025-10-15T09:57:45.284Z,ibm_torino,4,Javier Romero Álvarez,,8fd6ad12bccb4470bdbdbf3df0f65389
d3nmfi34kkus739etk30,completed,crn:v1:bluemix:public:quantum-computing:us-east:a/8fd6ad12bccb4470bdbdbf3df0f65389:3a1a1f3e-2262-4790-867a-fe146c2f7f2d::,us-east,job,2025-10-15T09:22:16.409Z,2025-10-15T09:24:59.311Z,ibm_torino,7,Javier Romero Álvarez,,8fd6ad12bccb4470bdbdbf3df0f65389
d3nm7c8dd19c73995mvg,completed,crn:v1:bluemix:public:quantum-computing:us-east:a/8fd6ad12bccb4470bdbdbf3df0f65389:3a1a1f3e-2262-4790-867a-fe146c2f7f2d::,us-east,job,2025-10-15T09:04:49.449Z,2025-10-15T09:06:56.664Z,ibm_torino,3,Javier Romero Álvarez,,8fd6ad12bccb4470bdbdbf3df0f65389
d3nm38gdd19c73995il0,completed,crn:v1:bluemix:public:quantum-computing:us-east:a/8fd6ad12bccb4470bdbdbf3df0f65389:3a1a1f3e-2262-4790-867a-fe146c2f7f2d::,us-east,job,2025-10-15T08:56:02.471Z,2025-10-15T08:56:10.071Z,ibm_torino,3,Javier Romero Álvarez,,8fd6ad12bccb4470bdbdbf3df0f65389
d3nlnho3qtks738ehg80,completed,crn:v1:bluemix:public:quantum-computing:us-east:a/8fd6ad12bccb4470bdbdbf3df0f65389:3a1a1f3e-2262-4790-867a-fe146c2f7f2d::,us-east,job,2025-10-15T08:31:03.428Z,2025-10-15T08:44:10.220Z,ibm_torino,2,Javier Romero Álvarez,,8fd6ad12bccb4470bdbdbf3df0f65389
d3nlghodd19c73994rlg,canceled,crn:v1:bluemix:public:quantum-computing:us-east:a/8fd6ad12bccb4470bdbdbf3df0f65389:3a1a1f3e-2262-4790-867a-fe146c2f7f2d::,us-east,job,2025-10-15T08:16:07.376Z,2025-10-15T08:29:33.693Z,ibm_torino,0,Javier Romero Álvarez,,8fd6ad12bccb4470bdbdbf3df0f65389
d3n26fodd19c7398hd30,completed,crn:v1:bluemix:public:quantum-computing:us-east:a/8fd6ad12bccb4470bdbdbf3df0f65389:3a1a1f3e-2262-4790-867a-fe146c2f7f2d::,us-east,job,2025-10-14T10:17:35.137Z,2025-10-14T10:17:39.943Z,ibm_torino,2,Javier Romero Álvarez,,8fd6ad12bccb4470bdbdbf3df0f65389
d3n17cr4kkus739e7uhg,completed,crn:v1:bluemix:public:quantum-computing:us-east:a/8fd6ad12bccb4470bdbdbf3df0f65389:3a1a1f3e-2262-4790-867a-fe146c2f7f2d::,us-east,job,2025-10-14T09:11:16.185Z,2025-10-14T09:13:32.398Z,ibm_torino,60,Javier Romero Álvarez,,8fd6ad12bccb4470bdbdbf3df0f65389
d3n0d9b4kkus739e7680,completed,crn:v1:bluemix:public:quantum-computing:us-east:a/8fd6ad12bccb4470bdbdbf3df0f65389:3a1a1f3e-2262-4790-867a-fe146c2f7f2d::,us-east,job,2025-10-14T08:15:33.877Z,2025-10-14T08:15:37.878Z,ibm_torino,2,Javier Romero Álvarez,,8fd6ad12bccb4470bdbdbf3df0f65389
d3n0d78dd19c7398fjsg,completed,crn:v1:bluemix:public:quantum-computing:us-east:a/8fd6ad12bccb4470bdbdbf3df0f65389:3a1a1f3e-2262-4790-867a-fe146c2f7f2d::,us-east,job,2025-10-14T08:15:25.992Z,2025-10-14T08:15:29.869Z,ibm_torino,2,Javier Romero Álvarez,,8fd6ad12bccb4470bdbdbf3df0f65389
d3n0d5gdd19c7398fjq0,completed,crn:v1:bluemix:public:quantum-computing:us-east:a/8fd6ad12bccb4470bdbdbf3df0f65389:3a1a1f3e-2262-4790-867a-fe146c2f7f2d::,us-east,job,2025-10-14T08:15:18.352Z,2025-10-14T08:15:22.172Z,ibm_torino,2,Javier Romero Álvarez,,8fd6ad12bccb4470bdbdbf3df0f65389
d3n0d383qtks738dru6g,completed,crn:v1:bluemix:public:quantum-computing:us-east:a/8fd6ad12bccb4470bdbdbf3df0f65389:3a1a1f3e-2262-4790-867a-fe146c2f7f2d::,us-east,job,2025-10-14T08:15:09.622Z,2025-10-14T08:15:14.027Z,ibm_torino,2,Javier Romero Álvarez,,8fd6ad12bccb4470bdbdbf3df0f65389
d3n0d0g3qtks738dru40,completed,crn:v1:bluemix:public:quantum-computing:us-east:a/8fd6ad12bccb4470bdbdbf3df0f65389:3a1a1f3e-2262-4790-867a-fe146c2f7f2d::,us-east,job,2025-10-14T08:14:58.721Z,2025-10-14T08:15:05.271Z,ibm_torino,4,Javier Romero Álvarez,,8fd6ad12bccb4470bdbdbf3df0f65389
d3n0afj4kkus739e73k0,failed,crn:v1:bluemix:public:quantum-computing:us-east:a/8fd6ad12bccb4470bdbdbf3df0f65389:3a1a1f3e-2262-4790-867a-fe146c2f7f2d::,us-east,job,2025-10-14T08:09:34.787Z,2025-10-14T08:09:38.417Z,ibm_torino,0,Javier Romero Álvarez,,8fd6ad12bccb4470bdbdbf3df0f65389
d3n0ad83qtks738drrl0,completed,crn:v1:bluemix:public:quantum-computing:us-east:a/8fd6ad12bccb4470bdbdbf3df0f65389:3a1a1f3e-2262-4790-867a-fe146c2f7f2d::,us-east,job,2025-10-14T08:09:25.496Z,2025-10-14T08:09:29.960Z,ibm_torino,2,Javier Romero Álvarez,,8fd6ad12bccb4470bdbdbf3df0f65389
d3n0aapfk6qs73e8e1kg,completed,crn:v1:bluemix:public:quantum-computing:us-east:a/8fd6ad12bccb4470bdbdbf3df0f65389:3a1a1f3e-2262-4790-867a-fe146c2f7f2d::,us-east,job,2025-10-14T08:09:15.793Z,2025-10-14T08:09:20.687Z,ibm_torino,2,Javier Romero Álvarez,,8fd6ad12bccb4470bdbdbf3df0f65389
d3kelk34kkus738dj45g,completed,crn:v1:bluemix:public:quantum-computing:us-east:a/8fd6ad12bccb4470bdbdbf3df0f65389:3a1a1f3e-2262-4790-867a-fe146c2f7f2d::,us-east,job,2025-10-10T11:15:29.016Z,2025-10-10T11:15:41.913Z,ibm_torino,2,Javier Romero Álvarez,,8fd6ad12bccb4470bdbdbf3df0f65389
d3kef8r4kkus738ditv0,completed,crn:v1:bluemix:public:quantum-computing:us-east:a/8fd6ad12bccb4470bdbdbf3df0f65389:3a1a1f3e-2262-4790-867a-fe146c2f7f2d::,us-east,job,2025-10-10T11:01:55.379Z,2025-10-10T11:01:59.402Z,ibm_torino,2,Javier Romero Álvarez,,8fd6ad12bccb4470bdbdbf3df0f65389
d3kef6o3qtks7389p5p0,completed,crn:v1:bluemix:public:quantum-computing:us-east:a/8fd6ad12bccb4470bdbdbf3df0f65389:3a1a1f3e-2262-4790-867a-fe146c2f7f2d::,us-east,job,2025-10-10T11:01:47.458Z,2025-10-10T11:01:51.556Z,ibm_torino,2,Javier Romero Álvarez,,8fd6ad12bccb4470bdbdbf3df0f65389
d3kef4o3qtks7389p5mg,completed,crn:v1:bluemix:public:quantum-computing:us-east:a/8fd6ad12bccb4470bdbdbf3df0f65389:3a1a1f3e-2262-4790-867a-fe146c2f7f2d::,us-east,job,2025-10-10T11:01:39.777Z,2025-10-10T11:01:43.610Z,ibm_torino,2,Javier Romero Álvarez,,8fd6ad12bccb4470bdbdbf3df0f65389
d3kef334kkus738ditp0,completed,crn:v1:bluemix:public:quantum-computing:us-east:a/8fd6ad12bccb4470bdbdbf3df0f65389:3a1a1f3e-2262-4790-867a-fe146c2f7f2d::,us-east,job,2025-10-10T11:01:32.459Z,2025-10-10T11:01:35.870Z,ibm_torino,2,Javier Romero Álvarez,,8fd6ad12bccb4470bdbdbf3df0f65389
d3kef19fk6qs73emf13g,completed,crn:v1:bluemix:public:quantum-computing:us-east:a/8fd6ad12bccb4470bdbdbf3df0f65389:3a1a1f3e-2262-4790-867a-fe146c2f7f2d::,us-east,job,2025-10-10T11:01:25.087Z,2025-10-10T11:01:28.684Z,ibm_torino,2,Javier Romero Álvarez,,8fd6ad12bccb4470bdbdbf3df0f65389
d3keev8dd19c738g5o9g,completed,crn:v1:bluemix:public:quantum-computing:us-east:a/8fd6ad12bccb4470bdbdbf3df0f65389:3a1a1f3e-2262-4790-867a-fe146c2f7f2d::,us-east,job,2025-10-10T11:01:17.217Z,2025-10-10T11:01:21.347Z,ibm_torino,2,Javier Romero Álvarez,,8fd6ad12bccb4470bdbdbf3df0f65389
d3keetb4kkus738ditjg,completed,crn:v1:bluemix:public:quantum-computing:us-east:a/8fd6ad12bccb4470bdbdbf3df0f65389:3a1a1f3e-2262-4790-867a-fe146c2f7f2d::,us-east,job,2025-10-10T11:01:09.285Z,2025-10-10T11:01:13.310Z,ibm_torino,2,Javier Romero Álvarez,,8fd6ad12bccb4470bdbdbf3df0f65389
d3ke82o3qtks7389ov4g,completed,crn:v1:bluemix:public:quantum-computing:us-east:a/8fd6ad12bccb4470bdbdbf3df0f65389:3a1a1f3e-2262-4790-867a-fe146c2f7f2d::,us-east,job,2025-10-10T10:46:35.109Z,2025-10-10T10:46:39.217Z,ibm_torino,2,Javier Romero Álvarez,,8fd6ad12bccb4470bdbdbf3df0f65389
d3ke80r4kkus738dimu0,completed,crn:v1:bluemix:public:quantum-computing:us-east:a/8fd6ad12bccb4470bdbdbf3df0f65389:3a1a1f3e-2262-4790-867a-fe146c2f7f2d::,us-east,job,2025-10-10T10:46:27.974Z,2025-10-10T10:46:31.433Z,ibm_torino,2,Javier Romero Álvarez,,8fd6ad12bccb4470bdbdbf3df0f65389
d3ke7v1fk6qs73emeqh0,completed,crn:v1:bluemix:public:quantum-computing:us-east:a/8fd6ad12bccb4470bdbdbf3df0f65389:3a1a1f3e-2262-4790-867a-fe146c2f7f2d::,us-east,job,2025-10-10T10:46:20.411Z,2025-10-10T10:46:24.279Z,ibm_torino,2,Javier Romero Álvarez,,8fd6ad12bccb4470bdbdbf3df0f65389
d3ke7t9fk6qs73emeqeg,completed,crn:v1:bluemix:public:quantum-computing:us-east:a/8fd6ad12bccb4470bdbdbf3df0f65389:3a1a1f3e-2262-4790-867a-fe146c2f7f2d::,us-east,job,2025-10-10T10:46:13.099Z,2025-10-10T10:46:16.623Z,ibm_torino,2,Javier Romero Álvarez,,8fd6ad12bccb4470bdbdbf3df0f65389
d3kdsaj4kkus738dian0,completed,crn:v1:bluemix:public:quantum-computing:us-east:a/8fd6ad12bccb4470bdbdbf3df0f65389:3a1a1f3e-2262-4790-867a-fe146c2f7f2d::,us-east,job,2025-10-10T10:21:30.234Z,2025-10-10T10:21:33.767Z,ibm_torino,2,Javier Romero Álvarez,,8fd6ad12bccb4470bdbdbf3df0f65389
d3kds8j4kkus738diakg,completed,crn:v1:bluemix:public:quantum-computing:us-east:a/8fd6ad12bccb4470bdbdbf3df0f65389:3a1a1f3e-2262-4790-867a-fe146c2f7f2d::,us-east,job,2025-10-10T10:21:22.570Z,2025-10-10T10:21:26.481Z,ibm_torino,2,Javier Romero Álvarez,,8fd6ad12bccb4470bdbdbf3df0f65389
d3kds6r4kkus738diahg,completed,crn:v1:bluemix:public:quantum-computing:us-east:a/8fd6ad12bccb4470bdbdbf3df0f65389:3a1a1f3e-2262-4790-867a-fe146c2f7f2d::,us-east,job,2025-10-10T10:21:15.067Z,2025-10-10T10:21:18.805Z,ibm_torino,2,Javier Romero Álvarez,,8fd6ad12bccb4470bdbdbf3df0f65389
d3kds4pfk6qs73emee90,completed,crn:v1:bluemix:public:quantum-computing:us-east:a/8fd6ad12bccb4470bdbdbf3df0f65389:3a1a1f3e-2262-4790-867a-fe146c2f7f2d::,us-east,job,2025-10-10T10:21:07.237Z,2025-10-10T10:21:11.385Z,ibm_torino,2,Javier Romero Álvarez,,8fd6ad12bccb4470bdbdbf3df0f65389
d3kds2r4kkus738diae0,completed,crn:v1:bluemix:public:quantum-computing:us-east:a/8fd6ad12bccb4470bdbdbf3df0f65389:3a1a1f3e-2262-4790-867a-fe146c2f7f2d::,us-east,job,2025-10-10T10:20:59.682Z,2025-10-10T10:21:03.473Z,ibm_torino,2,Javier Romero Álvarez,,8fd6ad12bccb4470bdbdbf3df0f65389
d3kdnrr4kkus738di69g,completed,crn:v1:bluemix:public:quantum-computing:us-east:a/8fd6ad12bccb4470bdbdbf3df0f65389:3a1a1f3e-2262-4790-867a-fe146c2f7f2d::,us-east,job,2025-10-10T10:11:59.478Z,2025-10-10T10:12:03.728Z,ibm_torino,2,Javier Romero Álvarez,,8fd6ad12bccb4470bdbdbf3df0f65389
d3kdnppfk6qs73eme9q0,completed,crn:v1:bluemix:public:quantum-computing:us-east:a/8fd6ad12bccb4470bdbdbf3df0f65389:3a1a1f3e-2262-4790-867a-fe146c2f7f2d::,us-east,job,2025-10-10T10:11:51.472Z,2025-10-10T10:11:55.741Z,ibm_torino,2,Javier Romero Álvarez,,8fd6ad12bccb4470bdbdbf3df0f65389
d3kdnnpfk6qs73eme9ng,completed,crn:v1:bluemix:public:quantum-computing:us-east:a/8fd6ad12bccb4470bdbdbf3df0f65389:3a1a1f3e-2262-4790-867a-fe146c2f7f2d::,us-east,job,2025-10-10T10:11:43.645Z,2025-10-10T10:11:47.767Z,ibm_torino,2,Javier Romero Álvarez,,8fd6ad12bccb4470bdbdbf3df0f65389
d3kdnlo3qtks7389oeb0,completed,crn:v1:bluemix:public:quantum-computing:us-east:a/8fd6ad12bccb4470bdbdbf3df0f65389:3a1a1f3e-2262-4790-867a-fe146c2f7f2d::,us-east,job,2025-10-10T10:11:35.626Z,2025-10-10T10:11:39.667Z,ibm_torino,2,Javier Romero Álvarez,,8fd6ad12bccb4470bdbdbf3df0f65389
d3kdnjpfk6qs73eme9jg,completed,crn:v1:bluemix:public:quantum-computing:us-east:a/8fd6ad12bccb4470bdbdbf3df0f65389:3a1a1f3e-2262-4790-867a-fe146c2f7f2d::,us-east,job,2025-10-10T10:11:28.012Z,2025-10-10T10:11:31.924Z,ibm_torino,2,Javier Romero Álvarez,,8fd6ad12bccb4470bdbdbf3df0f65389
d3kdnhpfk6qs73eme9hg,completed,crn:v1:bluemix:public:quantum-computing:us-east:a/8fd6ad12bccb4470bdbdbf3df0f65389:3a1a1f3e-2262-4790-867a-fe146c2f7f2d::,us-east,job,2025-10-10T10:11:19.485Z,2025-10-10T10:11:24.404Z,ibm_torino,2,Javier Romero Álvarez,,8fd6ad12bccb4470bdbdbf3df0f65389
d3kdkqj4kkus738di39g,completed,crn:v1:bluemix:public:quantum-computing:us-east:a/8fd6ad12bccb4470bdbdbf3df0f65389:3a1a1f3e-2262-4790-867a-fe146c2f7f2d::,us-east,job,2025-10-10T10:05:30.228Z,2025-10-10T10:05:34.625Z,ibm_torino,2,Javier Romero Álvarez,,8fd6ad12bccb4470bdbdbf3df0f65389
d3kd64b4kkus738dhjig,completed,crn:v1:bluemix:public:quantum-computing:us-east:a/8fd6ad12bccb4470bdbdbf3df0f65389:3a1a1f3e-2262-4790-867a-fe146c2f7f2d::,us-east,job,2025-10-10T09:34:09.470Z,2025-10-10T09:34:15.814Z,ibm_torino,4,Javier Romero Álvarez,,8fd6ad12bccb4470bdbdbf3df0f65389
d3kcvir4kkus738dhc90,completed,crn:v1:bluemix:public:quantum-computing:us-east:a/8fd6ad12bccb4470bdbdbf3df0f65389:3a1a1f3e-2262-4790-867a-fe146c2f7f2d::,us-east,job,2025-10-10T09:20:11.998Z,2025-10-10T09:20:16.180Z,ibm_torino,2,Javier Romero Álvarez,,8fd6ad12bccb4470bdbdbf3df0f65389
d3kcrvb4kkus738dh8dg,canceled,crn:v1:bluemix:public:quantum-computing:us-east:a/8fd6ad12bccb4470bdbdbf3df0f65389:3a1a1f3e-2262-4790-867a-fe146c2f7f2d::,us-east,job,2025-10-10T09:12:29.144Z,2025-10-10T09:12:47.983Z,ibm_torino,0,Javier Romero Álvarez,,8fd6ad12bccb4470bdbdbf3df0f65389
d3kcrr0dd19c738g44sg,completed,crn:v1:bluemix:public:quantum-computing:us-east:a/8fd6ad12bccb4470bdbdbf3df0f65389:3a1a1f3e-2262-4790-867a-fe146c2f7f2d::,us-east,job,2025-10-10T09:12:12.996Z,2025-10-10T09:12:25.339Z,ibm_torino,2,Javier Romero Álvarez,,8fd6ad12bccb4470bdbdbf3df0f65389
d3kco9o3qtks7389ndo0,canceled,crn:v1:bluemix:public:quantum-computing:us-east:a/8fd6ad12bccb4470bdbdbf3df0f65389:3a1a1f3e-2262-4790-867a-fe146c2f7f2d::,us-east,job,2025-10-10T09:04:39.955Z,2025-10-10T09:05:35.222Z,ibm_torino,0,Javier Romero Álvarez,,8fd6ad12bccb4470bdbdbf3df0f65389
d3jpi3o3qtks73894skg,failed,crn:v1:bluemix:public:quantum-computing:us-east:a/8fd6ad12bccb4470bdbdbf3df0f65389:3a1a1f3e-2262-4790-867a-fe146c2f7f2d::,us-east,job,2025-10-09T11:14:24.084Z,2025-10-09T12:12:18.336Z,ibm_torino,0,Javier Romero Álvarez,,8fd6ad12bccb4470bdbdbf3df0f65389
d3jnmho3qtks738936a0,failed,crn:v1:bluemix:public:quantum-computing:us-east:a/8fd6ad12bccb4470bdbdbf3df0f65389:3a1a1f3e-2262-4790-867a-fe146c2f7f2d::,us-east,job,2025-10-09T09:07:19.737Z,2025-10-09T09:22:29.331Z,ibm_torino,0,Javier Romero Álvarez,,8fd6ad12bccb4470bdbdbf3df0f65389
d3j46m9fk6qs73el6b40,completed,crn:v1:bluemix:public:quantum-computing:us-east:a/8fd6ad12bccb4470bdbdbf3df0f65389:3a1a1f3e-2262-4790-867a-fe146c2f7f2d::,us-east,job,2025-10-08T10:56:25.346Z,2025-10-08T10:57:44.111Z,ibm_torino,34,Javier Romero Álvarez,,8fd6ad12bccb4470bdbdbf3df0f65389
d3j3uhb4kkus738c9v7g,completed,crn:v1:bluemix:public:quantum-computing:us-east:a/8fd6ad12bccb4470bdbdbf3df0f65389:3a1a1f3e-2262-4790-867a-fe146c2f7f2d::,us-east,job,2025-10-08T10:39:01.112Z,2025-10-08T10:40:31.466Z,ibm_torino,13,Javier Romero Álvarez,,8fd6ad12bccb4470bdbdbf3df0f65389
d3j3reb4kkus738c9sag,completed,crn:v1:bluemix:public:quantum-computing:us-east:a/8fd6ad12bccb4470bdbdbf3df0f65389:3a1a1f3e-2262-4790-867a-fe146c2f7f2d::,us-east,job,2025-10-08T10:32:25.696Z,2025-10-08T10:33:26.170Z,ibm_torino,12,Javier Romero Álvarez,,8fd6ad12bccb4470bdbdbf3df0f65389
d3j3p7odd19c738esor0,completed,crn:v1:bluemix:public:quantum-computing:us-east:a/8fd6ad12bccb4470bdbdbf3df0f65389:3a1a1f3e-2262-4790-867a-fe146c2f7f2d::,us-east,job,2025-10-08T10:27:43.355Z,2025-10-08T10:28:05.048Z,ibm_torino,4,Javier Romero Álvarez,,8fd6ad12bccb4470bdbdbf3df0f65389
d3j3n7pfk6qs73el5svg,completed,crn:v1:bluemix:public:quantum-computing:us-east:a/8fd6ad12bccb4470bdbdbf3df0f65389:3a1a1f3e-2262-4790-867a-fe146c2f7f2d::,us-east,job,2025-10-08T10:23:27.972Z,2025-10-08T10:24:36.090Z,ibm_torino,4,Javier Romero Álvarez,,8fd6ad12bccb4470bdbdbf3df0f65389
d3j3lmo3qtks7388fu30,completed,crn:v1:bluemix:public:quantum-computing:us-east:a/8fd6ad12bccb4470bdbdbf3df0f65389:3a1a1f3e-2262-4790-867a-fe146c2f7f2d::,us-east,job,2025-10-08T10:20:11.693Z,2025-10-08T10:20:18.700Z,ibm_torino,3,Javier Romero Álvarez,,8fd6ad12bccb4470bdbdbf3df0f65389
d3j3iq1fk6qs73el5org,completed,crn:v1:bluemix:public:quantum-computing:us-east:a/8fd6ad12bccb4470bdbdbf3df0f65389:3a1a1f3e-2262-4790-867a-fe146c2f7f2d::,us-east,job,2025-10-08T10:14:00.401Z,2025-10-08T10:14:13.090Z,ibm_torino,3,Javier Romero Álvarez,,8fd6ad12bccb4470bdbdbf3df0f65389
d3j1tr0dd19c738er2sg,completed,crn:v1:bluemix:public:quantum-computing:us-east:a/8fd6ad12bccb4470bdbdbf3df0f65389:3a1a1f3e-2262-4790-867a-fe146c2f7f2d::,us-east,job,2025-10-08T08:21:00.953Z,2025-10-08T08:21:06.952Z,ibm_torino,2,Javier Romero Álvarez,,8fd6ad12bccb4470bdbdbf3df0f65389
d3idugs1nk1s739pd9f0,failed,crn:v1:bluemix:public:quantum-computing:us-east:a/8fd6ad12bccb4470bdbdbf3df0f65389:3a1a1f3e-2262-4790-867a-fe146c2f7f2d::,us-east,job,2025-10-07T09:37:07.807Z,2025-10-07T09:37:57.962Z,ibm_torino,0,Javier Romero Álvarez,,8fd6ad12bccb4470bdbdbf3df0f65389
d3id2ks1nk1s739pcec0,completed,crn:v1:bluemix:public:quantum-computing:us-east:a/8fd6ad12bccb4470bdbdbf3df0f65389:3a1a1f3e-2262-4790-867a-fe146c2f7f2d::,us-east,job,2025-10-07T08:37:39.594Z,2025-10-07T08:38:48.687Z,ibm_torino,9,Javier Romero Álvarez,,8fd6ad12bccb4470bdbdbf3df0f65389
d3hpkha0uq0c73d797ng,failed,crn:v1:bluemix:public:quantum-computing:us-east:a/8fd6ad12bccb4470bdbdbf3df0f65389:3a1a1f3e-2262-4790-867a-fe146c2f7f2d::,us-east,job,2025-10-06T10:30:29.767Z,2025-10-06T10:31:20.706Z,ibm_torino,0,Javier Romero Álvarez,,8fd6ad12bccb4470bdbdbf3df0f65389
d3hom1pb641c738mf75g,completed,crn:v1:bluemix:public:quantum-computing:us-east:a/8fd6ad12bccb4470bdbdbf3df0f65389:3a1a1f3e-2262-4790-867a-fe146c2f7f2d::,us-east,job,2025-10-06T09:25:28.077Z,2025-10-06T09:26:31.022Z,ibm_torino,8,Javier Romero Álvarez,,8fd6ad12bccb4470bdbdbf3df0f65389
d3hnsr20uq0c73d77lg0,completed,crn:v1:bluemix:public:quantum-computing:us-east:a/8fd6ad12bccb4470bdbdbf3df0f65389:3a1a1f3e-2262-4790-867a-fe146c2f7f2d::,us-east,job,2025-10-06T08:31:41.146Z,2025-10-06T08:32:38.001Z,ibm_torino,7,Javier Romero Álvarez,,8fd6ad12bccb4470bdbdbf3df0f65389
d3fq7bhi8kms738rtbtg,failed,crn:v1:bluemix:public:quantum-computing:us-east:a/8fd6ad12bccb4470bdbdbf3df0f65389:3a1a1f3e-2262-4790-867a-fe146c2f7f2d::,us-east,job,2025-10-03T10:21:34.470Z,2025-10-03T10:22:36.236Z,ibm_torino,0,Javier Romero Álvarez,,8fd6ad12bccb4470bdbdbf3df0f65389
d3fp9rpb641c738ki8m0,completed,crn:v1:bluemix:public:quantum-computing:us-east:a/8fd6ad12bccb4470bdbdbf3df0f65389:3a1a1f3e-2262-4790-867a-fe146c2f7f2d::,us-east,job,2025-10-03T09:18:40.013Z,2025-10-03T09:19:13.954Z,ibm_torino,6,Javier Romero Álvarez,,8fd6ad12bccb4470bdbdbf3df0f65389
d3fp0g20uq0c73d5b4sg,completed,crn:v1:bluemix:public:quantum-computing:us-east:a/8fd6ad12bccb4470bdbdbf3df0f65389:3a1a1f3e-2262-4790-867a-fe146c2f7f2d::,us-east,job,2025-10-03T08:58:40.975Z,2025-10-03T08:58:56.162Z,ibm_torino,3,Javier Romero Álvarez,,8fd6ad12bccb4470bdbdbf3df0f65389
d3fovec1nk1s739ms42g,completed,crn:v1:bluemix:public:quantum-computing:us-east:a/8fd6ad12bccb4470bdbdbf3df0f65389:3a1a1f3e-2262-4790-867a-fe146c2f7f2d::,us-east,job,2025-10-03T08:56:25.786Z,2025-10-03T08:56:34.819Z,ibm_torino,2,Javier Romero Álvarez,,8fd6ad12bccb4470bdbdbf3df0f65389
d3fotri0uq0c73d5b2h0,completed,crn:v1:bluemix:public:quantum-computing:us-east:a/8fd6ad12bccb4470bdbdbf3df0f65389:3a1a1f3e-2262-4790-867a-fe146c2f7f2d::,us-east,job,2025-10-03T08:53:02.474Z,2025-10-03T08:53:12.472Z,ibm_torino,2,Javier Romero Álvarez,,8fd6ad12bccb4470bdbdbf3df0f65389
d3eg4p20uq0c73d42vsg,completed,crn:v1:bluemix:public:quantum-computing:us-east:a/8fd6ad12bccb4470bdbdbf3df0f65389:3a1a1f3e-2262-4790-867a-fe146c2f7f2d::,us-east,job,2025-10-01T10:28:52.166Z,2025-10-01T10:29:03.295Z,ibm_torino,4,Javier Romero Álvarez,,8fd6ad12bccb4470bdbdbf3df0f65389
d3eg4n20uq0c73d42vr0,completed,crn:v1:bluemix:public:quantum-computing:us-east:a/8fd6ad12bccb4470bdbdbf3df0f65389:3a1a1f3e-2262-4790-867a-fe146c2f7f2d::,us-east,job,2025-10-01T10:28:44.513Z,2025-10-01T10:28:58.520Z,ibm_torino,4,Javier Romero Álvarez,,8fd6ad12bccb4470bdbdbf3df0f65389
d3eg4m1i8kms738qk3j0,completed,crn:v1:bluemix:public:quantum-computing:us-east:a/8fd6ad12bccb4470bdbdbf3df0f65389:3a1a1f3e-2262-4790-867a-fe146c2f7f2d::,us-east,job,2025-10-01T10:28:40.727Z,2025-10-01T10:28:54.943Z,ibm_torino,4,Javier Romero Álvarez,,8fd6ad12bccb4470bdbdbf3df0f65389
d3eg4l1i8kms738qk3i0,completed,crn:v1:bluemix:public:quantum-computing:us-east:a/8fd6ad12bccb4470bdbdbf3df0f65389:3a1a1f3e-2262-4790-867a-fe146c2f7f2d::,us-east,job,2025-10-01T10:28:36.884Z,2025-10-01T10:28:51.183Z,ibm_torino,4,Javier Romero Álvarez,,8fd6ad12bccb4470bdbdbf3df0f65389
d3eg1dhi8kms738qk0eg,completed,crn:v1:bluemix:public:quantum-computing:us-east:a/8fd6ad12bccb4470bdbdbf3df0f65389:3a1a1f3e-2262-4790-867a-fe146c2f7f2d::,us-east,job,2025-10-01T10:21:42.229Z,2025-10-01T10:28:43.621Z,ibm_torino,4,Javier Romero Álvarez,,8fd6ad12bccb4470bdbdbf3df0f65389
d3eg1bpi8kms738qk0cg,completed,crn:v1:bluemix:public:quantum-computing:us-east:a/8fd6ad12bccb4470bdbdbf3df0f65389:3a1a1f3e-2262-4790-867a-fe146c2f7f2d::,us-east,job,2025-10-01T10:21:35.785Z,2025-10-01T10:28:39.856Z,ibm_torino,4,Javier Romero Álvarez,,8fd6ad12bccb4470bdbdbf3df0f65389
d3eg1a1i8kms738qk0b0,completed,crn:v1:bluemix:public:quantum-computing:us-east:a/8fd6ad12bccb4470bdbdbf3df0f65389:3a1a1f3e-2262-4790-867a-fe146c2f7f2d::,us-east,job,2025-10-01T10:21:28.392Z,2025-10-01T10:28:36.081Z,ibm_torino,4,Javier Romero Álvarez,,8fd6ad12bccb4470bdbdbf3df0f65389
d3efvnk1nk1s739ljpv0,completed,crn:v1:bluemix:public:quantum-computing:us-east:a/8fd6ad12bccb4470bdbdbf3df0f65389:3a1a1f3e-2262-4790-867a-fe146c2f7f2d::,us-east,job,2025-10-01T10:18:06.402Z,2025-10-01T10:18:29.843Z,ibm_torino,4,Javier Romero Álvarez,,8fd6ad12bccb4470bdbdbf3df0f65389
d3efvmhi8kms738qjumg,completed,crn:v1:bluemix:public:quantum-computing:us-east:a/8fd6ad12bccb4470bdbdbf3df0f65389:3a1a1f3e-2262-4790-867a-fe146c2f7f2d::,us-east,job,2025-10-01T10:18:02.522Z,2025-10-01T10:18:26.160Z,ibm_torino,4,Javier Romero Álvarez,,8fd6ad12bccb4470bdbdbf3df0f65389
d3efvghb641c738j9k10,completed,crn:v1:bluemix:public:quantum-computing:us-east:a/8fd6ad12bccb4470bdbdbf3df0f65389:3a1a1f3e-2262-4790-867a-fe146c2f7f2d::,us-east,job,2025-10-01T10:17:38.746Z,2025-10-01T10:18:09.179Z,ibm_torino,4,Javier Romero Álvarez,,8fd6ad12bccb4470bdbdbf3df0f65389
d3efves1nk1s739ljpm0,completed,crn:v1:bluemix:public:quantum-computing:us-east:a/8fd6ad12bccb4470bdbdbf3df0f65389:3a1a1f3e-2262-4790-867a-fe146c2f7f2d::,us-east,job,2025-10-01T10:17:31.880Z,2025-10-01T10:18:05.499Z,ibm_torino,4,Javier Romero Álvarez,,8fd6ad12bccb4470bdbdbf3df0f65389
d3efvd1b641c738j9jtg,completed,crn:v1:bluemix:public:quantum-computing:us-east:a/8fd6ad12bccb4470bdbdbf3df0f65389:3a1a1f3e-2262-4790-867a-fe146c2f7f2d::,us-east,job,2025-10-01T10:17:24.255Z,2025-10-01T10:18:01.625Z,ibm_torino,6,Javier Romero Álvarez,,8fd6ad12bccb4470bdbdbf3df0f65389
d3eft0c1nk1s739ljn90,completed,crn:v1:bluemix:public:quantum-computing:us-east:a/8fd6ad12bccb4470bdbdbf3df0f65389:3a1a1f3e-2262-4790-867a-fe146c2f7f2d::,us-east,job,2025-10-01T10:12:17.960Z,2025-10-01T10:13:46.326Z,ibm_torino,6,Javier Romero Álvarez,,8fd6ad12bccb4470bdbdbf3df0f65389
d3efsgq0uq0c73d42o30,completed,crn:v1:bluemix:public:quantum-computing:us-east:a/8fd6ad12bccb4470bdbdbf3df0f65389:3a1a1f3e-2262-4790-867a-fe146c2f7f2d::,us-east,job,2025-10-01T10:11:15.619Z,2025-10-01T10:13:02.300Z,ibm_torino,6,Javier Romero Álvarez,,8fd6ad12bccb4470bdbdbf3df0f65389
d3efsfi0uq0c73d42o10,completed,crn:v1:bluemix:public:quantum-computing:us-east:a/8fd6ad12bccb4470bdbdbf3df0f65389:3a1a1f3e-2262-4790-867a-fe146c2f7f2d::,us-east,job,2025-10-01T10:11:10.344Z,2025-10-01T10:12:21.010Z,ibm_torino,5,Javier Romero Álvarez,,8fd6ad12bccb4470bdbdbf3df0f65389
d3efsd9b641c738j9h4g,completed,crn:v1:bluemix:public:quantum-computing:us-east:a/8fd6ad12bccb4470bdbdbf3df0f65389:3a1a1f3e-2262-4790-867a-fe146c2f7f2d::,us-east,job,2025-10-01T10:11:01.203Z,2025-10-01T10:12:16.979Z,ibm_torino,6,Javier Romero Álvarez,,8fd6ad12bccb4470bdbdbf3df0f65389
d3efqv1i8kms738qjq30,completed,crn:v1:bluemix:public:quantum-computing:us-east:a/8fd6ad12bccb4470bdbdbf3df0f65389:3a1a1f3e-2262-4790-867a-fe146c2f7f2d::,us-east,job,2025-10-01T10:07:56.446Z,2025-10-01T10:08:03.125Z,ibm_torino,5,Javier Romero Álvarez,,8fd6ad12bccb4470bdbdbf3df0f65389
d3efqthi8kms738qjq10,completed,crn:v1:bluemix:public:quantum-computing:us-east:a/8fd6ad12bccb4470bdbdbf3df0f65389:3a1a1f3e-2262-4790-867a-fe146c2f7f2d::,us-east,job,2025-10-01T10:07:50.739Z,2025-10-01T10:07:57.138Z,ibm_torino,4,Javier Romero Álvarez,,8fd6ad12bccb4470bdbdbf3df0f65389
d3efqrpb641c738j9fl0,completed,crn:v1:bluemix:public:quantum-computing:us-east:a/8fd6ad12bccb4470bdbdbf3df0f65389:3a1a1f3e-2262-4790-867a-fe146c2f7f2d::,us-east,job,2025-10-01T10:07:43.243Z,2025-10-01T10:07:49.860Z,ibm_torino,4,Javier Romero Álvarez,,8fd6ad12bccb4470bdbdbf3df0f65389
d3edmsc1nk1s739lhlug,completed,crn:v1:bluemix:public:quantum-computing:us-east:a/8fd6ad12bccb4470bdbdbf3df0f65389:3a1a1f3e-2262-4790-867a-fe146c2f7f2d::,us-east,job,2025-10-01T07:42:41.254Z,2025-10-01T07:42:50.769Z,ibm_brisbane,4,Javier Romero Álvarez,,8fd6ad12bccb4470bdbdbf3df0f65389
d3edmrhb641c738j7gc0,completed,crn:v1:bluemix:public:quantum-computing:us-east:a/8fd6ad12bccb4470bdbdbf3df0f65389:3a1a1f3e-2262-4790-867a-fe146c2f7f2d::,us-east,job,2025-10-01T07:42:38.617Z,2025-10-01T07:42:46.715Z,ibm_brisbane,4,Javier Romero Álvarez,,8fd6ad12bccb4470bdbdbf3df0f65389
d3edmqs1nk1s739lhlsg,completed,crn:v1:bluemix:public:quantum-computing:us-east:a/8fd6ad12bccb4470bdbdbf3df0f65389:3a1a1f3e-2262-4790-867a-fe146c2f7f2d::,us-east,job,2025-10-01T07:42:35.572Z,2025-10-01T07:42:42.837Z,ibm_brisbane,5,Javier Romero Álvarez,,8fd6ad12bccb4470bdbdbf3df0f65389
d3edmp9i8kms738qhq3g,completed,crn:v1:bluemix:public:quantum-computing:us-east:a/8fd6ad12bccb4470bdbdbf3df0f65389:3a1a1f3e-2262-4790-867a-fe146c2f7f2d::,us-east,job,2025-10-01T07:42:29.896Z,2025-10-01T07:42:36.409Z,ibm_brisbane,4,Javier Romero Álvarez,,8fd6ad12bccb4470bdbdbf3df0f65389
d3edmo1b641c738j7g8g,completed,crn:v1:bluemix:public:quantum-computing:us-east:a/8fd6ad12bccb4470bdbdbf3df0f65389:3a1a1f3e-2262-4790-867a-fe146c2f7f2d::,us-east,job,2025-10-01T07:42:24.839Z,2025-10-01T07:42:32.840Z,ibm_brisbane,5,Javier Romero Álvarez,,8fd6ad12bccb4470bdbdbf3df0f65389
d3edmms1nk1s739lhlog,completed,crn:v1:bluemix:public:quantum-computing:us-east:a/8fd6ad12bccb4470bdbdbf3df0f65389:3a1a1f3e-2262-4790-867a-fe146c2f7f2d::,us-east,job,2025-10-01T07:42:19.449Z,2025-10-01T07:42:26.747Z,ibm_brisbane,4,Javier Romero Álvarez,,8fd6ad12bccb4470bdbdbf3df0f65389
d3edml1i8kms738qhpvg,completed,crn:v1:bluemix:public:quantum-computing:us-east:a/8fd6ad12bccb4470bdbdbf3df0f65389:3a1a1f3e-2262-4790-867a-fe146c2f7f2d::,us-east,job,2025-10-01T07:42:12.951Z,2025-10-01T07:42:20.144Z,ibm_brisbane,4,Javier Romero Álvarez,,8fd6ad12bccb4470bdbdbf3df0f65389
d3edl541nk1s739lhk90,completed,crn:v1:bluemix:public:quantum-computing:us-east:a/8fd6ad12bccb4470bdbdbf3df0f65389:3a1a1f3e-2262-4790-867a-fe146c2f7f2d::,us-east,job,2025-10-01T07:39:00.808Z,2025-10-01T07:39:12.229Z,ibm_brisbane,5,Javier Romero Álvarez,,8fd6ad12bccb4470bdbdbf3df0f65389
d3edl2q0uq0c73d40la0,completed,crn:v1:bluemix:public:quantum-computing:us-east:a/8fd6ad12bccb4470bdbdbf3df0f65389:3a1a1f3e-2262-4790-867a-fe146c2f7f2d::,us-east,job,2025-10-01T07:38:52.072Z,2025-10-01T07:39:07.823Z,ibm_brisbane,4,Javier Romero Álvarez,,8fd6ad12bccb4470bdbdbf3df0f65389
d3edl1s1nk1s739lhk50,completed,crn:v1:bluemix:public:quantum-computing:us-east:a/8fd6ad12bccb4470bdbdbf3df0f65389:3a1a1f3e-2262-4790-867a-fe146c2f7f2d::,us-east,job,2025-10-01T07:38:47.167Z,2025-10-01T07:39:03.929Z,ibm_brisbane,4,Javier Romero Álvarez,,8fd6ad12bccb4470bdbdbf3df0f65389
d3edl0i0uq0c73d40l70,completed,crn:v1:bluemix:public:quantum-computing:us-east:a/8fd6ad12bccb4470bdbdbf3df0f65389:3a1a1f3e-2262-4790-867a-fe146c2f7f2d::,us-east,job,2025-10-01T07:38:42.634Z,2025-10-01T07:38:59.975Z,ibm_brisbane,5,Javier Romero Álvarez,,8fd6ad12bccb4470bdbdbf3df0f65389
d3edkus1nk1s739lhk20,completed,crn:v1:bluemix:public:quantum-computing:us-east:a/8fd6ad12bccb4470bdbdbf3df0f65389:3a1a1f3e-2262-4790-867a-fe146c2f7f2d::,us-east,job,2025-10-01T07:38:35.922Z,2025-10-01T07:38:43.370Z,ibm_brisbane,5,Javier Romero Álvarez,,8fd6ad12bccb4470bdbdbf3df0f65389
d3edkt1i8kms738qhodg,completed,crn:v1:bluemix:public:quantum-computing:us-east:a/8fd6ad12bccb4470bdbdbf3df0f65389:3a1a1f3e-2262-4790-867a-fe146c2f7f2d::,us-east,job,2025-10-01T07:38:28.303Z,2025-10-01T07:38:34.448Z,ibm_brisbane,4,Javier Romero Álvarez,,8fd6ad12bccb4470bdbdbf3df0f65389
d3edjhhi8kms738qhmg0,completed,crn:v1:bluemix:public:quantum-computing:us-east:a/8fd6ad12bccb4470bdbdbf3df0f65389:3a1a1f3e-2262-4790-867a-fe146c2f7f2d::,us-east,job,2025-10-01T07:35:34.767Z,2025-10-01T07:35:42.345Z,ibm_brisbane,5,Javier Romero Álvarez,,8fd6ad12bccb4470bdbdbf3df0f65389
d3edjf41nk1s739lhi1g,completed,crn:v1:bluemix:public:quantum-computing:us-east:a/8fd6ad12bccb4470bdbdbf3df0f65389:3a1a1f3e-2262-4790-867a-fe146c2f7f2d::,us-east,job,2025-10-01T07:35:24.469Z,2025-10-01T07:35:31.252Z,ibm_brisbane,4,Javier Romero Álvarez,,8fd6ad12bccb4470bdbdbf3df0f65389
d3edjd1i8kms738qhmbg,completed,crn:v1:bluemix:public:quantum-computing:us-east:a/8fd6ad12bccb4470bdbdbf3df0f65389:3a1a1f3e-2262-4790-867a-fe146c2f7f2d::,us-east,job,2025-10-01T07:35:16.393Z,2025-10-01T07:35:25.586Z,ibm_brisbane,7,Javier Romero Álvarez,,8fd6ad12bccb4470bdbdbf3df0f65389
d3edj920uq0c73d40itg,completed,crn:v1:bluemix:public:quantum-computing:us-east:a/8fd6ad12bccb4470bdbdbf3df0f65389:3a1a1f3e-2262-4790-867a-fe146c2f7f2d::,us-east,job,2025-10-01T07:35:01.068Z,2025-10-01T07:35:07.859Z,ibm_brisbane,4,Javier Romero Álvarez,,8fd6ad12bccb4470bdbdbf3df0f65389
d3edi1a0uq0c73d40h40,completed,crn:v1:bluemix:public:quantum-computing:us-east:a/8fd6ad12bccb4470bdbdbf3df0f65389:3a1a1f3e-2262-4790-867a-fe146c2f7f2d::,us-east,job,2025-10-01T07:32:21.879Z,2025-10-01T07:32:28.980Z,ibm_brisbane,5,Javier Romero Álvarez,,8fd6ad12bccb4470bdbdbf3df0f65389
d3edhu1b641c738j7aeg,completed,crn:v1:bluemix:public:quantum-computing:us-east:a/8fd6ad12bccb4470bdbdbf3df0f65389:3a1a1f3e-2262-4790-867a-fe146c2f7f2d::,us-east,job,2025-10-01T07:32:08.858Z,2025-10-01T07:32:17.336Z,ibm_brisbane,6,Javier Romero Álvarez,,8fd6ad12bccb4470bdbdbf3df0f65389
d3edhqk1nk1s739lhfr0,completed,crn:v1:bluemix:public:quantum-computing:us-east:a/8fd6ad12bccb4470bdbdbf3df0f65389:3a1a1f3e-2262-4790-867a-fe146c2f7f2d::,us-east,job,2025-10-01T07:31:54.569Z,2025-10-01T07:32:02.021Z,ibm_brisbane,5,Javier Romero Álvarez,,8fd6ad12bccb4470bdbdbf3df0f65389
d3e0srudacis73dcbms0,completed,crn:v1:bluemix:public:quantum-computing:us-east:a/8fd6ad12bccb4470bdbdbf3df0f65389:3a1a1f3e-2262-4790-867a-fe146c2f7f2d::,us-east,job,2025-09-30T17:07:59.774Z,2025-09-30T17:08:14.700Z,ibm_torino,3,Javier Romero Álvarez,,8fd6ad12bccb4470bdbdbf3df0f65389
d3drnhvc8jls73c1gqjg,completed,crn:v1:bluemix:public:quantum-computing:us-east:a/8fd6ad12bccb4470bdbdbf3df0f65389:3a1a1f3e-2262-4790-867a-fe146c2f7f2d::,us-east,job,2025-09-30T11:15:19.967Z,2025-09-30T11:15:29.190Z,ibm_torino,3,Javier Romero Álvarez,,8fd6ad12bccb4470bdbdbf3df0f65389
d3dqn7c86mts73cd8c9g,completed,crn:v1:bluemix:public:quantum-computing:us-east:a/8fd6ad12bccb4470bdbdbf3df0f65389:3a1a1f3e-2262-4790-867a-fe146c2f7f2d::,us-east,job,2025-09-30T10:06:22.027Z,2025-09-30T10:06:27.608Z,ibm_torino,2,Javier Romero Álvarez,,8fd6ad12bccb4470bdbdbf3df0f65389
d3dqk9k86mts73cd89b0,completed,crn:v1:bluemix:public:quantum-computing:us-east:a/8fd6ad12bccb4470bdbdbf3df0f65389:3a1a1f3e-2262-4790-867a-fe146c2f7f2d::,us-east,job,2025-09-30T10:00:06.893Z,2025-09-30T10:00:12.129Z,ibm_torino,3,Javier Romero Álvarez,,8fd6ad12bccb4470bdbdbf3df0f65389
d3dqgpc86mts73cd85rg,completed,crn:v1:bluemix:public:quantum-computing:us-east:a/8fd6ad12bccb4470bdbdbf3df0f65389:3a1a1f3e-2262-4790-867a-fe146c2f7f2d::,us-east,job,2025-09-30T09:52:37.623Z,2025-09-30T09:53:05.325Z,ibm_torino,8,Javier Romero Álvarez,,8fd6ad12bccb4470bdbdbf3df0f65389
d3dpss486mts73cd7js0,completed,crn:v1:bluemix:public:quantum-computing:us-east:a/8fd6ad12bccb4470bdbdbf3df0f65389:3a1a1f3e-2262-4790-867a-fe146c2f7f2d::,us-east,job,2025-09-30T09:10:08.713Z,2025-09-30T09:13:14.090Z,ibm_torino,2,Javier Romero Álvarez,,8fd6ad12bccb4470bdbdbf3df0f65389
d3dppredacis73dc4uhg,completed,crn:v1:bluemix:public:quantum-computing:us-east:a/8fd6ad12bccb4470bdbdbf3df0f65389:3a1a1f3e-2262-4790-867a-fe146c2f7f2d::,us-east,job,2025-09-30T09:03:41.759Z,2025-09-30T09:03:46.506Z,ibm_torino,2,Javier Romero Álvarez,,8fd6ad12bccb4470bdbdbf3df0f65389
d3d6efk86mts73cckv50,completed,crn:v1:bluemix:public:quantum-computing:us-east:a/8fd6ad12bccb4470bdbdbf3df0f65389:3a1a1f3e-2262-4790-867a-fe146c2f7f2d::,us-east,job,2025-09-29T11:02:22.523Z,2025-09-29T11:05:49.978Z,ibm_torino,3,Javier Romero Álvarez,,8fd6ad12bccb4470bdbdbf3df0f65389
d3d5kcc86mts73cck620,completed,crn:v1:bluemix:public:quantum-computing:us-east:a/8fd6ad12bccb4470bdbdbf3df0f65389:3a1a1f3e-2262-4790-867a-fe146c2f7f2d::,us-east,job,2025-09-29T10:06:41.217Z,2025-09-29T10:08:27.165Z,ibm_torino,3,Javier Romero Álvarez,,8fd6ad12bccb4470bdbdbf3df0f65389
d3d5f4elahfs73cvn4sg,completed,crn:v1:bluemix:public:quantum-computing:us-east:a/8fd6ad12bccb4470bdbdbf3df0f65389:3a1a1f3e-2262-4790-867a-fe146c2f7f2d::,us-east,job,2025-09-29T09:55:29.422Z,2025-09-29T09:56:32.924Z,ibm_torino,2,Javier Romero Álvarez,,8fd6ad12bccb4470bdbdbf3df0f65389
d3d5bbvc8jls73c0ren0,completed,crn:v1:bluemix:public:quantum-computing:us-east:a/8fd6ad12bccb4470bdbdbf3df0f65389:3a1a1f3e-2262-4790-867a-fe146c2f7f2d::,us-east,job,2025-09-29T09:47:27.348Z,2025-09-29T09:48:06.446Z,ibm_torino,2,Javier Romero Álvarez,,8fd6ad12bccb4470bdbdbf3df0f65389
d3d55oc86mts73ccjol0,completed,crn:v1:bluemix:public:quantum-computing:us-east:a/8fd6ad12bccb4470bdbdbf3df0f65389:3a1a1f3e-2262-4790-867a-fe146c2f7f2d::,us-east,job,2025-09-29T09:35:29.545Z,2025-09-29T09:36:36.881Z,ibm_torino,2,Javier Romero Álvarez,,8fd6ad12bccb4470bdbdbf3df0f65389
d3d52o6lahfs73cvmpkg,completed,crn:v1:bluemix:public:quantum-computing:us-east:a/8fd6ad12bccb4470bdbdbf3df0f65389:3a1a1f3e-2262-4790-867a-fe146c2f7f2d::,us-east,job,2025-09-29T09:29:04.120Z,2025-09-29T09:29:50.089Z,ibm_torino,2,Javier Romero Álvarez,,8fd6ad12bccb4470bdbdbf3df0f65389
d3d4vnvc8jls73c0r48g,completed,crn:v1:bluemix:public:quantum-computing:us-east:a/8fd6ad12bccb4470bdbdbf3df0f65389:3a1a1f3e-2262-4790-867a-fe146c2f7f2d::,us-east,job,2025-09-29T09:22:39.452Z,2025-09-29T09:23:45.075Z,ibm_torino,2,Javier Romero Álvarez,,8fd6ad12bccb4470bdbdbf3df0f65389
d3d4soc86mts73ccjgh0,completed,crn:v1:bluemix:public:quantum-computing:us-east:a/8fd6ad12bccb4470bdbdbf3df0f65389:3a1a1f3e-2262-4790-867a-fe146c2f7f2d::,us-east,job,2025-09-29T09:16:18.257Z,2025-09-29T09:17:19.207Z,ibm_torino,2,Javier Romero Álvarez,,8fd6ad12bccb4470bdbdbf3df0f65389
d3d4pn6lahfs73cvmhh0,completed,crn:v1:bluemix:public:quantum-computing:us-east:a/8fd6ad12bccb4470bdbdbf3df0f65389:3a1a1f3e-2262-4790-867a-fe146c2f7f2d::,us-east,job,2025-09-29T09:09:48.347Z,2025-09-29T09:11:13.557Z,ibm_torino,2,Javier Romero Álvarez,,8fd6ad12bccb4470bdbdbf3df0f65389
d3d4m6ulahfs73cvme60,completed,crn:v1:bluemix:public:quantum-computing:us-east:a/8fd6ad12bccb4470bdbdbf3df0f65389:3a1a1f3e-2262-4790-867a-fe146c2f7f2d::,us-east,job,2025-09-29T09:02:19.509Z,2025-09-29T09:03:09.915Z,ibm_torino,2,Javier Romero Álvarez,,8fd6ad12bccb4470bdbdbf3df0f65389
d3d4func8jls73c0qlu0,failed,crn:v1:bluemix:public:quantum-computing:us-east:a/8fd6ad12bccb4470bdbdbf3df0f65389:3a1a1f3e-2262-4790-867a-fe146c2f7f2d::,us-east,job,2025-09-29T08:48:58.334Z,2025-09-29T08:50:47.343Z,ibm_torino,0,Javier Romero Álvarez,,8fd6ad12bccb4470bdbdbf3df0f65389
d3d4bkmdacis73dbgbb0,completed,crn:v1:bluemix:public:quantum-computing:us-east:a/8fd6ad12bccb4470bdbdbf3df0f65389:3a1a1f3e-2262-4790-867a-fe146c2f7f2d::,us-east,job,2025-09-29T08:39:46.493Z,2025-09-29T08:40:53.038Z,ibm_torino,2,Javier Romero Álvarez,,8fd6ad12bccb4470bdbdbf3df0f65389
d3d45ledacis73dbg5p0,completed,crn:v1:bluemix:public:quantum-computing:us-east:a/8fd6ad12bccb4470bdbdbf3df0f65389:3a1a1f3e-2262-4790-867a-fe146c2f7f2d::,us-east,job,2025-09-29T08:27:01.615Z,2025-09-29T08:27:50.288Z,ibm_torino,2,Javier Romero Álvarez,,8fd6ad12bccb4470bdbdbf3df0f65389
d3d444fc8jls73c0qb5g,canceled,crn:v1:bluemix:public:quantum-computing:us-east:a/8fd6ad12bccb4470bdbdbf3df0f65389:3a1a1f3e-2262-4790-867a-fe146c2f7f2d::,us-east,job,2025-09-29T08:23:45.729Z,2025-09-29T08:24:10.812Z,ibm_torino,0,Javier Romero Álvarez,,8fd6ad12bccb4470bdbdbf3df0f65389
d3d3vn6dacis73dbg0c0,completed,crn:v1:bluemix:public:quantum-computing:us-east:a/8fd6ad12bccb4470bdbdbf3df0f65389:3a1a1f3e-2262-4790-867a-fe146c2f7f2d::,us-east,job,2025-09-29T08:14:20.232Z,2025-09-29T08:17:18.203Z,ibm_torino,2,Javier Romero Álvarez,,8fd6ad12bccb4470bdbdbf3df0f65389
d1nomlr3rr0s73bfi0j0,completed,crn:v1:bluemix:public:quantum-computing:us-east:a/8fd6ad12bccb4470bdbdbf3df0f65389:3a1a1f3e-2262-4790-867a-fe146c2f7f2d::,us-east,job,2025-07-10T09:43:51.437Z,2025-07-10T09:43:55.395Z,ibm_brisbane,2,Javier Romero Álvarez,,8fd6ad12bccb4470bdbdbf3df0f65389
d1nomj8t0npc73fkvg1g,completed,crn:v1:bluemix:public:quantum-computing:us-east:a/8fd6ad12bccb4470bdbdbf3df0f65389:3a1a1f3e-2262-4790-867a-fe146c2f7f2d::,us-east,job,2025-07-10T09:43:41.706Z,2025-07-10T09:43:45.600Z,ibm_brisbane,2,Javier Romero Álvarez,,8fd6ad12bccb4470bdbdbf3df0f65389
d1nomeb3rr0s73bfi0c0,completed,crn:v1:bluemix:public:quantum-computing:us-east:a/8fd6ad12bccb4470bdbdbf3df0f65389:3a1a1f3e-2262-4790-867a-fe146c2f7f2d::,us-east,job,2025-07-10T09:43:21.384Z,2025-07-10T09:43:25.883Z,ibm_brisbane,2,Javier Romero Álvarez,,8fd6ad12bccb4470bdbdbf3df0f65389
d1nombgt0npc73fkvfqg,completed,crn:v1:bluemix:public:quantum-computing:us-east:a/8fd6ad12bccb4470bdbdbf3df0f65389:3a1a1f3e-2262-4790-867a-fe146c2f7f2d::,us-east,job,2025-07-10T09:43:10.323Z,2025-07-10T09:43:14.714Z,ibm_brisbane,2,Javier Romero Álvarez,,8fd6ad12bccb4470bdbdbf3df0f65389